name,category,rating,reviews,address,lat,lng,place_id,google_maps_url,city_source,query_lang
SAQR -Cafe & Restaurant - صقر كافيه,,"4,7",,,30.8907469,31.4557414,0x14f785911a5aaa87:0x45c383e219236554,https://www.google.com/maps/place/SAQR+-Cafe+%26+Restaurant+-+%D8%B5%D9%82%D8%B1+%D9%83%D8%A7%D9%81%D9%8A%D9%87%E2%80%AD/data=!4m7!3m6!1s0x14f785911a5aaa87:0x45c383e219236554!8m2!3d30.8907469!4d31.4557414!16s%2Fg%2F11sc8dh9v7!19sChIJh6paGpGF9xQRVGUjGeKDw0U?authuser=0&hl=ar&g_ep=EgoyMDI2MDkzMC4wIJJjKgBIAVAD&rclk=1,Gamasa_suburb_south,en
بانيني كافيه - Panini Cafe,,"5,0",40,,30.885727,31.458156,0x14f78f00430a73b9:0x4694a97dc057d546,https://www.google.com/maps/place/%D8%A8%D8%A7%D9%86%D9%8A%D9%86%D9%8A+%D9%83%D8%A7%D9%81%D9%8A%D9%87+-+Panini+Cafe%E2%80%AD/data=!4m7!3m6!1s0x14f78f00430a73b9:0x4694a97dc057d546!8m2!3d30.885727!4d31.458156!16s%2Fg%2F11w7fzf7ld!19sChIJuXMKQwCP9xQRRtVXwH2plEY?authuser=0&hl=ar&g_ep=EgoyMDI2MDkzMC4wIJJjKgBIAVAD&rclk=1,Mit Salsil,ar
Elmostafa cofee,,"4,7",11,,30.8573143,31.5297702,0x14f78f56a0a87975:0xfebd66ffb4791ef7,https://www.google.com/maps/place/Elmostafa+cofee/data=!4m7!3m6!1s0x14f78f56a0a87975:0xfebd66ffb4791ef7!8m2!3d30.8573143!4d31.5297702!16s%2Fg%2F11j6zpkjqg!19sChIJdXmooFaP9xQR9x55tP9mvf4?authuser=0&hl=ar&g_ep=EgoyMDI2MDkzMC4wIJJjKgBIAVAD&rclk=1,Mit Salsil,en
كافى شوب رصيف نمرة 5,,"4,4",109,,30.8570727,31.5263615,0x14f78f3c1a69fee5:0xe587f840c744beb,https://www.google.com/maps/place/%D9%83%D8%A7%D9%81%D9%89+%D8%B4%D9%88%D8%A8+%D8%B1%D8%B5%D9%8A%D9%81+%D9%86%D9%85%D8%B1%D8%A9+5%E2%80%AD/data=!4m7!3m6!1s0x14f78f3c1a69fee5:0xe587f840c744beb!8m2!3d30.8570727!4d31.5263615!16s%2Fg%2F11h64vh1yj!19sChIJ5f5pGjyP9xQR60t0DIR_WA4?authuser=0&hl=ar&g_ep=EgoyMDI2MDkzMC4wIJJjKgBIAVAD&rclk=1,Bagour,en
كافيه المسري,,"4,5",84,,30.8380052,31.5397853,0x14f7891b168dbc0b:0x90c779382db72be2,https://www.google.com/maps/place/%D9%83%D8%A7%D9%81%D9%8A%D9%87+%D8%A7%D9%84%D9%85%D8%B3%D8%B1%D9%8A%E2%80%AD/data=!4m7!3m6!1s0x14f7891b168dbc0b:0x90c779382db72be2!8m2!3d30.8380052!4d31.5397853!16s%2Fg%2F11g1gs219n!19sChIJC7yNFhuJ9xQR4iu3LTh5x5A?authuser=0&hl=ar&g_ep=EgoyMDI2MDkzMC4wIJJjKgBIAVAD&rclk=1,Bagour,ar
بن الشتري,,"4,8",17,,30.842553,31.5744817,0x14f789a6ef2a646f:0xfded8001ff80f9fb,,Mansoura,en
alaa eldin cafe,,"4,1",,,30.8886383,31.4596717,0x14f785201ddcd257:0x726cc4dec455908e,https://www.google.com/maps/place/alaa+eldin+cafe/data=!4m7!3m6!1s0x14f785201ddcd257:0x726cc4dec455908e!8m2!3d30.8886383!4d31.4596717!16s%2Fg%2F11fppc1fkb!19sChIJV9LcHSCF9xQRjpBVxN7EbHI?authuser=0&hl=ar&g_ep=EgoyMDI2MDkzMC4wIJJjKgBIAVAD&rclk=1,Sinbillawein,en
بن بهاء - Bahaa Coffe,,"4,3",45,,30.8910893,31.4558,0x14f785d7e3edd405:0x72ec999157eca093,https://www.google.com/maps/place/%D8%A8%D9%86+%D8%A8%D9%87%D8%A7%D8%A1+-+Bahaa+Coffe%E2%80%AD/data=!4m7!3m6!1s0x14f785d7e3edd405:0x72ec999157eca093!8m2!3d30.8910893!4d31.4558!16s%2Fg%2F11lqggmzsq!19sChIJBdTt49eF9xQRk6DsV5GZ7HI?authuser=0&hl=ar&g_ep=EgoyMDI2MDkzMC4wIJJjKgBIAVAD&rclk=1,Bani Ubaid,en
AMSTERDAM. Ps. Cafe,,"5,0",2,,30.8560262,31.5300966,0x14f78f5c1b018dd9:0xcc588310f95a0967,,Mansoura,en
كافيه لاتيه Latte Cafe,,"3,8",,,30.8877745,31.4578432,0x14f78558d889cdb3:0x5c273ee32237ce15,https://www.google.com/maps/place/%D9%83%D8%A7%D9%81%D9%8A%D9%87+%D9%84%D8%A7%D8%AA%D9%8A%D9%87+Latte+Cafe%E2%80%AD/data=!4m7!3m6!1s0x14f78558d889cdb3:0x5c273ee32237ce15!8m2!3d30.8877745!4d31.4578432!16s%2Fg%2F11r8gj5wsw!19sChIJs82J2FiF9xQRFc43IuM-J1w?authuser=0&hl=ar&g_ep=EgoyMDI2MDkzMC4wIJJjKgBIAVAD&rclk=1,Gamasa_suburb_south,en
Friends cafe,,"4,0",32,,30.8938899,31.4544981,0x14f785860d003b51:0x8710c41b4645e6a7,https://www.google.com/maps/place/Friends+cafe/data=!4m7!3m6!1s0x14f785860d003b51:0x8710c41b4645e6a7!8m2!3d30.8938899!4d31.4544981!16s%2Fg%2F11h4cx1z8n!19sChIJUTsADYaF9xQRp-ZFRhvEEIc?authuser=0&hl=ar&g_ep=EgoyMDI2MDkzMC4wIJJjKgBIAVAD&rclk=1,Gamasa_suburb_south,en
باشا مصر,,"4,1",78,,30.8810248,31.4546652,0x14f78f93ac39e625:0x6eeda9d575fd96fe,https://www.google.com/maps/place/%D8%A8%D8%A7%D8%B4%D8%A7+%D9%85%D8%B5%D8%B1%E2%80%AD/data=!4m7!3m6!1s0x14f78f93ac39e625:0x6eeda9d575fd96fe!8m2!3d30.8810248!4d31.4546652!16s%2Fg%2F11j8kx1fcn!19sChIJJeY5rJOP9xQR_pb9ddWp7W4?authuser=0&hl=ar&g_ep=EgoyMDI2MDkzMC4wIJJjKgBIAVAD&rclk=1,Bagour,ar
كافيه المملكة _Kingdom Cafe,,"4,6",25,,30.8029207,31.5318964,0x14f78f6b0606e40b:0x3f2cc811e9618666,,Mansoura,en
El Rock Cafe,,"4,1",107,,30.8875793,31.457979,0x14f785583c7eef2f:0x246fa69cb89b9e13,https://www.google.com/maps/place/El+Rock+Cafe/data=!4m7!3m6!1s0x14f785583c7eef2f:0x246fa69cb89b9e13!8m2!3d30.8875793!4d31.457979!16s%2Fg%2F11cssz6sq2!19sChIJL-9-PFiF9xQRE56buJymbyQ?authuser=0&hl=ar&g_ep=EgoyMDI2MDkzMC4wIJJjKgBIAVAD&rclk=1,Mit Salsil,ar
Africano Cafe,,"3,8",92,,30.7907392,31.3979571,0x14f793b2e442aa23:0x1fc5ab52c6fdf704,,Mansoura,en
كافيتريا الأصدقاء,,"3,9",313,,30.8818708,31.4553568,0x14f78ff98c6d6549:0x61d037859a64f37f,https://www.google.com/maps/place/%D9%83%D8%A7%D9%81%D9%8A%D8%AA%D8%B1%D9%8A%D8%A7+%D8%A7%D9%84%D8%A3%D8%B5%D8%AF%D9%82%D8%A7%D8%A1%E2%80%AD/data=!4m7!3m6!1s0x14f78ff98c6d6549:0x61d037859a64f37f!8m2!3d30.8818708!4d31.4553568!16s%2Fg%2F11xblb_0z!19sChIJSWVtjPmP9xQRf_NkmoU30GE?authuser=0&hl=ar&g_ep=EgoyMDI2MDkzMC4wIJJjKgBIAVAD&rclk=1,Bani Ubaid,en
seasons.cafe,,"3,8",62,,30.8845272,31.4575257,0x14f78ff78c3a2df9:0xf231b84232b19d3a,https://www.google.com/maps/place/seasons.cafe/data=!4m7!3m6!1s0x14f78ff78c3a2df9:0xf231b84232b19d3a!8m2!3d30.8845272!4d31.4575257!16s%2Fg%2F11f3xmp4b9!19sChIJ-S06jPeP9xQROp2xMkK4MfI?authuser=0&hl=ar&g_ep=EgoyMDI2MDkzMC4wIJJjKgBIAVAD&rclk=1,Gamasa_suburb_south,en
الزعيم كافي شوب,,"4,0",61,,30.8368708,31.5369132,0x14f78f332d5e94c1:0xbca6b8697171a5ca,https://www.google.com/maps/place/%D8%A7%D9%84%D8%B2%D8%B9%D9%8A%D9%85+%D9%83%D8%A7%D9%81%D9%8A+%D8%B4%D9%88%D8%A8%E2%80%AD/data=!4m7!3m6!1s0x14f78f332d5e94c1:0xbca6b8697171a5ca!8m2!3d30.8368708!4d31.5369132!16s%2Fg%2F11dxkwbq9c!19sChIJwZReLTOP9xQRyqVxcWm4prw?authuser=0&hl=ar&g_ep=EgoyMDI2MDkzMC4wIJJjKgBIAVAD&rclk=1,Gamasa_suburb_south,en
اى بلاي كافيه,,"4,3",12,,30.8838569,31.4573298,0x14f78f6975a88ee9:0x125e373df42fc019,https://www.google.com/maps/place/%D8%A7%D9%89+%D8%A8%D9%84%D8%A7%D9%8A+%D9%83%D8%A7%D9%81%D9%8A%D9%87%E2%80%AD/data=!4m7!3m6!1s0x14f78f6975a88ee9:0x125e373df42fc019!8m2!3d30.8838569!4d31.4573298!16s%2Fg%2F11mp7jmqz2!19sChIJ6Y6odWmP9xQRGcAv9D03XhI?authuser=0&hl=ar&g_ep=EgoyMDI2MDkzMC4wIJJjKgBIAVAD&rclk=1,Mit Salsil,ar
Ouled Al-Serwi Restaurant & Cafe,,"4,9",,,30.8857453,31.4543102,0x14f78f2c36556b4b:0x8fd07a726d33f279,https://www.google.com/maps/place/Ouled+Al-Serwi+Restaurant+%26+Cafe/data=!4m7!3m6!1s0x14f78f2c36556b4b:0x8fd07a726d33f279!8m2!3d30.8857453!4d31.4543102!16s%2Fg%2F11jj2863sw!19sChIJS2tVNiyP9xQRefIzbXJ60I8?authuser=0&hl=ar&g_ep=EgoyMDI2MDkzMC4wIJJjKgBIAVAD&rclk=1,Gamasa_suburb_south,en
كوفي شوب أبو سمر,,"4,7",22,,30.8722977,31.4374017,0x14f791a54ddad243:0x1b59118a75b469c2,,Mansoura,en
كافتريا بكري,,"5,0",1,,30.8177957,31.4794961,0x14f78fa22133d4db:0x5d6d78965bec589,https://www.google.com/maps/place/%D9%83%D8%A7%D9%81%D8%AA%D8%B1%D9%8A%D8%A7+%D8%A8%D9%83%D8%B1%D9%8A%E2%80%AD/data=!4m7!3m6!1s0x14f78fa22133d4db:0x5d6d78965bec589!8m2!3d30.8177957!4d31.4794961!16s%2Fg%2F11sh5rmr22!19sChIJ29QzIaKP9xQRicW-ZYnX1gU?authuser=0&hl=ar&g_ep=EgoyMDI2MDkzMC4wIJJjKgBIAVAD&rclk=1,Bagour,en
بن شكري,,"5,0",1,,30.8332198,31.5059815,0x14f78f2f2b32b093:0xf376a69eb327f57f,https://www.google.com/maps/place/%D8%A8%D9%86+%D8%B4%D9%83%D8%B1%D9%8A%E2%80%AD/data=!4m7!3m6!1s0x14f78f2f2b32b093:0xf376a69eb327f57f!8m2!3d30.8332198!4d31.5059815!16s%2Fg%2F11p76sqjnl!19sChIJk7AyKy-P9xQRf_Uns56mdvM?authuser=0&hl=ar&g_ep=EgoyMDI2MDkzMC4wIJJjKgBIAVAD&rclk=1,Bagour,en
JOO STATION & CoFFEE,,"5,0",1,,30.8683655,31.3961618,0x14f7911269c14153:0x3025086237ee7fa,,Mansoura,en
قهوتك على المطب,,"5,0",1,,30.822009,31.4374923,0x14f79102c71fa0af:0x3aa3c553b3b31310,https://www.google.com/maps/place/%D9%82%D9%87%D9%88%D8%AA%D9%83+%D8%B9%D9%84%D9%89+%D8%A7%D9%84%D9%85%D8%B7%D8%A8%E2%80%AD/data=!4m7!3m6!1s0x14f79102c71fa0af:0x3aa3c553b3b31310!8m2!3d30.822009!4d31.4374923!16s%2Fg%2F11vknpr549!19sChIJr6AfxwKR9xQREBOzs1PFozo?authuser=0&hl=ar&g_ep=EgoyMDI2MDkzMC4wIJJjKgBIAVAD&rclk=1,Gamasa_suburb_south,en
coffee looz,,"5,0",1,,30.8793786,31.4582608,0x14f78f004a5162cd:0xb50e181f2d22f240,,Mansoura,en
قناصة ٢,,"5,0",2,,30.8083243,31.5133823,0x14f78f79ca7abfbb:0xcc59b2bd1e3036b9,,Mansoura,en
PALACE CAFE,,"5,0",4,,30.7688872,31.4601783,0x14f78d00472a77d5:0xbb71d4ee2cf40ee6,,Mansoura,en
بكداش كافيه - Bikdash coffee,,"4,0",11,,30.8884691,31.4574704,0x14f7852688bfa409:0x30753f5ecc8b4373,,Mansoura,en
Kafetria El-Shikh,,"4,6",9,,30.8714735,31.4358514,0x14f7910b7d7c89f9:0xb60b7f75085e1cac,,Mansoura,en
كافي شوب ام كلثوم,,"4,3",23,,30.9127439,31.4681765,0x14f785c84d13e599:0xa0d7a24814097e07,,Mansoura,en
Linda Cafe,,"4,8",4,,30.800529,31.6296135,0x14f8270056ef637f:0x9f743f2b11fa5ff5,,Mansoura,en
قهوه السكرية,,"4,2",19,,30.8767865,31.4641356,0x14f78febf63913af:0x97af62dd113c312f,,Mansoura,en
X waffle,,"4,9",7,,30.8793163,31.4580997,0x14f78fff02cdb1d5:0x4b075d8db8e96f46,,Mansoura,en
كافيه زين,,"5,0",7,,30.8998876,31.505738,0x14f785cf879afde1:0xd1bb0244812e6dd5,,Mansoura,en
Morno cafe,,"5,0",16,,30.7466131,31.4588899,0x14f78d00255b6105:0x7582ca902c20531b,,Mansoura,en
كافيه بازوكا,,"5,0",1,,30.7978285,31.5013821,0x14f78f000ea097e5:0x54b64fcf71319b0,,Mansoura,en
الهضبة كافيه,,"4,1",7,,30.8831311,31.4579734,0x14f78f30132ce019:0x9ee78874f86cd2c5,,Mansoura,en
البار كافيه,,"4,0",1,,30.8904848,31.4565277,0x14f785d55f86e079:0x47997c7ac0fad1ec,https://www.google.com/maps/place/%D8%A7%D9%84%D8%A8%D8%A7%D8%B1+%D9%83%D8%A7%D9%81%D9%8A%D9%87%E2%80%AD/data=!4m7!3m6!1s0x14f785d55f86e079:0x47997c7ac0fad1ec!8m2!3d30.8904848!4d31.4565277!16s%2Fg%2F11kc2_n0xj!19sChIJeeCGX9WF9xQR7NH6wHp8mUc?authuser=0&hl=ar&g_ep=EgoyMDI2MDkzMC4wIJJjKgBIAVAD&rclk=1,Bagour,en
قهوة السروى,,"3,8",160,,30.8856277,31.4544188,0x14f78ff64e291187:0x61f4607c05c3f9f7,,Mansoura,en
كافي شوب الاصدقاء*سالم الحسيني*,,"4,6",11,,30.8463299,31.5931765,0x14f78731a2299895:0xc1ec44213379ee10,,Mansoura,en
كافيه بوليكه,,"4,8",5,,30.8773775,31.4543346,0x14f78fce8c0e5a77:0x5335e88f7522b15,,Mansoura,en
مقهى,,"3,1",16,,30.8817139,31.4600459,0x14f78ff6e478295d:0x477e051b5b939068,,Mansoura,en
أ. عبدالله سمير ( أل طــــه ),,"4,3",6,,30.8177781,31.4386666,0x14f7915a6a637d41:0xf6c696d80ae71488,,Mansoura,en
كافيه كافتشينو,,"4,2",82,,30.9447781,31.5312965,0x14f784014ab2bfd3:0x40f8157442ceb915,,Mansoura,en
Alshafey cafee,,"4,1",71,,30.933526,31.3494226,0x14f799afab2fe937:0x84a910962838fd34,,Mansoura,en
جراند كافيه,,"4,5",17,,30.7508378,31.3078155,0x14f7eb6ff4b8bb5b:0x206fef44d05b9015,https://www.google.com/maps/place/%D8%AC%D8%B1%D8%A7%D9%86%D8%AF+%D9%83%D8%A7%D9%81%D9%8A%D9%87%E2%80%AD/data=!4m7!3m6!1s0x14f7eb6ff4b8bb5b:0x206fef44d05b9015!8m2!3d30.7508378!4d31.3078155!16s%2Fg%2F11r13hw82g!19sChIJW7u49G_r9xQRFZBb0ETvbyA?authuser=0&hl=ar&g_ep=EgoyMDI2MDkzMC4wIJJjKgBIAVAD&rclk=1,Bagour,en
كافتريا افندينا,,"4,0",3,,30.8859088,31.4583363,0x14f7852d7d85f88b:0x50a9754a59513685,,Mansoura,en
VIP Cafe,,"4,4",12,,30.7329383,31.4599354,0x14f78dea6d5660fb:0x95c49e62aff199c8,,Mansoura,en
روما كافيه,,"4,4",20,,30.9352906,31.345942,0x14f799e36fc8af6b:0xffde1694883e2665,,Mansoura,en
كافيه ابويارا,,"3,9",70,,30.909952,31.5753069,0x14f786e43eef92b7:0x17cad4ee7cd52a7f,,Mansoura,en
SHANZELIZE Cafe,,"5,0",5,,30.7531792,31.4573819,0x14f78d8669512695:0xe9e1cc96a8e97178,,Mansoura,en
كافيه كان يامكان,,"4,5",4,,30.7892691,31.4612754,0x14f78d987045b5d3:0xb4215345c4f1b2cc,,Mansoura,en
كافيه السلطان,,"4,8",5,,30.9479391,31.5635568,0x14f7813111c49ee5:0xf4b182146cfdf3c8,,Mansoura,en
Garam Cafe,,"3,0",5,,30.8260011,31.4203599,0x14f791940e1a5e95:0xb1e35cd9982b7a8,,Mansoura,en
معمل البان ابو عزيز,,"5,0",5,,30.8007625,31.4977969,0x14f78f0da8f8bf07:0x32fe95b1e3d3072d,,Mansoura,en
Kayo cafe,,"4,5",2,,30.7550176,31.4575955,0x14f78d003cba56df:0xdb55504dd6845d8c,,Mansoura,en
كافية Capo Sport,,"5,0",2,,30.8695123,31.3978717,0x14f79133c58c3eeb:0xf265c1af2f423da1,,Mansoura,en
COFFE ROMA,,"5,0",2,,30.8213196,31.3670787,0x14f793bab4923eed:0x178b29c526b29892,,Mansoura,en
FRÍO Restaurant & Café,,"4,3",83,,30.7527573,31.4597595,0x14f78d2870a70d11:0xe6e373cc0b965414,,Mansoura,en
كافيه تياترو,,"4,0",30,,30.9315023,31.3537531,0x14f79bfa7a5d87bb:0x88f00a9460087a28,https://www.google.com/maps/place/%D9%83%D8%A7%D9%81%D9%8A%D9%87+%D8%AA%D9%8A%D8%A7%D8%AA%D8%B1%D9%88%E2%80%AD/data=!4m7!3m6!1s0x14f79bfa7a5d87bb:0x88f00a9460087a28!8m2!3d30.9315023!4d31.3537531!16s%2Fg%2F11qg43sgt2!19sChIJu4ddevqb9xQRKHoIYJQK8Ig?authuser=0&hl=ar&g_ep=EgoyMDI2MDkzMC4wIJJjKgBIAVAD&rclk=1,Bagour,ar
Master Bucks.cafe,,"4,7",25,,30.8913706,31.2776356,0x14f79718cec00d75:0x74bbae7a878b0cc0,,Mansoura,en
الممـรɦคिiᛕــلگة,,"5,0",1,,30.9420253,31.5273288,0x14f785285d924eb1:0xf6dc0f1f2da8b3fb,https://www.google.com/maps/place/%D8%A7%D9%84%D9%85%D9%85%D9%80%E0%B8%A3%C9%A6%E0%B8%84%E0%A4%BFi%E1%9B%95%D9%80%D9%80%D9%84%DA%AF%D8%A9%E2%80%AD/data=!4m7!3m6!1s0x14f785285d924eb1:0xf6dc0f1f2da8b3fb!8m2!3d30.9420253!4d31.5273288!16s%2Fg%2F11t7lplkp5!19sChIJsU6SXSiF9xQR-7OoLR8P3PY?authuser=0&hl=ar&g_ep=EgoyMDI2MDkzMC4wIJJjKgBIAVAD&rclk=1,Faraskur,en
JABY Cafe,,"5,0",7,,30.941447,31.5248423,0x14f785728a55faaf:0xebc8efa243995a7d,,Mansoura,en
السعد كافيه,,"4,5",15,,30.9338076,31.6505807,0x14f82b51e3defaef:0x9a6f4d25783631b9,https://www.google.com/maps/place/%D8%A7%D9%84%D8%B3%D8%B9%D8%AF+%D9%83%D8%A7%D9%81%D9%8A%D9%87%E2%80%AD/data=!4m7!3m6!1s0x14f82b51e3defaef:0x9a6f4d25783631b9!8m2!3d30.9338076!4d31.6505807!16s%2Fg%2F11lglxnchb!19sChIJ7_re41Er-BQRuTE2eCVNb5o?authuser=0&hl=ar&g_ep=EgoyMDI2MDkzMC4wIJJjKgBIAVAD&rclk=1,Rasheed,en
كافتريا دارين,,"3,6",10,,30.8662538,31.5022885,0x14f78f5090a22d71:0x44c716c291d2f429,,Mansoura,en
Levels Café &Restaurant,,"4,1",765,,31.0163729,31.3759738,0x14f79dfaa574831b:0x1ed70cb2ae3eb3ee,https://www.google.com/maps/place/Levels+Caf%C3%A9+%26Restaurant/data=!4m7!3m6!1s0x14f79dfaa574831b:0x1ed70cb2ae3eb3ee!8m2!3d31.0163729!4d31.3759738!16s%2Fg%2F11rs9lwdp0!19sChIJG4N0pfqd9xQR7rM-rrIM1x4?authuser=0&hl=ar&g_ep=EgoyMDI2MDkzMC4wIJJjKgBIAVAD&rclk=1,Bagour,ar
Coffee Wizard,,"4,4",278,,31.0456228,31.3528363,0x14f79f2bf8b51cab:0xe8df5beaceae08e8,https://www.google.com/maps/place/Coffee+Wizard/data=!4m7!3m6!1s0x14f79f2bf8b51cab:0xe8df5beaceae08e8!8m2!3d31.0456228!4d31.3528363!16s%2Fg%2F11s4wv933m!19sChIJqxy1-Cuf9xQR6Aiuzupb3-g?authuser=0&hl=ar&g_ep=EgoyMDI2MDkzMC4wIJJjKgBIAVAD&rclk=1,Bagour,ar
Origo Cafe,,"4,2",852,,31.0373775,31.3610671,0x14f79dd36a4c89fd:0xd13681419e9e2751,https://www.google.com/maps/place/Origo+Cafe/data=!4m7!3m6!1s0x14f79dd36a4c89fd:0xd13681419e9e2751!8m2!3d31.0373775!4d31.3610671!16s%2Fg%2F11bx4dfp4d!19sChIJ_YlMatOd9xQRUSeenkGBNtE?authuser=0&hl=ar&g_ep=EgoyMDI2MDkzMC4wIJJjKgBIAVAD&rclk=1,Bagour,ar
OPAA Café,,"3,9",,,31.0455404,31.3506339,0x14f79e791a12758b:0x3541b9ad2dc9ebdd,https://www.google.com/maps/place/OPAA+Caf%C3%A9/data=!4m7!3m6!1s0x14f79e791a12758b:0x3541b9ad2dc9ebdd!8m2!3d31.0455404!4d31.3506339!16s%2Fg%2F11g8w93w2b!19sChIJi3USGnme9xQR3evJLa25QTU?authuser=0&hl=ar&g_ep=EgoyMDI2MDkzMC4wIJJjKgBIAVAD&rclk=1,Gamasa_suburb_south,en
Audi lounge cafe,,"4,8",127,,31.0232511,31.3942483,0x14f79dd6a88954f7:0x9a9ca0628e80c4d8,https://www.google.com/maps/place/Audi+lounge+cafe/data=!4m7!3m6!1s0x14f79dd6a88954f7:0x9a9ca0628e80c4d8!8m2!3d31.0232511!4d31.3942483!16s%2Fg%2F11pypthw9g!19sChIJ91SJqNad9xQR2MSAjmKgnJo?authuser=0&hl=ar&g_ep=EgoyMDI2MDkzMC4wIJJjKgBIAVAD&rclk=1,Dekernes,ar
لا دولشي فيتا,,"3,8",774,,31.0373698,31.3950051,0x14f79da61c9eb43d:0xfda5b802493c627,https://www.google.com/maps/place/%D9%84%D8%A7+%D8%AF%D9%88%D9%84%D8%B4%D9%8A+%D9%81%D9%8A%D8%AA%D8%A7%E2%80%AD/data=!4m7!3m6!1s0x14f79da61c9eb43d:0xfda5b802493c627!8m2!3d31.0373698!4d31.3950051!16s%2Fg%2F11cp675133!19sChIJPbSeHKad9xQRJ8aTJIBb2g8?authuser=0&hl=ar&g_ep=EgoyMDI2MDkzMC4wIJJjKgBIAVAD&rclk=1,Manzala,ar
بوليفارد,,"4,4",410,,31.0453457,31.3519962,0x14f79fdde180676b:0x62ea13d6234ede7d,https://www.google.com/maps/place/%D8%A8%D9%88%D9%84%D9%8A%D9%81%D8%A7%D8%B1%D8%AF%E2%80%AD/data=!4m7!3m6!1s0x14f79fdde180676b:0x62ea13d6234ede7d!8m2!3d31.0453457!4d31.3519962!16s%2Fg%2F11p0sl5j5m!19sChIJa2eA4d2f9xQRfd5OI9YT6mI?authuser=0&hl=ar&g_ep=EgoyMDI2MDkzMC4wIJJjKgBIAVAD&rclk=1,Bagour,ar
Simple cafe,,"4,2",90,,31.0313297,31.3559406,0x14f79dc40a0c0a4f:0xbc70eb89c59df1ce,https://www.google.com/maps/place/Simple+cafe/data=!4m7!3m6!1s0x14f79dc40a0c0a4f:0xbc70eb89c59df1ce!8m2!3d31.0313297!4d31.3559406!16s%2Fg%2F11rwp_tnvb!19sChIJTwoMCsSd9xQRzvGdxYnrcLw?authuser=0&hl=ar&g_ep=EgoyMDI2MDkzMC4wIJJjKgBIAVAD&rclk=1,Bagour,ar
Sloth Drinks,,"4,4",55,,31.0460091,31.3557132,0x14f79d8bf394a1e9:0xa579ae6064bdd52d,,Mansoura,ar
La Roka,,"4,0",328,,31.0604153,31.401046,0x14f79d148947ec23:0x5a0e16357a6391d2,https://www.google.com/maps/place/La+Roka/data=!4m7!3m6!1s0x14f79d148947ec23:0x5a0e16357a6391d2!8m2!3d31.0604153!4d31.401046!16s%2Fg%2F11gn21q3vt!19sChIJI-xHiRSd9xQR0pFjejUWDlo?authuser=0&hl=ar&g_ep=EgoyMDI2MDkzMC4wIJJjKgBIAVAD&rclk=1,Bagour,ar
Loca Blanco,,"3,9",386,,31.0627155,31.4023615,0x14f79da94c45d133:0x49ed7b8e24aaf61d,https://www.google.com/maps/place/Loca+Blanco/data=!4m7!3m6!1s0x14f79da94c45d133:0x49ed7b8e24aaf61d!8m2!3d31.0627155!4d31.4023615!16s%2Fg%2F11nn0gr9sg!19sChIJM9FFTKmd9xQRHfaqJI577Uk?authuser=0&hl=ar&g_ep=EgoyMDI2MDkzMC4wIJJjKgBIAVAD&rclk=1,Talkha,ar
Moods Restaurant and Cafe,,"4,1",,,31.0460018,31.3700726,0x14f79dc5c90c204b:0x1814ff72bbcbde56,https://www.google.com/maps/place/Moods+Restaurant+and+Cafe/data=!4m7!3m6!1s0x14f79dc5c90c204b:0x1814ff72bbcbde56!8m2!3d31.0460018!4d31.3700726!16s%2Fg%2F11hcfpstw1!19sChIJSyAMycWd9xQRVt7Lu3L_FBg?authuser=0&hl=ar&g_ep=EgoyMDI2MDkzMC4wIJJjKgBIAVAD&rclk=1,Gamasa_suburb_south,en
Space Art Cafe,,"4,5",142,,31.035765,31.3577936,0x14f79d433609fc6d:0x193341916c712ff,https://www.google.com/maps/place/Space+Art+Cafe/data=!4m7!3m6!1s0x14f79d433609fc6d:0x193341916c712ff!8m2!3d31.035765!4d31.3577936!16s%2Fg%2F11f11p7x3j!19sChIJbfwJNkOd9xQR_xLHFhk0kwE?authuser=0&hl=ar&g_ep=EgoyMDI2MDkzMC4wIJJjKgBIAVAD&rclk=1,Bagour,ar
TUBA Café and restaurant,,"4,1",53,,31.0241473,31.3940464,0x14f79ddf7a5ebc9b:0xc6f761a77d0a1505,https://www.google.com/maps/place/TUBA+Caf%C3%A9+and+restaurant/data=!4m7!3m6!1s0x14f79ddf7a5ebc9b:0xc6f761a77d0a1505!8m2!3d31.0241473!4d31.3940464!16s%2Fg%2F11l3bl0q52!19sChIJm7xeet-d9xQRBRUKfadh98Y?authuser=0&hl=ar&g_ep=EgoyMDI2MDkzMC4wIJJjKgBIAVAD&rclk=1,Bagour,ar
coffee lab,,"4,2",196,,31.0454146,31.3524065,0x14f79fcc0debe723:0x147d33f8ef844dcf,https://www.google.com/maps/place/coffee+lab/data=!4m7!3m6!1s0x14f79fcc0debe723:0x147d33f8ef844dcf!8m2!3d31.0454146!4d31.3524065!16s%2Fg%2F11rhh1lp_1!19sChIJI-frDcyf9xQRz02E7_gzfRQ?authuser=0&hl=ar&g_ep=EgoyMDI2MDkzMC4wIJJjKgBIAVAD&rclk=1,Bagour,ar
StoneYard Restaurant,,"4,1",,,31.0375224,31.3558941,0x14f79c2e965f2a2b:0xe40902f36db95a15,https://www.google.com/maps/place/StoneYard+Restaurant/data=!4m7!3m6!1s0x14f79c2e965f2a2b:0xe40902f36db95a15!8m2!3d31.0375224!4d31.3558941!16s%2Fg%2F11dxs457z4!19sChIJKypfli6c9xQRFVq5bfMCCeQ?authuser=0&hl=ar&g_ep=EgoyMDI2MDkzMC4wIJJjKgBIAVAD&rclk=1,Gamasa_suburb_south,en
Mokka cafe كافية موكا,,"3,8",266,,31.0245201,31.3940262,0x14f79dc6b167314f:0x5fc8c07a8f5a3b7f,https://www.google.com/maps/place/Mokka+cafe+%D9%83%D8%A7%D9%81%D9%8A%D8%A9+%D9%85%D9%88%D9%83%D8%A7%E2%80%AD/data=!4m7!3m6!1s0x14f79dc6b167314f:0x5fc8c07a8f5a3b7f!8m2!3d31.0245201!4d31.3940262!16s%2Fg%2F11rgh4rrl1!19sChIJTzFnscad9xQRfztaj3rAyF8?authuser=0&hl=ar&g_ep=EgoyMDI2MDkzMC4wIJJjKgBIAVAD&rclk=1,Bagour,ar
DIBO CAFE,,"4,4",60,,31.038464,31.3623305,0x14f79d6b997373a5:0x5f7b53c45ab42dae,https://www.google.com/maps/place/DIBO+CAFE/data=!4m7!3m6!1s0x14f79d6b997373a5:0x5f7b53c45ab42dae!8m2!3d31.038464!4d31.3623305!16s%2Fg%2F11qm63pzql!19sChIJpXNzmWud9xQRri20WsRTe18?authuser=0&hl=ar&g_ep=EgoyMDI2MDkzMC4wIJJjKgBIAVAD&rclk=1,Bagour,ar
Stello D' Mero,,"4,0",335,,31.0571166,31.4041861,0x14f79d7997c332b1:0x2fd6e30f2c92aba,https://www.google.com/maps/place/Stello+D%27+Mero/data=!4m7!3m6!1s0x14f79d7997c332b1:0x2fd6e30f2c92aba!8m2!3d31.0571166!4d31.4041861!16s%2Fg%2F11c6vcvp69!19sChIJsTLDl3md9xQRuirJ8jBu_QI?authuser=0&hl=ar&g_ep=EgoyMDI2MDkzMC4wIJJjKgBIAVAD&rclk=1,Bagour,ar
Da Vinci,,"3,9",417,,31.0334615,31.3577584,0x14f79c2bb5e6b2bd:0xe9d79c31b30ea9c6,https://www.google.com/maps/place/Da+Vinci/data=!4m7!3m6!1s0x14f79c2bb5e6b2bd:0xe9d79c31b30ea9c6!8m2!3d31.0334615!4d31.3577584!16s%2Fg%2F11bx4cvy60!19sChIJvbLmtSuc9xQRxqkOszGc1-k?authuser=0&hl=ar&g_ep=EgoyMDI2MDkzMC4wIJJjKgBIAVAD&rclk=1,Bagour,ar
Fidel Castro Cuban cafe,,"4,3",175,,31.0451282,31.3942907,0x14f79d17ecfbcdb5:0xf5fdd024b3628a9f,https://www.google.com/maps/place/Fidel+Castro+Cuban+cafe/data=!4m7!3m6!1s0x14f79d17ecfbcdb5:0xf5fdd024b3628a9f!8m2!3d31.0451282!4d31.3942907!16s%2Fg%2F11h057l3rf!19sChIJtc377Bed9xQRn4pisyTQ_fU?authuser=0&hl=ar&g_ep=EgoyMDI2MDkzMC4wIJJjKgBIAVAD&rclk=1,Bagour,ar
Dome cafè,,"3,9",120,,31.0515302,31.3989807,0x14f79d9de20551bd:0x83b5dd210a787590,https://www.google.com/maps/place/Dome+caf%C3%A8/data=!4m7!3m6!1s0x14f79d9de20551bd:0x83b5dd210a787590!8m2!3d31.0515302!4d31.3989807!16s%2Fg%2F11c7t18rsp!19sChIJvVEF4p2d9xQRkHV4CiHdtYM?authuser=0&hl=ar&g_ep=EgoyMDI2MDkzMC4wIJJjKgBIAVAD&rclk=1,Talkha,ar
Bremer,,"4,5",3924,,31.0443251,31.36549,0x14f79dd01c551c39:0x56b88bb95edc3b93,https://www.google.com/maps/place/Bremer/data=!4m7!3m6!1s0x14f79dd01c551c39:0x56b88bb95edc3b93!8m2!3d31.0443251!4d31.36549!16s%2Fg%2F11b_2qk1bn!19sChIJORxVHNCd9xQRkzvcXrmLuFY?authuser=0&hl=ar&g_ep=EgoyMDI2MDkzMC4wIJJjKgBIAVAD&rclk=1,Gamasa_suburb_south,en
RIVO COFFEE,,"4,1",90,,31.0375625,31.3624375,0x14f79d9435cc2ea1:0xbe05712587e8eb45,https://www.google.com/maps/place/RIVO+COFFEE/data=!4m7!3m6!1s0x14f79d9435cc2ea1:0xbe05712587e8eb45!8m2!3d31.0375625!4d31.3624375!16s%2Fg%2F11rchg_704!19sChIJoS7MNZSd9xQRRevohyVxBb4?authuser=0&hl=ar&g_ep=EgoyMDI2MDkzMC4wIJJjKgBIAVAD&rclk=1,Bagour,ar
لاتيه كافيه (Latte Coffee (306,,"4,7",11,,31.042137,31.3949145,0x14f79de82e47b843:0x966b9b58f18933c9,https://www.google.com/maps/place/%D9%84%D8%A7%D8%AA%D9%8A%D9%87+%D9%83%D8%A7%D9%81%D9%8A%D9%87+%28Latte+Coffee+%28306%E2%80%AD/data=!4m7!3m6!1s0x14f79de82e47b843:0x966b9b58f18933c9!8m2!3d31.042137!4d31.3949145!16s%2Fg%2F11lm11gl_l!19sChIJQ7hHLuid9xQRyTOJ8Viba5Y?authuser=0&hl=ar&g_ep=EgoyMDI2MDkzMC4wIJJjKgBIAVAD&rclk=1,Talkha,ar
Seven Heaven Cafe,,"4,2",88,,31.0360072,31.3669471,0x14f79dcd6aeb3a5f:0x2e57bf5783e734e4,https://www.google.com/maps/place/Seven+Heaven+Cafe/data=!4m7!3m6!1s0x14f79dcd6aeb3a5f:0x2e57bf5783e734e4!8m2!3d31.0360072!4d31.3669471!16s%2Fg%2F11fy95_j5q!19sChIJXzrras2d9xQR5DTng1e_Vy4?authuser=0&hl=ar&g_ep=EgoyMDI2MDkzMC4wIJJjKgBIAVAD&rclk=1,Talkha,ar
ALBERO CAFE,,"4,7",31,,31.037878,31.3665218,0x14f79d8a3a3aeac3:0x4a994338ade35581,https://www.google.com/maps/place/ALBERO+CAFE/data=!4m7!3m6!1s0x14f79d8a3a3aeac3:0x4a994338ade35581!8m2!3d31.037878!4d31.3665218!16s%2Fg%2F11ll9xlsh0!19sChIJw-o6Ooqd9xQRgVXjrThDmUo?authuser=0&hl=ar&g_ep=EgoyMDI2MDkzMC4wIJJjKgBIAVAD&rclk=1,Talkha,ar
Up family cafe,,"4,5",147,,31.0343398,31.3576555,0x14f79dee56ac8f53:0x22895ace36f29d67,https://www.google.com/maps/place/Up+family+cafe/data=!4m7!3m6!1s0x14f79dee56ac8f53:0x22895ace36f29d67!8m2!3d31.0343398!4d31.3576555!16s%2Fg%2F11h1yh16xy!19sChIJU4-sVu6d9xQRZ53yNs5aiSI?authuser=0&hl=ar&g_ep=EgoyMDI2MDkzMC4wIJJjKgBIAVAD&rclk=1,Bagour,ar
Coffee Bear,,"3,6",102,,31.0528524,31.4028348,0x14f79d235bb7c01d:0xa1ff361022637f55,,Mansoura,ar
VERT CAFE,,"4,3",58,,31.0459442,31.3632678,0x14f79df625a1c20d:0xe4971b9356660ea5,https://www.google.com/maps/place/VERT+CAFE/data=!4m7!3m6!1s0x14f79df625a1c20d:0xe4971b9356660ea5!8m2!3d31.0459442!4d31.3632678!16s%2Fg%2F11rh6mqx5l!19sChIJDcKhJfad9xQRpQ5mVpMbl-Q?authuser=0&hl=ar&g_ep=EgoyMDI2MDkzMC4wIJJjKgBIAVAD&rclk=1,Bagour,ar
فصلة,,"4,1",87,,31.0376598,31.3614599,0x14f79dd31282245d:0x62c0626b5210222b,https://www.google.com/maps/place/%D9%81%D8%B5%D9%84%D8%A9%E2%80%AD/data=!4m7!3m6!1s0x14f79dd31282245d:0x62c0626b5210222b!8m2!3d31.0376598!4d31.3614599!16s%2Fg%2F11cnzbzwpc!19sChIJXSSCEtOd9xQRKyIQUmtiwGI?authuser=0&hl=ar&g_ep=EgoyMDI2MDkzMC4wIJJjKgBIAVAD&rclk=1,Bagour,ar
كافيه الكورنيش,,"4,3",112,,31.02823,31.3979074,0x14f79dff929b8d69:0x772f7f218960d8e3,,Mansoura,ar
Oliver restaurant & cafe,,"4,0",413,,31.0457777,31.3606996,0x14f79dbdc9bb243d:0x4bca50b1984df30e,https://www.google.com/maps/place/Oliver+restaurant+%26+cafe/data=!4m7!3m6!1s0x14f79dbdc9bb243d:0x4bca50b1984df30e!8m2!3d31.0457777!4d31.3606996!16s%2Fg%2F11j83xpzy7!19sChIJPSS7yb2d9xQRDvNNmLFQyks?authuser=0&hl=ar&g_ep=EgoyMDI2MDkzMC4wIJJjKgBIAVAD&rclk=1,Mit Salsil,ar
X Cafe & Restaurant,,"3,4",14,,31.0312041,31.3931265,0x14f79de7086fa315:0x73bbf1365d7f41e9,https://www.google.com/maps/place/X+Cafe+%26+Restaurant/data=!4m7!3m6!1s0x14f79de7086fa315:0x73bbf1365d7f41e9!8m2!3d31.0312041!4d31.3931265!16s%2Fg%2F11s39xdv4s!19sChIJFaNvCOed9xQR6UF_XTbxu3M?authuser=0&hl=ar&g_ep=EgoyMDI2MDkzMC4wIJJjKgBIAVAD&rclk=1,Bagour,ar
Hashville,,"4,7",,,31.0456097,31.3544199,0x14f79d0012094e01:0xcd833f35aca1e794,https://www.google.com/maps/place/Hashville/data=!4m7!3m6!1s0x14f79d0012094e01:0xcd833f35aca1e794!8m2!3d31.0456097!4d31.3544199!16s%2Fg%2F11x_8_k3s3!19sChIJAU4JEgCd9xQRlOehrDU_g80?authuser=0&hl=ar&g_ep=EgoyMDI2MDkzMC4wIJJjKgBIAVAD&rclk=1,Gamasa_suburb_south,en
Jazz Café,,"4,1",128,,31.0458048,31.3690948,0x14f79df941b77b99:0xaebc79fc85343d14,,Mansoura,ar
HUG CAFE,,"4,5",11,,31.0341741,31.3578131,0x14f79d78cd31fb43:0x7ed614c32b28da89,,Mansoura,ar
زهر كافية,,"3,9",59,,31.023737,31.3940996,0x14f79dd5de9fbb9f:0xe2e8515086f6d2bb,https://www.google.com/maps/place/%D8%B2%D9%87%D8%B1+%D9%83%D8%A7%D9%81%D9%8A%D8%A9%E2%80%AD/data=!4m7!3m6!1s0x14f79dd5de9fbb9f:0xe2e8515086f6d2bb!8m2!3d31.023737!4d31.3940996!16s%2Fg%2F11rnd01m8g!19sChIJn7uf3tWd9xQRu9L2hlBR6OI?authuser=0&hl=ar&g_ep=EgoyMDI2MDkzMC4wIJJjKgBIAVAD&rclk=1,Bagour,ar
كافيه الساحل,,"4,2",52,,31.0646936,31.4140607,0x14f777c4ecc3a953:0x2a24584db97a3261,,Mansoura,ar
Tavo's Cafe,,"4,1",247,,31.0453042,31.3672199,0x14f79dc568255553:0x349a4330e911cdde,https://www.google.com/maps/place/Tavo%27s+Cafe/data=!4m7!3m6!1s0x14f79dc568255553:0x349a4330e911cdde!8m2!3d31.0453042!4d31.3672199!16s%2Fg%2F11g6qsq8x9!19sChIJU1UlaMWd9xQR3s0R6TBDmjQ?authuser=0&hl=ar&g_ep=EgoyMDI2MDkzMC4wIJJjKgBIAVAD&rclk=1,Bagour,ar
Espresso Café,,"4,1",41,,31.0329546,31.3953982,0x14f79da9413ec043:0x28f9e066493b1a3e,,Mansoura,ar
B’ Society,,"4,4",291,,31.0459394,31.3641305,0x14f79d06a564201f:0x8c289c0a6c0c9812,https://www.google.com/maps/place/B%E2%80%99+Society/data=!4m7!3m6!1s0x14f79d06a564201f:0x8c289c0a6c0c9812!8m2!3d31.0459394!4d31.3641305!16s%2Fg%2F11g1mjws8b!19sChIJHyBkpQad9xQREpgMbAqcKIw?authuser=0&hl=ar&g_ep=EgoyMDI2MDkzMC4wIJJjKgBIAVAD&rclk=1,Bagour,en
كافية سلطانه,,"4,0",109,,31.0259177,31.3934824,0x14f79d49aa966a35:0x502dc155b75e6c0d,https://www.google.com/maps/place/%D9%83%D8%A7%D9%81%D9%8A%D8%A9+%D8%B3%D9%84%D8%B7%D8%A7%D9%86%D9%87%E2%80%AD/data=!4m7!3m6!1s0x14f79d49aa966a35:0x502dc155b75e6c0d!8m2!3d31.0259177!4d31.3934824!16s%2Fg%2F11t3bg378n!19sChIJNWqWqkmd9xQRDWxet1XBLVA?authuser=0&hl=ar&g_ep=EgoyMDI2MDkzMC4wIJJjKgBIAVAD&rclk=1,Talkha,ar
Castello Cafe,,"3,7",157,,31.0533117,31.4084816,0x14f79d7061587d39:0xf6403c51909ed4b,,Mansoura,ar
Vera Lounge,,"3,6",43,,31.0350891,31.3512032,0x14f79f515bf69f25:0x8536516884accc,https://www.google.com/maps/place/Vera+Lounge/data=!4m7!3m6!1s0x14f79f515bf69f25:0x8536516884accc!8m2!3d31.0350891!4d31.3512032!16s%2Fg%2F11tfw67921!19sChIJJZ_2W1Gf9xQRzKyEaFE2hQA?authuser=0&hl=ar&g_ep=EgoyMDI2MDkzMC4wIJJjKgBIAVAD&rclk=1,Talkha,en
Hekaya Cafe,,"4,6",16,,31.0172234,31.3902579,0x14f79da1c1d162ad:0x857c065583462012,,Mansoura,ar
Stereo Restaurant & Café,,"4,3",1952,,31.0458093,31.3617815,0x14f79dd009f16ea5:0x689477c441a71dd2,https://www.google.com/maps/place/Stereo+Restaurant+%26+Caf%C3%A9/data=!4m7!3m6!1s0x14f79dd009f16ea5:0x689477c441a71dd2!8m2!3d31.0458093!4d31.3617815!16s%2Fg%2F11fhstb6j7!19sChIJpW7xCdCd9xQR0h2nQcR3lGg?authuser=0&hl=ar&g_ep=EgoyMDI2MDkzMC4wIJJjKgBIAVAD&rclk=1,Bagour,ar
Choco Lava Mansoura,,"4,4",253,,31.0460345,31.3670484,0x14f79dc5af40da65:0xceb82dece682cb05,https://www.google.com/maps/place/Choco+Lava+Mansoura/data=!4m7!3m6!1s0x14f79dc5af40da65:0xceb82dece682cb05!8m2!3d31.0460345!4d31.3670484!16s%2Fg%2F11gfgnvdws!19sChIJZdpAr8Wd9xQRBcuC5uwtuM4?authuser=0&hl=ar&g_ep=EgoyMDI2MDkzMC4wIJJjKgBIAVAD&rclk=1,Talkha,en
شيشة كان,,"4,6",24,,31.0462342,31.3710931,0x14f79d5932b2c5db:0x4cb380aa6756d485,,Mansoura,ar
Arabica,,"4,6",27,,31.0303184,31.3616843,0x14f79db006050221:0x6cccbf43b02a5c33,,Mansoura,ar
Toastea,,"4,7",,,31.0549756,31.3918125,0x14f79df9b5c19ca5:0xe5de855c6e3e3ab9,https://www.google.com/maps/place/Toastea/data=!4m7!3m6!1s0x14f79df9b5c19ca5:0xe5de855c6e3e3ab9!8m2!3d31.0549756!4d31.3918125!16s%2Fg%2F11mv9w95cw!19sChIJpZzBtfmd9xQRuTo-blyF3uU?authuser=0&hl=ar&g_ep=EgoyMDI2MDkzMC4wIJJjKgBIAVAD&rclk=1,Talkha,en
Koshary Zizo,,"5,0",,,31.0517504,31.3804028,0x14f79dfe6159a26d:0x70e7c449dae8e932,https://www.google.com/maps/place/Koshary+Zizo/data=!4m7!3m6!1s0x14f79dfe6159a26d:0x70e7c449dae8e932!8m2!3d31.0517504!4d31.3804028!16s%2Fg%2F11nvwpvfsp!19sChIJbaJZYf6d9xQRMuno2knE53A?authuser=0&hl=ar&g_ep=EgoyMDI2MDkzMC4wIJJjKgBIAVAD&rclk=1,Talkha,en
باب الخلق,,"4,7",,,31.0509079,31.3787844,0x14f79d54f2c8005d:0x16f057291fd291a6,https://www.google.com/maps/place/%D8%A8%D8%A7%D8%A8+%D8%A7%D9%84%D8%AE%D9%84%D9%82%E2%80%AD/data=!4m7!3m6!1s0x14f79d54f2c8005d:0x16f057291fd291a6!8m2!3d31.0509079!4d31.3787844!16s%2Fg%2F11htpzbbmk!19sChIJXQDI8lSd9xQRppHSHylX8BY?authuser=0&hl=ar&g_ep=EgoyMDI2MDkzMC4wIJJjKgBIAVAD&rclk=1,Talkha,en
kalli restaurant & cafe,,"2,7",,,31.0385295,31.3545456,0x14f79d6b44d76c55:0x5dbbd2588da0d7bc,https://www.google.com/maps/place/kalli+restaurant+%26+cafe/data=!4m7!3m6!1s0x14f79d6b44d76c55:0x5dbbd2588da0d7bc!8m2!3d31.0385295!4d31.3545456!16s%2Fg%2F11vdgnp7fw!19sChIJVWzXRGud9xQRvNegjVjSu10?authuser=0&hl=ar&g_ep=EgoyMDI2MDkzMC4wIJJjKgBIAVAD&rclk=1,Talkha,en
كابري كافية,,"4,1",207,,31.0564964,31.384238,0x14f79dbe38a13369:0x4910bc9559c65ad2,https://www.google.com/maps/place/%D9%83%D8%A7%D8%A8%D8%B1%D9%8A+%D9%83%D8%A7%D9%81%D9%8A%D8%A9%E2%80%AD/data=!4m7!3m6!1s0x14f79dbe38a13369:0x4910bc9559c65ad2!8m2!3d31.0564964!4d31.384238!16s%2Fg%2F11c2jkdkql!19sChIJaTOhOL6d9xQR0lrGWZW8EEk?authuser=0&hl=ar&g_ep=EgoyMDI2MDkzMC4wIJJjKgBIAVAD&rclk=1,Bagour,ar
Dhoom,,"4,1",435,,31.0524649,31.3814881,0x14f79d95c0503b1f:0xaf163087dcb0879b,https://www.google.com/maps/place/Dhoom/data=!4m7!3m6!1s0x14f79d95c0503b1f:0xaf163087dcb0879b!8m2!3d31.0524649!4d31.3814881!16s%2Fg%2F11dz3wt8wj!19sChIJHztQwJWd9xQRm4ew3IcwFq8?authuser=0&hl=ar&g_ep=EgoyMDI2MDkzMC4wIJJjKgBIAVAD&rclk=1,Talkha,ar
Space Bot,,"5,0",,,31.0572746,31.3859326,0x14f79d4fd6121d47:0x44bb3ec1515d8a4e,https://www.google.com/maps/place/Space+Bot/data=!4m7!3m6!1s0x14f79d4fd6121d47:0x44bb3ec1515d8a4e!8m2!3d31.0572746!4d31.3859326!16s%2Fg%2F11nbjhjs0x!19sChIJRx0S1k-d9xQRTopdUcE-u0Q?authuser=0&hl=ar&g_ep=EgoyMDI2MDkzMC4wIJJjKgBIAVAD&rclk=1,Talkha,en
Cafe Supreme & SushiBay,,"3,9",,,31.045645,31.3568291,0x14f79d908b840b91:0x2f83f50eeb9c1b52,https://www.google.com/maps/place/Cafe+Supreme+%26+SushiBay/data=!4m7!3m6!1s0x14f79d908b840b91:0x2f83f50eeb9c1b52!8m2!3d31.045645!4d31.3568291!16s%2Fg%2F11j1q2z8n3!19sChIJkQuEi5Cd9xQRUhuc6w71gy8?authuser=0&hl=ar&g_ep=EgoyMDI2MDkzMC4wIJJjKgBIAVAD&rclk=1,Gamasa_suburb_south,en
Caffe Caffe Elshrbeny,,"5,0",,,31.0546984,31.381402,0x14f79dd71f3fb9e1:0x58eb6cb4be23be43,https://www.google.com/maps/place/Caffe+Caffe+Elshrbeny/data=!4m7!3m6!1s0x14f79dd71f3fb9e1:0x58eb6cb4be23be43!8m2!3d31.0546984!4d31.381402!16s%2Fg%2F11pzyfy9bb!19sChIJ4bk_H9ed9xQRQ74jvrRs61g?authuser=0&hl=ar&g_ep=EgoyMDI2MDkzMC4wIJJjKgBIAVAD&rclk=1,Talkha,en
مقهى ازعرينا,,"3,7",514,,31.0539196,31.3805502,0x14f79d95ad324c4f:0x40a80556bf94cd21,https://www.google.com/maps/place/%D9%85%D9%82%D9%87%D9%89+%D8%A7%D8%B2%D8%B9%D8%B1%D9%8A%D9%86%D8%A7%E2%80%AD/data=!4m7!3m6!1s0x14f79d95ad324c4f:0x40a80556bf94cd21!8m2!3d31.0539196!4d31.3805502!16s%2Fg%2F11cn9s94dr!19sChIJT0wyrZWd9xQRIc2Uv1YFqEA?authuser=0&hl=ar&g_ep=EgoyMDI2MDkzMC4wIJJjKgBIAVAD&rclk=1,Talkha,ar
رامادا كافيه . Ramada cafe,,"4,2",60,,31.0503037,31.3772172,0x14f79d3038977dd3:0xa8ff2259d0369d24,https://www.google.com/maps/place/%D8%B1%D8%A7%D9%85%D8%A7%D8%AF%D8%A7+%D9%83%D8%A7%D9%81%D9%8A%D9%87+.+Ramada+cafe%E2%80%AD/data=!4m7!3m6!1s0x14f79d3038977dd3:0xa8ff2259d0369d24!8m2!3d31.0503037!4d31.3772172!16s%2Fg%2F11r8wkn8b5!19sChIJ032XODCd9xQRJJ020Fki_6g?authuser=0&hl=ar&g_ep=EgoyMDI2MDkzMC4wIJJjKgBIAVAD&rclk=1,Talkha,ar
Cafe MILANO,,"5,0",,,31.0590253,31.3768993,0x14f79d00023a9305:0x580faf63b03186c9,https://www.google.com/maps/place/Cafe+MILANO/data=!4m7!3m6!1s0x14f79d00023a9305:0x580faf63b03186c9!8m2!3d31.0590253!4d31.3768993!16s%2Fg%2F11npfvtyj1!19sChIJBZM6AgCd9xQRyYYxsGOvD1g?authuser=0&hl=ar&g_ep=EgoyMDI2MDkzMC4wIJJjKgBIAVAD&rclk=1,Talkha,en
Moka cafe,,"4,1",29,,31.0519177,31.3795868,0x14f79ded4e9af4f3:0x9ee8b1e2592e24ec,https://www.google.com/maps/place/Moka+cafe/data=!4m7!3m6!1s0x14f79ded4e9af4f3:0x9ee8b1e2592e24ec!8m2!3d31.0519177!4d31.3795868!16s%2Fg%2F11h07prn3b!19sChIJ8_SaTu2d9xQR7CQuWeKx6J4?authuser=0&hl=ar&g_ep=EgoyMDI2MDkzMC4wIJJjKgBIAVAD&rclk=1,Talkha,ar
استكانا كافيه estcana coffe,,"4,4",14,,31.054395,31.3708508,0x14f79d6afbb26b1f:0xa163adc0f916fe2a,https://www.google.com/maps/place/%D8%A7%D8%B3%D8%AA%D9%83%D8%A7%D9%86%D8%A7+%D9%83%D8%A7%D9%81%D9%8A%D9%87+estcana+coffe%E2%80%AD/data=!4m7!3m6!1s0x14f79d6afbb26b1f:0xa163adc0f916fe2a!8m2!3d31.054395!4d31.3708508!16s%2Fg%2F11rxjv5yt0!19sChIJH2uy-2qd9xQRKv4W-cCtY6E?authuser=0&hl=ar&g_ep=EgoyMDI2MDkzMC4wIJJjKgBIAVAD&rclk=1,Talkha,ar
El Gouna Cafe,,"4,4",,,31.0532752,31.3811954,0x14f79d96cf52ca8f:0x989e8dbe6ff3072c,https://www.google.com/maps/place/El+Gouna+Cafe/data=!4m7!3m6!1s0x14f79d96cf52ca8f:0x989e8dbe6ff3072c!8m2!3d31.0532752!4d31.3811954!16s%2Fg%2F11ns4655hk!19sChIJj8pSz5ad9xQRLAfzb76Nnpg?authuser=0&hl=ar&g_ep=EgoyMDI2MDkzMC4wIJJjKgBIAVAD&rclk=1,Talkha,en
رشدي على السريع,,"4,1",749,,31.0370183,31.3947617,0x14f79d4ec2afc571:0x79e2d39dec39c75d,https://www.google.com/maps/place/%D8%B1%D8%B4%D8%AF%D9%8A+%D8%B9%D9%84%D9%89+%D8%A7%D9%84%D8%B3%D8%B1%D9%8A%D8%B9%E2%80%AD/data=!4m7!3m6!1s0x14f79d4ec2afc571:0x79e2d39dec39c75d!8m2!3d31.0370183!4d31.3947617!16s%2Fg%2F11t9lwmmn8!19sChIJccWvwk6d9xQRXcc57J3T4nk?authuser=0&hl=ar&g_ep=EgoyMDI2MDkzMC4wIJJjKgBIAVAD&rclk=1,Gamasa_suburb_south,en
Tatchi Cafe and Restaurant,,"4,2",86,,31.0400018,31.3632678,0x14f79dffa54ee8e3:0x507f751debec3a1e,https://www.google.com/maps/place/Tatchi+Cafe+and+Restaurant/data=!4m7!3m6!1s0x14f79dffa54ee8e3:0x507f751debec3a1e!8m2!3d31.0400018!4d31.3632678!16s%2Fg%2F11kzr97rqt!19sChIJ4-hOpf-d9xQRHjrs6x11f1A?authuser=0&hl=ar&g_ep=EgoyMDI2MDkzMC4wIJJjKgBIAVAD&rclk=1,Gamasa,en
مطعم الأصدقاء السوريين٢,,"3,8",132,,31.0556926,31.3921307,0x14f79d80628c1231:0x1043c2072159bd79,https://www.google.com/maps/place/%D9%85%D8%B7%D8%B9%D9%85+%D8%A7%D9%84%D8%A3%D8%B5%D8%AF%D9%82%D8%A7%D8%A1+%D8%A7%D9%84%D8%B3%D9%88%D8%B1%D9%8A%D9%8A%D9%86%D9%A2%E2%80%AD/data=!4m7!3m6!1s0x14f79d80628c1231:0x1043c2072159bd79!8m2!3d31.0556926!4d31.3921307!16s%2Fg%2F11p5jhfbwx!19sChIJMRKMYoCd9xQReb1ZIQfCQxA?authuser=0&hl=ar&g_ep=EgoyMDI2MDkzMC4wIJJjKgBIAVAD&rclk=1,Talkha,en
لا دولشي فيتا,,"3,9",1064,,31.0390996,31.350409,0x14f79f0a6fa91fe7:0xda213c353bef8374,https://www.google.com/maps/place/%D9%84%D8%A7+%D8%AF%D9%88%D9%84%D8%B4%D9%8A+%D9%81%D9%8A%D8%AA%D8%A7%E2%80%AD/data=!4m7!3m6!1s0x14f79f0a6fa91fe7:0xda213c353bef8374!8m2!3d31.0390996!4d31.350409!16s%2Fg%2F11hzw2vs84!19sChIJ5x-pbwqf9xQRdIPvOzU8Ido?authuser=0&hl=ar&g_ep=EgoyMDI2MDkzMC4wIJJjKgBIAVAD&rclk=1,Talkha,en
Mac ‘N’ Pie ماك ن باى,,"4,2",748,,31.0379059,31.3553015,0x14f79d5089ae2c45:0x16d51c0bd1bcd84,https://www.google.com/maps/place/Mac+%E2%80%98N%E2%80%99+Pie+%D9%85%D8%A7%D9%83+%D9%86+%D8%A8%D8%A7%D9%89%E2%80%AD/data=!4m7!3m6!1s0x14f79d5089ae2c45:0x16d51c0bd1bcd84!8m2!3d31.0379059!4d31.3553015!16s%2Fg%2F11ftgvkszv!19sChIJRSyuiVCd9xQRhM0bvcBRbQE?authuser=0&hl=ar&g_ep=EgoyMDI2MDkzMC4wIJJjKgBIAVAD&rclk=1,Gamasa,en
Layaly cafe,,"4,3",12,,31.0444733,31.3668883,0x14f79d420b6348a9:0xd36be74ac993c639,https://www.google.com/maps/place/Layaly+cafe/data=!4m7!3m6!1s0x14f79d420b6348a9:0xd36be74ac993c639!8m2!3d31.0444733!4d31.3668883!16s%2Fg%2F11v0jcd9xm!19sChIJqUhjC0Kd9xQROcaTyUrna9M?authuser=0&hl=ar&g_ep=EgoyMDI2MDkzMC4wIJJjKgBIAVAD&rclk=1,Talkha,en
مطاعم الصباحي للمشويات و المأكولات البحريه - بيراميزا,,"4,5",4093,,31.0462701,31.3528947,0x14f79e786031c0ad:0x8c5f009d03a13210,https://www.google.com/maps/place/%D9%85%D8%B7%D8%A7%D8%B9%D9%85+%D8%A7%D9%84%D8%B5%D8%A8%D8%A7%D8%AD%D9%8A+%D9%84%D9%84%D9%85%D8%B4%D9%88%D9%8A%D8%A7%D8%AA+%D9%88+%D8%A7%D9%84%D9%85%D8%A3%D9%83%D9%88%D9%84%D8%A7%D8%AA+%D8%A7%D9%84%D8%A8%D8%AD%D8%B1%D9%8A%D9%87+-+%D8%A8%D9%8A%D8%B1%D8%A7%D9%85%D9%8A%D8%B2%D8%A7%E2%80%AD/data=!4m7!3m6!1s0x14f79e786031c0ad:0x8c5f009d03a13210!8m2!3d31.0462701!4d31.35,Gamasa,en
كافتيريا ومطعم الجزيرة,,"4,0",105,,31.0515055,31.3665664,0x14f79daf79788393:0x99c09a94b5ef0d59,https://www.google.com/maps/place/%D9%83%D8%A7%D9%81%D8%AA%D9%8A%D8%B1%D9%8A%D8%A7+%D9%88%D9%85%D8%B7%D8%B9%D9%85+%D8%A7%D9%84%D8%AC%D8%B2%D9%8A%D8%B1%D8%A9%E2%80%AD/data=!4m7!3m6!1s0x14f79daf79788393:0x99c09a94b5ef0d59!8m2!3d31.0515055!4d31.3665664!16s%2Fg%2F11hzwftlrz!19sChIJk4N4ea-d9xQRWQ3vtZSawJk?authuser=0&hl=ar&g_ep=EgoyMDI2MDkzMC4wIJJjKgBIAVAD&rclk=1,Talkha,en
بروكلين,,"4,1",,,31.0455335,31.3596863,0x14f79d909e0179f3:0xfe742196c8887691,https://www.google.com/maps/place/%D8%A8%D8%B1%D9%88%D9%83%D9%84%D9%8A%D9%86%E2%80%AD/data=!4m7!3m6!1s0x14f79d909e0179f3:0xfe742196c8887691!8m2!3d31.0455335!4d31.3596863!16s%2Fg%2F11fhs4dgpc!19sChIJ83kBnpCd9xQRkXaIyJYhdP4?authuser=0&hl=ar&g_ep=EgoyMDI2MDkzMC4wIJJjKgBIAVAD&rclk=1,Bani Ubaid,en
Cave restaurant & cafe,,"5,0",1,,31.04551,31.3594037,0x14f79d12fc95ce49:0x8e49247e17ce5733,https://www.google.com/maps/place/Cave+restaurant+%26+cafe/data=!4m7!3m6!1s0x14f79d12fc95ce49:0x8e49247e17ce5733!8m2!3d31.04551!4d31.3594037!16s%2Fg%2F11jf_wn9st!19sChIJSc6V_BKd9xQRM1fOF34kSY4?authuser=0&hl=ar&g_ep=EgoyMDI2MDkzMC4wIJJjKgBIAVAD&rclk=1,Talkha,en
Terrace مطعم تراس داخل مركب بيراميزا المشاية السفلية,,"3,3",114,,31.0462583,31.3527391,0x14f79ffedcf2eac7:0xa81b6f63d2fd1f1d,https://www.google.com/maps/place/Terrace+%D9%85%D8%B7%D8%B9%D9%85+%D8%AA%D8%B1%D8%A7%D8%B3+%D8%AF%D8%A7%D8%AE%D9%84+%D9%85%D8%B1%D9%83%D8%A8+%D8%A8%D9%8A%D8%B1%D8%A7%D9%85%D9%8A%D8%B2%D8%A7+%D8%A7%D9%84%D9%85%D8%B4%D8%A7%D9%8A%D8%A9+%D8%A7%D9%84%D8%B3%D9%81%D9%84%D9%8A%D8%A9%E2%80%AD/data=!4m7!3m6!1s0x14f79ffedcf2eac7:0xa81b6f63d2fd1f1d!8m2!3d31.0462583!4d31.3527391!16s%2Fg%2F11ptpj4mym!19sChIJx-,Gamasa_suburb_south,en
Heart Attack,,"4,0",908,,31.0456737,31.3557794,0x14f79de152781251:0x3bc15cbd6d232f70,https://www.google.com/maps/place/Heart+Attack/data=!4m7!3m6!1s0x14f79de152781251:0x3bc15cbd6d232f70!8m2!3d31.0456737!4d31.3557794!16s%2Fg%2F11k1_9rcfv!19sChIJURJ4UuGd9xQRcC8jbb1cwTs?authuser=0&hl=ar&g_ep=EgoyMDI2MDkzMC4wIJJjKgBIAVAD&rclk=1,Talkha,en
109 st. cafe & restaurant,,"4,1",38,,31.0456858,31.3558568,0x14f79df9fe90d03f:0xada1f3c3791fb81b,https://www.google.com/maps/place/109+st.+cafe+%26+restaurant/data=!4m7!3m6!1s0x14f79df9fe90d03f:0xada1f3c3791fb81b!8m2!3d31.0456858!4d31.3558568!16s%2Fg%2F11fslq58rc!19sChIJP9CQ_vmd9xQRG7gfecPzoa0?authuser=0&hl=ar&g_ep=EgoyMDI2MDkzMC4wIJJjKgBIAVAD&rclk=1,Gamasa_suburb_south,en
Roof Pyramisa,,"3,4",,,31.0460962,31.3525442,0x14f79f0e76b20ffd:0xa05a16064230a51,https://www.google.com/maps/place/Roof+Pyramisa/data=!4m7!3m6!1s0x14f79f0e76b20ffd:0xa05a16064230a51!8m2!3d31.0460962!4d31.3525442!16s%2Fg%2F11txq0yz_c!19sChIJ_Q-ydg6f9xQRUQojZGChBQo?authuser=0&hl=ar&g_ep=EgoyMDI2MDkzMC4wIJJjKgBIAVAD&rclk=1,Gamasa_suburb_south,en
Fit & Fresh,,"4,0",123,,31.0356454,31.3576269,0x14f79c2b228a3e83:0xca03e34a34493e0d,https://www.google.com/maps/place/Fit+%26+Fresh/data=!4m7!3m6!1s0x14f79c2b228a3e83:0xca03e34a34493e0d!8m2!3d31.0356454!4d31.3576269!16s%2Fg%2F11hyrrg_71!19sChIJgz6KIiuc9xQRDT5JNErjA8o?authuser=0&hl=ar&g_ep=EgoyMDI2MDkzMC4wIJJjKgBIAVAD&rclk=1,Talkha,en
Country Hills,,"4,2",48,,31.0453729,31.3602745,0x14f79dbee40b76a3:0xd8189e7ae814d58d,https://www.google.com/maps/place/Country+Hills/data=!4m7!3m6!1s0x14f79dbee40b76a3:0xd8189e7ae814d58d!8m2!3d31.0453729!4d31.3602745!16s%2Fg%2F11j49np1z9!19sChIJo3YL5L6d9xQRjdUU6HqeGNg?authuser=0&hl=ar&g_ep=EgoyMDI2MDkzMC4wIJJjKgBIAVAD&rclk=1,Talkha,en
مطعم الأصدقاء السوريين,,"3,9",420,,31.0530055,31.3827839,0x14f79db007e20733:0xaafba00cd389b0fa,https://www.google.com/maps/place/%D9%85%D8%B7%D8%B9%D9%85+%D8%A7%D9%84%D8%A3%D8%B5%D8%AF%D9%82%D8%A7%D8%A1+%D8%A7%D9%84%D8%B3%D9%88%D8%B1%D9%8A%D9%8A%D9%86%E2%80%AD/data=!4m7!3m6!1s0x14f79db007e20733:0xaafba00cd389b0fa!8m2!3d31.0530055!4d31.3827839!16s%2Fg%2F11gl01jq8_!19sChIJMwfiB7Cd9xQR-rCJ0wyg-6o?authuser=0&hl=ar&g_ep=EgoyMDI2MDkzMC4wIJJjKgBIAVAD&rclk=1,Talkha,ar
مطعم جرين,,"4,3",109,,31.0364547,31.3569696,0x14f79d420c174a65:0x88029f68b3ef1ff7,https://www.google.com/maps/place/%D9%85%D8%B7%D8%B9%D9%85+%D8%AC%D8%B1%D9%8A%D9%86%E2%80%AD/data=!4m7!3m6!1s0x14f79d420c174a65:0x88029f68b3ef1ff7!8m2!3d31.0364547!4d31.3569696!16s%2Fg%2F11pdgclr23!19sChIJZUoXDEKd9xQR9x_vs2ifAog?authuser=0&hl=ar&g_ep=EgoyMDI2MDkzMC4wIJJjKgBIAVAD&rclk=1,Talkha,en
مطعم روبيان المنصورة,,"4,2",45,,31.0532016,31.3807557,0x14f79dfcf7f553ed:0x956fc95a4d8ac040,https://www.google.com/maps/place/%D9%85%D8%B7%D8%B9%D9%85+%D8%B1%D9%88%D8%A8%D9%8A%D8%A7%D9%86+%D8%A7%D9%84%D9%85%D9%86%D8%B5%D9%88%D8%B1%D8%A9%E2%80%AD/data=!4m7!3m6!1s0x14f79dfcf7f553ed:0x956fc95a4d8ac040!8m2!3d31.0532016!4d31.3807557!16s%2Fg%2F11lf_v3wm3!19sChIJ7VP19_yd9xQRQMCKTVrJb5U?authuser=0&hl=ar&g_ep=EgoyMDI2MDkzMC4wIJJjKgBIAVAD&rclk=1,Talkha,en
مطاعم كاتشب,,"4,0",1554,,31.0379418,31.3615978,0x14f79dd36836f87f:0x4b7b1c36d24de21c,https://www.google.com/maps/place/%D9%85%D8%B7%D8%A7%D8%B9%D9%85+%D9%83%D8%A7%D8%AA%D8%B4%D8%A8%E2%80%AD/data=!4m7!3m6!1s0x14f79dd36836f87f:0x4b7b1c36d24de21c!8m2!3d31.0379418!4d31.3615978!16s%2Fg%2F1tx75qwg!19sChIJf_g2aNOd9xQRHOJN0jYce0s?authuser=0&hl=ar&g_ep=EgoyMDI2MDkzMC4wIJJjKgBIAVAD&rclk=1,Gamasa_suburb_south,en
كافيه الخيمة,,"3,8",435,,31.0583863,31.3768302,0x14f79decb34453c3:0x950e414cfb985a49,https://www.google.com/maps/place/%D9%83%D8%A7%D9%81%D9%8A%D9%87+%D8%A7%D9%84%D8%AE%D9%8A%D9%85%D8%A9%E2%80%AD/data=!4m7!3m6!1s0x14f79decb34453c3:0x950e414cfb985a49!8m2!3d31.0583863!4d31.3768302!16s%2Fg%2F11crz0w6dp!19sChIJw1NEs-yd9xQRSVqY-0xBDpU?authuser=0&hl=ar&g_ep=EgoyMDI2MDkzMC4wIJJjKgBIAVAD&rclk=1,Talkha,ar
Roshdy Restaurant,,"4,1",299,,31.0403035,31.3639209,0x14f79dd220baaaa9:0x18532f888432f6d3,https://www.google.com/maps/place/Roshdy+Restaurant/data=!4m7!3m6!1s0x14f79dd220baaaa9:0x18532f888432f6d3!8m2!3d31.0403035!4d31.3639209!16s%2Fg%2F11c60h9wj5!19sChIJqaq6INKd9xQR0_YyhIgvUxg?authuser=0&hl=ar&g_ep=EgoyMDI2MDkzMC4wIJJjKgBIAVAD&rclk=1,Talkha,en
مطعم فرشة و طبلية,,"4,3",6,,31.0546598,31.3913688,0x14f79d3614d53d55:0x6573186b5acc95f0,https://www.google.com/maps/place/%D9%85%D8%B7%D8%B9%D9%85+%D9%81%D8%B1%D8%B4%D8%A9+%D9%88+%D8%B7%D8%A8%D9%84%D9%8A%D8%A9%E2%80%AD/data=!4m7!3m6!1s0x14f79d3614d53d55:0x6573186b5acc95f0!8m2!3d31.0546598!4d31.3913688!16s%2Fg%2F11gyyzv5m7!19sChIJVT3VFDad9xQR8JXMWmsYc2U?authuser=0&hl=ar&g_ep=EgoyMDI2MDkzMC4wIJJjKgBIAVAD&rclk=1,Talkha,en
The Bun,,"4,2",216,,31.0362678,31.3572989,0x14f79d661ce4ae97:0x40cea8ed347cb2b5,https://www.google.com/maps/place/The+Bun/data=!4m7!3m6!1s0x14f79d661ce4ae97:0x40cea8ed347cb2b5!8m2!3d31.0362678!4d31.3572989!16s%2Fg%2F11rs9nyw4f!19sChIJl67kHGad9xQRtbJ8NO2ozkA?authuser=0&hl=ar&g_ep=EgoyMDI2MDkzMC4wIJJjKgBIAVAD&rclk=1,Talkha,en
شرقي الجمهورية,,"3,9",550,,31.044829,31.365477,0x14f79dd8338468e9:0x472250481f073591,https://www.google.com/maps/place/%D8%B4%D8%B1%D9%82%D9%8A+%D8%A7%D9%84%D8%AC%D9%85%D9%87%D9%88%D8%B1%D9%8A%D8%A9%E2%80%AD/data=!4m7!3m6!1s0x14f79dd8338468e9:0x472250481f073591!8m2!3d31.044829!4d31.365477!16s%2Fg%2F11mpn_sz8q!19sChIJ6WiEM9id9xQRkTUHH0hQIkc?authuser=0&hl=ar&g_ep=EgoyMDI2MDkzMC4wIJJjKgBIAVAD&rclk=1,Talkha,en
كشري تومه - TOMA,,"4,2",1072,,31.0456433,31.3569863,0x14f79d7941e77591:0x4f6ac25010853607,https://www.google.com/maps/place/%D9%83%D8%B4%D8%B1%D9%8A+%D8%AA%D9%88%D9%85%D9%87+-+TOMA%E2%80%AD/data=!4m7!3m6!1s0x14f79d7941e77591:0x4f6ac25010853607!8m2!3d31.0456433!4d31.3569863!16s%2Fg%2F11j906z0ck!19sChIJkXXnQXmd9xQRBzaFEFDCak8?authuser=0&hl=ar&g_ep=EgoyMDI2MDkzMC4wIJJjKgBIAVAD&rclk=1,Talkha,en
وصية ماما,,"5,0",2,,31.0568724,31.3781719,0x14f79d1cdd46eff1:0xb644b41003bca831,https://www.google.com/maps/place/%D9%88%D8%B5%D9%8A%D8%A9+%D9%85%D8%A7%D9%85%D8%A7%E2%80%AD/data=!4m7!3m6!1s0x14f79d1cdd46eff1:0xb644b41003bca831!8m2!3d31.0568724!4d31.3781719!16s%2Fg%2F11zdddd0ml!19sChIJ8e9G3Ryd9xQRMai8AxC0RLY?authuser=0&hl=ar&g_ep=EgoyMDI2MDkzMC4wIJJjKgBIAVAD&rclk=1,Talkha,en
Bono cafe,,"4,2",109,,31.0460687,31.3574323,0x14f79d17b2c685af:0x4daec76240dd258,https://www.google.com/maps/place/Bono+cafe/data=!4m7!3m6!1s0x14f79d17b2c685af:0x4daec76240dd258!8m2!3d31.0460687!4d31.3574323!16s%2Fg%2F11h64_vn4q!19sChIJr4XGshed9xQRWNINJHbs2gQ?authuser=0&hl=ar&g_ep=EgoyMDI2MDkzMC4wIJJjKgBIAVAD&rclk=1,Talkha,ar
Gardenuo Cafe,,"3,9",119,,31.0514858,31.3673421,0x14f79dc3172f895f:0xbaa03467efeb267b,https://www.google.com/maps/place/Gardenuo+Cafe/data=!4m7!3m6!1s0x14f79dc3172f895f:0xbaa03467efeb267b!8m2!3d31.0514858!4d31.3673421!16s%2Fg%2F11c3105y41!19sChIJX4kvF8Od9xQReybr72c0oLo?authuser=0&hl=ar&g_ep=EgoyMDI2MDkzMC4wIJJjKgBIAVAD&rclk=1,Bagour,en
Karlcafe,,"4,4",64,,31.0551947,31.3360404,0x14f79f00534b3d03:0xbf278bf7c2b2bce4,https://www.google.com/maps/place/Karlcafe/data=!4m7!3m6!1s0x14f79f00534b3d03:0xbf278bf7c2b2bce4!8m2!3d31.0551947!4d31.3360404!16s%2Fg%2F11lckzpvvm!19sChIJAz1LUwCf9xQR5LyywveLJ78?authuser=0&hl=ar&g_ep=EgoyMDI2MDkzMC4wIJJjKgBIAVAD&rclk=1,Talkha,ar
Eastcana Café,,"4,3",23,,31.0521165,31.3759258,0x14f79dc01bddd151:0x7c27766db5483458,https://www.google.com/maps/place/Eastcana+Caf%C3%A9/data=!4m7!3m6!1s0x14f79dc01bddd151:0x7c27766db5483458!8m2!3d31.0521165!4d31.3759258!16s%2Fg%2F11ggbmwpk8!19sChIJUdHdG8Cd9xQRWDRItW12J3w?authuser=0&hl=ar&g_ep=EgoyMDI2MDkzMC4wIJJjKgBIAVAD&rclk=1,Talkha,ar
Cova Cafe,,"4,4",16,,31.0524643,31.380534,0x14f79d9598344353:0xd22f50a2970e352c,https://www.google.com/maps/place/Cova+Cafe/data=!4m7!3m6!1s0x14f79d9598344353:0xd22f50a2970e352c!8m2!3d31.0524643!4d31.380534!16s%2Fg%2F11flzlc3t2!19sChIJU0M0mJWd9xQRLDUOl6JQL9I?authuser=0&hl=ar&g_ep=EgoyMDI2MDkzMC4wIJJjKgBIAVAD&rclk=1,Talkha,ar
الشمس كافيه,,"3,5",65,,31.05263,31.378857,0x14f79d956eb7a785:0xb111580a7d4f1783,https://www.google.com/maps/place/%D8%A7%D9%84%D8%B4%D9%85%D8%B3+%D9%83%D8%A7%D9%81%D9%8A%D9%87%E2%80%AD/data=!4m7!3m6!1s0x14f79d956eb7a785:0xb111580a7d4f1783!8m2!3d31.05263!4d31.378857!16s%2Fg%2F11cryt46r8!19sChIJhae3bpWd9xQRgxdPfQpYEbE?authuser=0&hl=ar&g_ep=EgoyMDI2MDkzMC4wIJJjKgBIAVAD&rclk=1,Talkha,ar
Zahra Cafe ، زهره كافيه,,"4,2",,,31.0528444,31.4035435,0x14f79d40dac7940f:0x2606152985d7b32f,https://www.google.com/maps/place/Zahra+Cafe+%D8%8C+%D8%B2%D9%87%D8%B1%D9%87+%D9%83%D8%A7%D9%81%D9%8A%D9%87%E2%80%AD/data=!4m7!3m6!1s0x14f79d40dac7940f:0x2606152985d7b32f!8m2!3d31.0528444!4d31.4035435!16s%2Fg%2F11rms5y33n!19sChIJD5TH2kCd9xQRL7PXhSkVBiY?authuser=0&hl=ar&g_ep=EgoyMDI2MDkzMC4wIJJjKgBIAVAD&rclk=1,Rasheed,en
CASCADE,,"4,9",244,,31.0625367,31.4028497,0x14f79d003dc51d39:0x8551c930264b5b78,https://www.google.com/maps/place/CASCADE/data=!4m7!3m6!1s0x14f79d003dc51d39:0x8551c930264b5b78!8m2!3d31.0625367!4d31.4028497!16s%2Fg%2F11m5_tcwt5!19sChIJOR3FPQCd9xQReFtLJjDJUYU?authuser=0&hl=ar&g_ep=EgoyMDI2MDkzMC4wIJJjKgBIAVAD&rclk=1,Talkha,ar
كافية الحسين Cafe El Hussien,,"4,5",8,,31.0511638,31.3701044,0x14f79dfd3e2eb9f9:0xf870995d0164dbaa,https://www.google.com/maps/place/%D9%83%D8%A7%D9%81%D9%8A%D8%A9+%D8%A7%D9%84%D8%AD%D8%B3%D9%8A%D9%86+Cafe+El+Hussien%E2%80%AD/data=!4m7!3m6!1s0x14f79dfd3e2eb9f9:0xf870995d0164dbaa!8m2!3d31.0511638!4d31.3701044!16s%2Fg%2F11k0152_kf!19sChIJ-bkuPv2d9xQRqttkAV2ZcPg?authuser=0&hl=ar&g_ep=EgoyMDI2MDkzMC4wIJJjKgBIAVAD&rclk=1,Talkha,ar
زين الشام,,"4,0",684,,31.0442467,31.3960052,0x14f79da1093a49d9:0x20a40dafd6996bb5,https://www.google.com/maps/place/%D8%B2%D9%8A%D9%86+%D8%A7%D9%84%D8%B4%D8%A7%D9%85%E2%80%AD/data=!4m7!3m6!1s0x14f79da1093a49d9:0x20a40dafd6996bb5!8m2!3d31.0442467!4d31.3960052!16s%2Fg%2F11f3m9j5vk!19sChIJ2Uk6CaGd9xQRtWuZ1q8NpCA?authuser=0&hl=ar&g_ep=EgoyMDI2MDkzMC4wIJJjKgBIAVAD&rclk=1,Mit Salsil,ar
Coffee Point,,"4,1",,,31.0453139,31.3524051,0x14f79fefbf0707e3:0x1393053dfce3d976,https://www.google.com/maps/place/Coffee+Point/data=!4m7!3m6!1s0x14f79fefbf0707e3:0x1393053dfce3d976!8m2!3d31.0453139!4d31.3524051!16s%2Fg%2F11rtlp_36v!19sChIJ4wcHv--f9xQRdtnj_D0FkxM?authuser=0&hl=ar&g_ep=EgoyMDI2MDkzMC4wIJJjKgBIAVAD&rclk=1,Gamasa_suburb_south,en
كافيه الركن الهادي,,"4,1",27,,31.0403274,31.3262131,0x14f79ff4dfba7561:0xf1bc416524c285cd,https://www.google.com/maps/place/%D9%83%D8%A7%D9%81%D9%8A%D9%87+%D8%A7%D9%84%D8%B1%D9%83%D9%86+%D8%A7%D9%84%D9%87%D8%A7%D8%AF%D9%8A%E2%80%AD/data=!4m7!3m6!1s0x14f79ff4dfba7561:0xf1bc416524c285cd!8m2!3d31.0403274!4d31.3262131!16s%2Fg%2F11fhnj1k71!19sChIJYXW63_Sf9xQRzYXCJGVBvPE?authuser=0&hl=ar&g_ep=EgoyMDI2MDkzMC4wIJJjKgBIAVAD&rclk=1,Talkha,ar
مطعم ويكا ميكس,,"4,6",26,,31.0567924,31.3767187,0x14f79de3098103a9:0xd2ec9bbd413dd84,https://www.google.com/maps/place/%D9%85%D8%B7%D8%B9%D9%85+%D9%88%D9%8A%D9%83%D8%A7+%D9%85%D9%8A%D9%83%D8%B3%E2%80%AD/data=!4m7!3m6!1s0x14f79de3098103a9:0xd2ec9bbd413dd84!8m2!3d31.0567924!4d31.3767187!16s%2Fg%2F11nmpxggp3!19sChIJqQOBCeOd9xQRhN0T1LvJLg0?authuser=0&hl=ar&g_ep=EgoyMDI2MDkzMC4wIJJjKgBIAVAD&rclk=1,Talkha,ar
Planet Restaurant & Cafe,,"4,0",367,,30.7167776,31.253422,0x14f7c1dcf0360c09:0xb62d3f2d45f81192,https://www.google.com/maps/place/Planet+Restaurant+%26+Cafe/data=!4m7!3m6!1s0x14f7c1dcf0360c09:0xb62d3f2d45f81192!8m2!3d30.7167776!4d31.253422!16s%2Fg%2F11f00qnknq!19sChIJCQw28NzB9xQRkhH4RS0_LbY?authuser=0&hl=ar&g_ep=EgoyMDI2MDkzMC4wIJJjKgBIAVAD&rclk=1,Mit Ghamr,ar
Story café,,"4,2",98,,30.7196959,31.2565129,0x14f7c1cd03b6c255:0x2670e4003fa9d740,https://www.google.com/maps/place/Story+caf%C3%A9/data=!4m7!3m6!1s0x14f7c1cd03b6c255:0x2670e4003fa9d740!8m2!3d30.7196959!4d31.2565129!16s%2Fg%2F11swr09x58!19sChIJVcK2A83B9xQRQNepPwDkcCY?authuser=0&hl=ar&g_ep=EgoyMDI2MDkzMC4wIJJjKgBIAVAD&rclk=1,Mit Salsil,ar
Rancho's Restaurant,,"4,7",,,30.7157023,31.2533128,0x14f7c1fc099418e3:0x6f9253bec1bba689,https://www.google.com/maps/place/Rancho%27s+Restaurant/data=!4m7!3m6!1s0x14f7c1fc099418e3:0x6f9253bec1bba689!8m2!3d30.7157023!4d31.2533128!16s%2Fg%2F11p0fxvhg6!19sChIJ4xiUCfzB9xQRiaa7wb5Tkm8?authuser=0&hl=ar&g_ep=EgoyMDI2MDkzMC4wIJJjKgBIAVAD&rclk=1,Gamasa_suburb_south,en
ERA RESTAURANT AND CAFE,,"4,2",45,,30.7194308,31.2555149,0x14f7c1978f3b2765:0xd505f3fcc6fdfcc4,https://www.google.com/maps/place/ERA+RESTAURANT+AND+CAFE/data=!4m7!3m6!1s0x14f7c1978f3b2765:0xd505f3fcc6fdfcc4!8m2!3d30.7194308!4d31.2555149!16s%2Fg%2F11w2fwyj54!19sChIJZSc7j5fB9xQRxPz9xvzzBdU?authuser=0&hl=ar&g_ep=EgoyMDI2MDkzMC4wIJJjKgBIAVAD&rclk=1,Bagour,en
Netro Cafe,,"4,2",70,,30.7181231,31.2553695,0x14f7c1c6e81a0f87:0x5c4a0e24752402b6,https://www.google.com/maps/place/Netro+Cafe/data=!4m7!3m6!1s0x14f7c1c6e81a0f87:0x5c4a0e24752402b6!8m2!3d30.7181231!4d31.2553695!16s%2Fg%2F11tws86vkw!19sChIJhw8a6MbB9xQRtgIkdSQOSlw?authuser=0&hl=ar&g_ep=EgoyMDI2MDkzMC4wIJJjKgBIAVAD&rclk=1,Mit Salsil,ar
Andria Cafe,,"3,9",194,,30.7179542,31.2551309,0x14f7c1dc742e7a6b:0x48061b5e563d6e5f,https://www.google.com/maps/place/Andria+Cafe/data=!4m7!3m6!1s0x14f7c1dc742e7a6b:0x48061b5e563d6e5f!8m2!3d30.7179542!4d31.2551309!16s%2Fg%2F11dx8zd36s!19sChIJa3oudNzB9xQRX249Vl4bBkg?authuser=0&hl=ar&g_ep=EgoyMDI2MDkzMC4wIJJjKgBIAVAD&rclk=1,Mit Salsil,ar
مطعم مكي ميت غمر,,"4,8",26,,30.7159375,31.2565625,0x14f7c10069b351e1:0x13c1c7ee27c11ae,https://www.google.com/maps/place/%D9%85%D8%B7%D8%B9%D9%85+%D9%85%D9%83%D9%8A+%D9%85%D9%8A%D8%AA+%D8%BA%D9%85%D8%B1%E2%80%AD/data=!4m7!3m6!1s0x14f7c10069b351e1:0x13c1c7ee27c11ae!8m2!3d30.7159375!4d31.2565625!16s%2Fg%2F11ykypby6h!19sChIJ4VGzaQDB9xQRrhF84n4cPAE?authuser=0&hl=ar&g_ep=EgoyMDI2MDkzMC4wIJJjKgBIAVAD&rclk=1,Mit Salsil,en
ODESSA CAFE & RESTAURANT,,"4,2",180,,30.7173235,31.2546541,0x14f7c1c83f1e30ed:0x9ee55c8ff99e6550,https://www.google.com/maps/place/ODESSA+CAFE+%26+RESTAURANT/data=!4m7!3m6!1s0x14f7c1c83f1e30ed:0x9ee55c8ff99e6550!8m2!3d30.7173235!4d31.2546541!16s%2Fg%2F11fjsv_ysg!19sChIJ7TAeP8jB9xQRUGWe-Y9c5Z4?authuser=0&hl=ar&g_ep=EgoyMDI2MDkzMC4wIJJjKgBIAVAD&rclk=1,Mit Salsil,ar
UnderGround restaurant,,"5,0",2,,30.7170129,31.2566336,0x14f7c1e752667bcd:0x11e40c4cfdc3d7f3,https://www.google.com/maps/place/UnderGround+restaurant/data=!4m7!3m6!1s0x14f7c1e752667bcd:0x11e40c4cfdc3d7f3!8m2!3d30.7170129!4d31.2566336!16s%2Fg%2F11y3yrst2n!19sChIJzXtmUufB9xQR89fD_UwM5BE?authuser=0&hl=ar&g_ep=EgoyMDI2MDkzMC4wIJJjKgBIAVAD&rclk=1,Mit Ghamr,ar
Wilson Crepe,,"4,6",123,,30.7169751,31.2533395,0x14f7c12768c20afd:0xa9a5af72e7b1f39d,https://www.google.com/maps/place/Wilson+Crepe/data=!4m7!3m6!1s0x14f7c12768c20afd:0xa9a5af72e7b1f39d!8m2!3d30.7169751!4d31.2533395!16s%2Fg%2F11vb4bycm1!19sChIJ_QrCaCfB9xQRnfOx53Kvpak?authuser=0&hl=ar&g_ep=EgoyMDI2MDkzMC4wIJJjKgBIAVAD&rclk=1,Mit Ghamr,ar
مطعم ريد فلام,,"5,0",21,,30.7174333,31.2605588,0x14f7c16df0124a0d:0x82490f778450a5ae,https://www.google.com/maps/place/%D9%85%D8%B7%D8%B9%D9%85+%D8%B1%D9%8A%D8%AF+%D9%81%D9%84%D8%A7%D9%85%E2%80%AD/data=!4m7!3m6!1s0x14f7c16df0124a0d:0x82490f778450a5ae!8m2!3d30.7174333!4d31.2605588!16s%2Fg%2F11z1vznl14!19sChIJDUoS8G3B9xQRrqVQhHcPSYI?authuser=0&hl=ar&g_ep=EgoyMDI2MDkzMC4wIJJjKgBIAVAD&rclk=1,Mit Ghamr,en
بيتزا الإسراء فرع ميت غمر 15410 ☎️,,"4,1",391,,30.7148566,31.2596419,0x14f7c1a37cc09f49:0xe65092e24daddc4d,https://www.google.com/maps/place/%D8%A8%D9%8A%D8%AA%D8%B2%D8%A7+%D8%A7%D9%84%D8%A5%D8%B3%D8%B1%D8%A7%D8%A1+%D9%81%D8%B1%D8%B9+%D9%85%D9%8A%D8%AA+%D8%BA%D9%85%D8%B1+15410+%E2%98%8E%EF%B8%8F%E2%80%AD/data=!4m7!3m6!1s0x14f7c1a37cc09f49:0xe65092e24daddc4d!8m2!3d30.7148566!4d31.2596419!16s%2Fg%2F11rcd6s25m!19sChIJSZ_AfKPB9xQRTdytTeKSUOY?authuser=0&hl=ar&g_ep=EgoyMDI2MDkzMC4wIJJjKgBIAVAD&rclk=1,Mit Ghamr,ar
Hunger Boom,,"4,3",76,,30.716538,31.2525538,0x14f7c14c855ae397:0xc18946dd2b6176a7,https://www.google.com/maps/place/Hunger+Boom/data=!4m7!3m6!1s0x14f7c14c855ae397:0xc18946dd2b6176a7!8m2!3d30.716538!4d31.2525538!16s%2Fg%2F11styp350_!19sChIJl-NahUzB9xQRp3ZhK91GicE?authuser=0&hl=ar&g_ep=EgoyMDI2MDkzMC4wIJJjKgBIAVAD&rclk=1,Mit Ghamr,en
قصر خلود,,"4,0",110,,30.7224548,31.2524235,0x14f7c1a45c4302c7:0xc4ae81a4074446b7,https://www.google.com/maps/place/%D9%82%D8%B5%D8%B1+%D8%AE%D9%84%D9%88%D8%AF%E2%80%AD/data=!4m7!3m6!1s0x14f7c1a45c4302c7:0xc4ae81a4074446b7!8m2!3d30.7224548!4d31.2524235!16s%2Fg%2F11sr_2_k24!19sChIJxwJDXKTB9xQRt0ZEB6SBrsQ?authuser=0&hl=ar&g_ep=EgoyMDI2MDkzMC4wIJJjKgBIAVAD&rclk=1,Mit Ghamr,ar
Solo Cafe,,"4,2",25,,30.732358,31.2665643,0x14f7eb536abf98db:0xae86c59d4d281798,https://www.google.com/maps/place/Solo+Cafe/data=!4m7!3m6!1s0x14f7eb536abf98db:0xae86c59d4d281798!8m2!3d30.732358!4d31.2665643!16s%2Fg%2F11v1blfx5j!19sChIJ25i_alPr9xQRmBcoTZ3Fhq4?authuser=0&hl=ar&g_ep=EgoyMDI2MDkzMC4wIJJjKgBIAVAD&rclk=1,Mit Salsil,ar
جزيرة الورد,,"4,8",27,,30.7184222,31.2516306,0x14f7c1ec3dd96149:0xe3e76d638beb7ee7,https://www.google.com/maps/place/%D8%AC%D8%B2%D9%8A%D8%B1%D8%A9+%D8%A7%D9%84%D9%88%D8%B1%D8%AF%E2%80%AD/data=!4m7!3m6!1s0x14f7c1ec3dd96149:0xe3e76d638beb7ee7!8m2!3d30.7184222!4d31.2516306!16s%2Fg%2F11kq65w50l!19sChIJSWHZPezB9xQR537ri2Nt5-M?authuser=0&hl=ar&g_ep=EgoyMDI2MDkzMC4wIJJjKgBIAVAD&rclk=1,Mit Salsil,ar
My Broast Mit Ghamr branch - ماى بروست فرع ميت غمر,,"3,6",185,,30.7196038,31.2544218,0x14f7c1f02d8e00f9:0xe53b6b58fb1ad7b0,https://www.google.com/maps/place/My+Broast+Mit+Ghamr+branch+-+%D9%85%D8%A7%D9%89+%D8%A8%D8%B1%D9%88%D8%B3%D8%AA+%D9%81%D8%B1%D8%B9+%D9%85%D9%8A%D8%AA+%D8%BA%D9%85%D8%B1%E2%80%AD/data=!4m7!3m6!1s0x14f7c1f02d8e00f9:0xe53b6b58fb1ad7b0!8m2!3d30.7196038!4d31.2544218!16s%2Fg%2F11n86ps2yh!19sChIJ-QCOLfDB9xQRsNca-1hrO-U?authuser=0&hl=ar&g_ep=EgoyMDI2MDkzMC4wIJJjKgBIAVAD&rclk=1,Mit Ghamr,ar
فيرجينيا لاند,,"4,3",104,,30.7206627,31.2524515,0x14f7c1984ec8df5f:0xc42a07d040a66631,https://www.google.com/maps/place/%D9%81%D9%8A%D8%B1%D8%AC%D9%8A%D9%86%D9%8A%D8%A7+%D9%84%D8%A7%D9%86%D8%AF%E2%80%AD/data=!4m7!3m6!1s0x14f7c1984ec8df5f:0xc42a07d040a66631!8m2!3d30.7206627!4d31.2524515!16s%2Fg%2F11tf0c4sw_!19sChIJX9_ITpjB9xQRMWamQNAHKsQ?authuser=0&hl=ar&g_ep=EgoyMDI2MDkzMC4wIJJjKgBIAVAD&rclk=1,Mit Salsil,ar
Dorim Café,,"4,9",17,,30.7198083,31.2574218,0x14f7c176add5d591:0xdc9f863764c885c3,https://www.google.com/maps/place/Dorim+Caf%C3%A9/data=!4m7!3m6!1s0x14f7c176add5d591:0xdc9f863764c885c3!8m2!3d30.7198083!4d31.2574218!16s%2Fg%2F11wxgz0sxs!19sChIJkdXVrXbB9xQRw4XIZDeGn9w?authuser=0&hl=ar&g_ep=EgoyMDI2MDkzMC4wIJJjKgBIAVAD&rclk=1,Mit Ghamr,ar
Star Grand Cafe Mit Ghamr,,"4,5",14,,30.7112551,31.258943,0x14f7c17aedb1dfcd:0xb292e2d8bcd480ec,https://www.google.com/maps/place/Star+Grand+Cafe+Mit+Ghamr/data=!4m7!3m6!1s0x14f7c17aedb1dfcd:0xb292e2d8bcd480ec!8m2!3d30.7112551!4d31.258943!16s%2Fg%2F11ff1w5fwg!19sChIJzd-x7XrB9xQR7IDUvNjikrI?authuser=0&hl=ar&g_ep=EgoyMDI2MDkzMC4wIJJjKgBIAVAD&rclk=1,Mit Salsil,ar
بن Grand Cafè,,"4,1",120,,30.720744,31.2583934,0x14f7c1d99630175d:0x6f59e9ccd6aaee52,https://www.google.com/maps/place/%D8%A8%D9%86+Grand+Caf%C3%A8%E2%80%AD/data=!4m7!3m6!1s0x14f7c1d99630175d:0x6f59e9ccd6aaee52!8m2!3d30.720744!4d31.2583934!16s%2Fg%2F11g8chp5h_!19sChIJXRcwltnB9xQRUu6q1szpWW8?authuser=0&hl=ar&g_ep=EgoyMDI2MDkzMC4wIJJjKgBIAVAD&rclk=1,Mit Ghamr,ar
Let soul,,"4,1",31,,30.7168503,31.2538718,0x14f7c1529f77f189:0x1f26074956d26e5d,https://www.google.com/maps/place/Let+soul/data=!4m7!3m6!1s0x14f7c1529f77f189:0x1f26074956d26e5d!8m2!3d30.7168503!4d31.2538718!16s%2Fg%2F11spr4v6bl!19sChIJifF3n1LB9xQRXW7SVkkHJh8?authuser=0&hl=ar&g_ep=EgoyMDI2MDkzMC4wIJJjKgBIAVAD&rclk=1,Mit Ghamr,ar
حلواني الدماصي,,"4,5",12,,30.7188811,31.2587272,0x14f7c1b796a1c7d7:0x23035a894e90e1fa,https://www.google.com/maps/place/%D8%AD%D9%84%D9%88%D8%A7%D9%86%D9%8A+%D8%A7%D9%84%D8%AF%D9%85%D8%A7%D8%B5%D9%8A%E2%80%AD/data=!4m7!3m6!1s0x14f7c1b796a1c7d7:0x23035a894e90e1fa!8m2!3d30.7188811!4d31.2587272!16s%2Fg%2F11k4m75btp!19sChIJ18ehlrfB9xQR-uGQTolaAyM?authuser=0&hl=ar&g_ep=EgoyMDI2MDkzMC4wIJJjKgBIAVAD&rclk=1,Mit Salsil,ar
Gray Stone,,"4,7",24,,30.7203284,31.253439,0x14f7c1fc6db8cc8d:0x548c458daf14f11b,https://www.google.com/maps/place/Gray+Stone/data=!4m7!3m6!1s0x14f7c1fc6db8cc8d:0x548c458daf14f11b!8m2!3d30.7203284!4d31.253439!16s%2Fg%2F11fq8v1psh!19sChIJjcy4bfzB9xQRG_EUr41FjFQ?authuser=0&hl=ar&g_ep=EgoyMDI2MDkzMC4wIJJjKgBIAVAD&rclk=1,Mit Ghamr,ar
Break Cafe',,"4,1",36,,30.7158325,31.2640412,0x14f7c1dc66cfb4f7:0x21b884d261e6e896,https://www.google.com/maps/place/Break+Cafe%27/data=!4m7!3m6!1s0x14f7c1dc66cfb4f7:0x21b884d261e6e896!8m2!3d30.7158325!4d31.2640412!16s%2Fg%2F11c715f7h1!19sChIJ97TPZtzB9xQRlujmYdKEuCE?authuser=0&hl=ar&g_ep=EgoyMDI2MDkzMC4wIJJjKgBIAVAD&rclk=1,Mit Salsil,ar
UEFA Playstation Cafe,,"4,5",83,,30.7216755,31.2546199,0x14f7c1da5b0de4cf:0x60047d6503a91724,https://www.google.com/maps/place/UEFA+Playstation+Cafe/data=!4m7!3m6!1s0x14f7c1da5b0de4cf:0x60047d6503a91724!8m2!3d30.7216755!4d31.2546199!16s%2Fg%2F11c1rfj3hz!19sChIJz-QNW9rB9xQRJBepA2V9BGA?authuser=0&hl=ar&g_ep=EgoyMDI2MDkzMC4wIJJjKgBIAVAD&rclk=1,Mit Ghamr,en
Massimo Cafe,,"5,0",5,,30.7175985,31.2575872,0x14f7c12e42b5c131:0x77b52dafc16ddb7e,https://www.google.com/maps/place/Massimo+Cafe/data=!4m7!3m6!1s0x14f7c12e42b5c131:0x77b52dafc16ddb7e!8m2!3d30.7175985!4d31.2575872!16s%2Fg%2F11myhhddr7!19sChIJMcG1Qi7B9xQRftttwa8ttXc?authuser=0&hl=ar&g_ep=EgoyMDI2MDkzMC4wIJJjKgBIAVAD&rclk=1,Mit Ghamr,en
كافيه الواحه,,"4,0",84,,30.7247461,31.2581343,0x14f7c159cb63260b:0x2ce0eb0ace2f93e7,https://www.google.com/maps/place/%D9%83%D8%A7%D9%81%D9%8A%D9%87+%D8%A7%D9%84%D9%88%D8%A7%D8%AD%D9%87%E2%80%AD/data=!4m7!3m6!1s0x14f7c159cb63260b:0x2ce0eb0ace2f93e7!8m2!3d30.7247461!4d31.2581343!16s%2Fg%2F11n175pqn_!19sChIJCyZjy1nB9xQR55Mvzgrr4Cw?authuser=0&hl=ar&g_ep=EgoyMDI2MDkzMC4wIJJjKgBIAVAD&rclk=1,Mit Ghamr,ar
مطعم مشويات حواس,,"4,0",588,,30.7202962,31.254436,0x14f7c1dba8bd7765:0x84108fd9581590a3,https://www.google.com/maps/place/%D9%85%D8%B7%D8%B9%D9%85+%D9%85%D8%B4%D9%88%D9%8A%D8%A7%D8%AA+%D8%AD%D9%88%D8%A7%D8%B3%E2%80%AD/data=!4m7!3m6!1s0x14f7c1dba8bd7765:0x84108fd9581590a3!8m2!3d30.7202962!4d31.254436!16s%2Fg%2F11ddx33h47!19sChIJZXe9qNvB9xQRo5AVWNmPEIQ?authuser=0&hl=ar&g_ep=EgoyMDI2MDkzMC4wIJJjKgBIAVAD&rclk=1,Mit Ghamr,en
San Siro,,"3,9",90,,30.7165512,31.2536398,0x14f7c1dcfa0f0315:0x4b754b504ca7d5f4,https://www.google.com/maps/place/San+Siro/data=!4m7!3m6!1s0x14f7c1dcfa0f0315:0x4b754b504ca7d5f4!8m2!3d30.7165512!4d31.2536398!16s%2Fg%2F11g6mh2x6v!19sChIJFQMP-tzB9xQR9NWnTFBLdUs?authuser=0&hl=ar&g_ep=EgoyMDI2MDkzMC4wIJJjKgBIAVAD&rclk=1,Mit Salsil,ar
Pochinki Cafe & playstation,,"4,3",26,,30.718657,31.2549568,0x14f7c1575a871913:0x278ff42f9d1a9c04,https://www.google.com/maps/place/Pochinki+Cafe+%26+playstation/data=!4m7!3m6!1s0x14f7c1575a871913:0x278ff42f9d1a9c04!8m2!3d30.718657!4d31.2549568!16s%2Fg%2F11h18c5nw7!19sChIJExmHWlfB9xQRBJwanS_0jyc?authuser=0&hl=ar&g_ep=EgoyMDI2MDkzMC4wIJJjKgBIAVAD&rclk=1,Mit Ghamr,en
مطعم و حاتي رشاد,,"3,7",162,,30.7104958,31.2651124,0x14f7ea752c70c205:0x66bf14de0082079e,https://www.google.com/maps/place/%D9%85%D8%B7%D8%B9%D9%85+%D9%88+%D8%AD%D8%A7%D8%AA%D9%8A+%D8%B1%D8%B4%D8%A7%D8%AF%E2%80%AD/data=!4m7!3m6!1s0x14f7ea752c70c205:0x66bf14de0082079e!8m2!3d30.7104958!4d31.2651124!16s%2Fg%2F11c1l6r3n7!19sChIJBcJwLHXq9xQRngeCAN4Uv2Y?authuser=0&hl=ar&g_ep=EgoyMDI2MDkzMC4wIJJjKgBIAVAD&rclk=1,Mit Ghamr,en
Mix MiniMarket. Coffee,,"4,6",48,,30.717388,31.2530046,0x14f7c1bbb8a27cbd:0xa3967d1d8db04426,https://www.google.com/maps/place/Mix+MiniMarket.+Coffee/data=!4m7!3m6!1s0x14f7c1bbb8a27cbd:0xa3967d1d8db04426!8m2!3d30.717388!4d31.2530046!16s%2Fg%2F11hzn4ry1n!19sChIJvXyiuLvB9xQRJkSwjR19lqM?authuser=0&hl=ar&g_ep=EgoyMDI2MDkzMC4wIJJjKgBIAVAD&rclk=1,Mit Ghamr,en
Double P (Pizza and Pasta),,"4,6",58,,30.7172318,31.2563639,0x14f7c1001aceff91:0x6250bddcf71b1aa2,https://www.google.com/maps/place/Double+P+%28Pizza+and+Pasta%29/data=!4m7!3m6!1s0x14f7c1001aceff91:0x6250bddcf71b1aa2!8m2!3d30.7172318!4d31.2563639!16s%2Fg%2F11x8fxp_j6!19sChIJkf_OGgDB9xQRohob99y9UGI?authuser=0&hl=ar&g_ep=EgoyMDI2MDkzMC4wIJJjKgBIAVAD&rclk=1,Mit Ghamr,en
Labranda Cafe,,"3,2",13,,30.7164256,31.2555188,0x14f7c17d66eeeee7:0x9b2c6904af76d343,https://www.google.com/maps/place/Labranda+Cafe/data=!4m7!3m6!1s0x14f7c17d66eeeee7:0x9b2c6904af76d343!8m2!3d30.7164256!4d31.2555188!16s%2Fg%2F11l35qkt5s!19sChIJ5-7uZn3B9xQRQ9N2rwRpLJs?authuser=0&hl=ar&g_ep=EgoyMDI2MDkzMC4wIJJjKgBIAVAD&rclk=1,Mit Ghamr,en
Waaj cafe,,"4,5",2,,30.7152686,31.2587465,0x14f7c100542b07bd:0x4dba638e5abbb76d,https://www.google.com/maps/place/Waaj+cafe/data=!4m7!3m6!1s0x14f7c100542b07bd:0x4dba638e5abbb76d!8m2!3d30.7152686!4d31.2587465!16s%2Fg%2F11z8yrz_6t!19sChIJvQcrVADB9xQRbbe7Wo5juk0?authuser=0&hl=ar&g_ep=EgoyMDI2MDkzMC4wIJJjKgBIAVAD&rclk=1,Mit Ghamr,ar
Crunchy Crepe,,"4,2",174,,30.7172085,31.2544302,0x14f7c160013f92bd:0x7c22e62d10898964,https://www.google.com/maps/place/Crunchy+Crepe/data=!4m7!3m6!1s0x14f7c160013f92bd:0x7c22e62d10898964!8m2!3d30.7172085!4d31.2544302!16s%2Fg%2F11j7hql9k7!19sChIJvZI_AWDB9xQRZImJEC3mInw?authuser=0&hl=ar&g_ep=EgoyMDI2MDkzMC4wIJJjKgBIAVAD&rclk=1,Mit Ghamr,ar
بورتو كافيه,,"3,5",170,,30.7220881,31.2552724,0x14f7c1da6a50840d:0xe012461fdf6216ac,https://www.google.com/maps/place/%D8%A8%D9%88%D8%B1%D8%AA%D9%88+%D9%83%D8%A7%D9%81%D9%8A%D9%87%E2%80%AD/data=!4m7!3m6!1s0x14f7c1da6a50840d:0xe012461fdf6216ac!8m2!3d30.7220881!4d31.2552724!16s%2Fg%2F11c2qz01jt!19sChIJDYRQatrB9xQRrBZi3x9GEuA?authuser=0&hl=ar&g_ep=EgoyMDI2MDkzMC4wIJJjKgBIAVAD&rclk=1,Mit Ghamr,ar
قهوة الجوهري,,"5,0",60,,30.7168944,31.2546052,0x14f7c13559745605:0x6fc043912b2aca3e,https://www.google.com/maps/place/%D9%82%D9%87%D9%88%D8%A9+%D8%A7%D9%84%D8%AC%D9%88%D9%87%D8%B1%D9%8A%E2%80%AD/data=!4m7!3m6!1s0x14f7c13559745605:0x6fc043912b2aca3e!8m2!3d30.7168944!4d31.2546052!16s%2Fg%2F11s3lkty5l!19sChIJBVZ0WTXB9xQRPsoqK5FDwG8?authuser=0&hl=ar&g_ep=EgoyMDI2MDkzMC4wIJJjKgBIAVAD&rclk=1,Mit Ghamr,en
كافيه لوكيشن cafe location,,"4,8",29,,30.7172359,31.2680922,0x14f7ebcf864913ef:0x5bbb8b181671f56f,https://www.google.com/maps/place/%D9%83%D8%A7%D9%81%D9%8A%D9%87+%D9%84%D9%88%D9%83%D9%8A%D8%B4%D9%86+cafe+location%E2%80%AD/data=!4m7!3m6!1s0x14f7ebcf864913ef:0x5bbb8b181671f56f!8m2!3d30.7172359!4d31.2680922!16s%2Fg%2F11fmz8g7xm!19sChIJ7xNJhs_r9xQRb_VxFhiLu1s?authuser=0&hl=ar&g_ep=EgoyMDI2MDkzMC4wIJJjKgBIAVAD&rclk=1,Mit Salsil,ar
Jazz Cafe,,"3,8",134,,30.7201842,31.2589189,0x14f7c1d9a5b0a31d:0x68178f95c5ba6fc1,https://www.google.com/maps/place/Jazz+Cafe/data=!4m7!3m6!1s0x14f7c1d9a5b0a31d:0x68178f95c5ba6fc1!8m2!3d30.7201842!4d31.2589189!16s%2Fg%2F11df0r9cfg!19sChIJHaOwpdnB9xQRwW-6xZWPF2g?authuser=0&hl=ar&g_ep=EgoyMDI2MDkzMC4wIJJjKgBIAVAD&rclk=1,Mit Salsil,ar
مطعم وكافيه فيو,,"3,7",37,,30.7222338,31.2521337,0x14f7c14f1b1669f9:0xbd3fab5e1293233c,https://www.google.com/maps/place/%D9%85%D8%B7%D8%B9%D9%85+%D9%88%D9%83%D8%A7%D9%81%D9%8A%D9%87+%D9%81%D9%8A%D9%88%E2%80%AD/data=!4m7!3m6!1s0x14f7c14f1b1669f9:0xbd3fab5e1293233c!8m2!3d30.7222338!4d31.2521337!16s%2Fg%2F11fskrrsk_!19sChIJ-WkWG0_B9xQRPCOTEl6rP70?authuser=0&hl=ar&g_ep=EgoyMDI2MDkzMC4wIJJjKgBIAVAD&rclk=1,Mit Ghamr,ar
Clasico/Atlantes cafe,,"4,2",162,,30.7199792,31.2534303,0x14f7c1db0d118a0b:0x7648d582b8c62770,https://www.google.com/maps/place/Clasico%2FAtlantes+cafe/data=!4m7!3m6!1s0x14f7c1db0d118a0b:0x7648d582b8c62770!8m2!3d30.7199792!4d31.2534303!16s%2Fg%2F11c0r4_2jr!19sChIJC4oRDdvB9xQRcCfGuILVSHY?authuser=0&hl=ar&g_ep=EgoyMDI2MDkzMC4wIJJjKgBIAVAD&rclk=1,Mit Ghamr,ar
قصر البارون حلويات,,"4,2",281,,30.7182259,31.2526173,0x14f7c1dcbd35afab:0x8abb7ef9e0d1451,https://www.google.com/maps/place/%D9%82%D8%B5%D8%B1+%D8%A7%D9%84%D8%A8%D8%A7%D8%B1%D9%88%D9%86+%D8%AD%D9%84%D9%88%D9%8A%D8%A7%D8%AA%E2%80%AD/data=!4m7!3m6!1s0x14f7c1dcbd35afab:0x8abb7ef9e0d1451!8m2!3d30.7182259!4d31.2526173!16s%2Fg%2F11dxgjtrfx!19sChIJq681vdzB9xQRURQNnu-3qwg?authuser=0&hl=ar&g_ep=EgoyMDI2MDkzMC4wIJJjKgBIAVAD&rclk=1,Mit Ghamr,en
EVO CAFE . P.S,,"4,3",71,,30.7169805,31.2533632,0x14f7c16e78281789:0xac6d8d8c8d92b33a,https://www.google.com/maps/place/EVO+CAFE+.+P.S/data=!4m7!3m6!1s0x14f7c16e78281789:0xac6d8d8c8d92b33a!8m2!3d30.7169805!4d31.2533632!16s%2Fg%2F11j4lpzvv_!19sChIJiRcoeG7B9xQROrOSjYyNbaw?authuser=0&hl=ar&g_ep=EgoyMDI2MDkzMC4wIJJjKgBIAVAD&rclk=1,Mit Salsil,ar
Black & white,,"4,5",37,,30.7197766,31.2544747,0x14f7c1a8fca6496b:0x3a1c91ab2b1bf043,https://www.google.com/maps/place/Black+%26+white/data=!4m7!3m6!1s0x14f7c1a8fca6496b:0x3a1c91ab2b1bf043!8m2!3d30.7197766!4d31.2544747!16s%2Fg%2F11h3jhdfhn!19sChIJa0mm_KjB9xQRQ_AbK6uRHDo?authuser=0&hl=ar&g_ep=EgoyMDI2MDkzMC4wIJJjKgBIAVAD&rclk=1,Mit Salsil,ar
Santafe fried chicken,,"4,1",50,,30.7160067,31.2572412,0x14f7c15e2cfecb23:0xa72ea4638db106af,https://www.google.com/maps/place/Santafe+fried+chicken/data=!4m7!3m6!1s0x14f7c15e2cfecb23:0xa72ea4638db106af!8m2!3d30.7160067!4d31.2572412!16s%2Fg%2F11jslrz7qt!19sChIJI8v-LF7B9xQRrwaxjWOkLqc?authuser=0&hl=ar&g_ep=EgoyMDI2MDkzMC4wIJJjKgBIAVAD&rclk=1,Mit Ghamr,en
مطعم البرج للاسماك البحرية,,"4,0",394,,30.7199375,31.2573125,0x14f7c1e31012bdd3:0x8ca0a79620aca20e,https://www.google.com/maps/place/%D9%85%D8%B7%D8%B9%D9%85+%D8%A7%D9%84%D8%A8%D8%B1%D8%AC+%D9%84%D9%84%D8%A7%D8%B3%D9%85%D8%A7%D9%83+%D8%A7%D9%84%D8%A8%D8%AD%D8%B1%D9%8A%D8%A9%E2%80%AD/data=!4m7!3m6!1s0x14f7c1e31012bdd3:0x8ca0a79620aca20e!8m2!3d30.7199375!4d31.2573125!16s%2Fg%2F11fj4b_rj0!19sChIJ070SEOPB9xQRDqKsIJanoIw?authuser=0&hl=ar&g_ep=EgoyMDI2MDkzMC4wIJJjKgBIAVAD&rclk=1,Mit Ghamr,en
مطعم آخر حاجه,,"3,7",546,,30.7175489,31.2535643,0x14f7c133a7f8fff7:0x8662f5535e3d298f,https://www.google.com/maps/place/%D9%85%D8%B7%D8%B9%D9%85+%D8%A2%D8%AE%D8%B1+%D8%AD%D8%A7%D8%AC%D9%87%E2%80%AD/data=!4m7!3m6!1s0x14f7c133a7f8fff7:0x8662f5535e3d298f!8m2!3d30.7175489!4d31.2535643!16s%2Fg%2F11gmwtmmph!19sChIJ9__4pzPB9xQRjyk9XlP1YoY?authuser=0&hl=ar&g_ep=EgoyMDI2MDkzMC4wIJJjKgBIAVAD&rclk=1,Mit Ghamr,en
قرية مكاني,,"5,0",1,,30.7185064,31.2692333,0x14f7eb0af12af673:0xffe01c2269327baa,https://www.google.com/maps/place/%D9%82%D8%B1%D9%8A%D8%A9+%D9%85%D9%83%D8%A7%D9%86%D9%8A%E2%80%AD/data=!4m7!3m6!1s0x14f7eb0af12af673:0xffe01c2269327baa!8m2!3d30.7185064!4d31.2692333!16s%2Fg%2F11q8w_xmb9!19sChIJc_Yq8Qrr9xQRqnsyaSIc4P8?authuser=0&hl=ar&g_ep=EgoyMDI2MDkzMC4wIJJjKgBIAVAD&rclk=1,Mit Ghamr,en
TRDLO HOUSE,,"4,4",51,,30.7175493,31.2547509,0x14f7c1aff9415aaf:0x9f9e4391f71bee00,https://www.google.com/maps/place/TRDLO+HOUSE/data=!4m7!3m6!1s0x14f7c1aff9415aaf:0x9f9e4391f71bee00!8m2!3d30.7175493!4d31.2547509!16s%2Fg%2F11hk9t0nts!19sChIJr1pB-a_B9xQRAO4b95FDnp8?authuser=0&hl=ar&g_ep=EgoyMDI2MDkzMC4wIJJjKgBIAVAD&rclk=1,Mit Ghamr,ar
Arcadia Cafe,,"4,0",107,,30.7169249,31.2678161,0x14f7ea76d72ab391:0x7520b2433b6b2a69,https://www.google.com/maps/place/Arcadia+Cafe/data=!4m7!3m6!1s0x14f7ea76d72ab391:0x7520b2433b6b2a69!8m2!3d30.7169249!4d31.2678161!16s%2Fg%2F11fy1dp2j4!19sChIJkbMq13bq9xQRaSprO0OyIHU?authuser=0&hl=ar&g_ep=EgoyMDI2MDkzMC4wIJJjKgBIAVAD&rclk=1,Mit Salsil,ar
aldywan almalaky Cafe,,"3,6",138,,30.7251367,31.2590258,0x14f7c1d6e3505303:0xf3fdba5c073a0238,https://www.google.com/maps/place/aldywan+almalaky+Cafe/data=!4m7!3m6!1s0x14f7c1d6e3505303:0xf3fdba5c073a0238!8m2!3d30.7251367!4d31.2590258!16s%2Fg%2F11c6v62h79!19sChIJA1NQ49bB9xQROAI6B1y6_fM?authuser=0&hl=ar&g_ep=EgoyMDI2MDkzMC4wIJJjKgBIAVAD&rclk=1,Mit Ghamr,ar
Cafe AROMA,,"3,9",241,,30.7240601,31.2568116,0x14f7c1d0caaafe6f:0x43b120c3d9fe4c77,https://www.google.com/maps/place/Cafe+AROMA/data=!4m7!3m6!1s0x14f7c1d0caaafe6f:0x43b120c3d9fe4c77!8m2!3d30.7240601!4d31.2568116!16s%2Fg%2F11fx_52kkw!19sChIJb_6qytDB9xQRd0z-2cMgsUM?authuser=0&hl=ar&g_ep=EgoyMDI2MDkzMC4wIJJjKgBIAVAD&rclk=1,Mit Salsil,ar
wink’s,,"4,6",10,,30.7174071,31.2549014,0x14f7c1b826372225:0x97a55a8f68711ac4,https://www.google.com/maps/place/wink%E2%80%99s/data=!4m7!3m6!1s0x14f7c1b826372225:0x97a55a8f68711ac4!8m2!3d30.7174071!4d31.2549014!16s%2Fg%2F11z0zzws_t!19sChIJJSI3JrjB9xQRxBpxaI9apZc?authuser=0&hl=ar&g_ep=EgoyMDI2MDkzMC4wIJJjKgBIAVAD&rclk=1,Mit Ghamr,ar
Molti Club,,"4,4",48,,30.7191125,31.2555583,0x14f7c15bc3055703:0x5eda30571301fccc,https://www.google.com/maps/place/Molti+Club/data=!4m7!3m6!1s0x14f7c15bc3055703:0x5eda30571301fccc!8m2!3d30.7191125!4d31.2555583!16s%2Fg%2F11fmyq2ll6!19sChIJA1cFw1vB9xQRzPwBE1cw2l4?authuser=0&hl=ar&g_ep=EgoyMDI2MDkzMC4wIJJjKgBIAVAD&rclk=1,Mit Ghamr,ar
EVO Cafehhhhhb,,"4,4",193,,30.7197264,31.2544884,0x14f7c1db9f47b895:0xd057e339438c273e,https://www.google.com/maps/place/EVO+Cafehhhhhb/data=!4m7!3m6!1s0x14f7c1db9f47b895:0xd057e339438c273e!8m2!3d30.7197264!4d31.2544884!16s%2Fg%2F11c2r2mfqg!19sChIJlbhHn9vB9xQRPieMQznjV9A?authuser=0&hl=ar&g_ep=EgoyMDI2MDkzMC4wIJJjKgBIAVAD&rclk=1,Mit Ghamr,ar
Moro - Cafe,,"4,6",7,,30.7190347,31.2549109,0x14f7c1f521f5eecd:0xe59ec491f5b7de5a,https://www.google.com/maps/place/Moro+-+Cafe/data=!4m7!3m6!1s0x14f7c1f521f5eecd:0xe59ec491f5b7de5a!8m2!3d30.7190347!4d31.2549109!16s%2Fg%2F11vhvxyl17!19sChIJze71IfXB9xQRWt639ZHEnuU?authuser=0&hl=ar&g_ep=EgoyMDI2MDkzMC4wIJJjKgBIAVAD&rclk=1,Mit Salsil,ar
Espresso Cafe,,"4,4",21,,30.7157096,31.2623467,0x14f7c1df5720b4f7:0xc50194b6c4c69e8d,https://www.google.com/maps/place/Espresso+Cafe/data=!4m7!3m6!1s0x14f7c1df5720b4f7:0xc50194b6c4c69e8d!8m2!3d30.7157096!4d31.2623467!16s%2Fg%2F11fzfdqjd5!19sChIJ97QgV9_B9xQRjZ7GxLaUAcU?authuser=0&hl=ar&g_ep=EgoyMDI2MDkzMC4wIJJjKgBIAVAD&rclk=1,Mit Salsil,ar
كنوز كافيه,,"3,6",34,,30.7192799,31.2546534,0x14f7c1373a861627:0xbd5d1db7c07c57b1,https://www.google.com/maps/place/%D9%83%D9%86%D9%88%D8%B2+%D9%83%D8%A7%D9%81%D9%8A%D9%87%E2%80%AD/data=!4m7!3m6!1s0x14f7c1373a861627:0xbd5d1db7c07c57b1!8m2!3d30.7192799!4d31.2546534!16s%2Fg%2F11fhr1r890!19sChIJJxaGOjfB9xQRsVd8wLcdXb0?authuser=0&hl=ar&g_ep=EgoyMDI2MDkzMC4wIJJjKgBIAVAD&rclk=1,Mit Ghamr,ar
ركنه كافيه,,"4,9",9,,30.7144435,31.2605534,0x14f7c1001ded6355:0x7f4f44fe3718868d,https://www.google.com/maps/place/%D8%B1%D9%83%D9%86%D9%87+%D9%83%D8%A7%D9%81%D9%8A%D9%87%E2%80%AD/data=!4m7!3m6!1s0x14f7c1001ded6355:0x7f4f44fe3718868d!8m2!3d30.7144435!4d31.2605534!16s%2Fg%2F11mcwfr0cf!19sChIJVWPtHQDB9xQRjYYYN_5ET38?authuser=0&hl=ar&g_ep=EgoyMDI2MDkzMC4wIJJjKgBIAVAD&rclk=1,Mit Ghamr,ar
بصمه,,"5,0",1,,30.718044,31.2563229,0x14f7c1000ca3c9b1:0x12b5346ba82dc84e,https://www.google.com/maps/place/%D8%A8%D8%B5%D9%85%D9%87%E2%80%AD/data=!4m7!3m6!1s0x14f7c1000ca3c9b1:0x12b5346ba82dc84e!8m2!3d30.718044!4d31.2563229!16s%2Fg%2F11ynp884vv!19sChIJscmjDADB9xQRTsgtqGs0tRI?authuser=0&hl=ar&g_ep=EgoyMDI2MDkzMC4wIJJjKgBIAVAD&rclk=1,Mit Ghamr,ar
moment coffe,,"5,0",4,,30.7197763,31.2544768,0x14f7c1650c332bcf:0x8794ad460218434b,https://www.google.com/maps/place/moment+coffe/data=!4m7!3m6!1s0x14f7c1650c332bcf:0x8794ad460218434b!8m2!3d30.7197763!4d31.2544768!16s%2Fg%2F11h4286lly!19sChIJzyszDGXB9xQRS0MYAkatlIc?authuser=0&hl=ar&g_ep=EgoyMDI2MDkzMC4wIJJjKgBIAVAD&rclk=1,Mit Ghamr,ar
كافيه روتانا - Rotana cafe,,"4,0",15,,30.716311,31.2676344,0x14f7ebcc745e2b2b:0x6de98d6390bd6725,https://www.google.com/maps/place/%D9%83%D8%A7%D9%81%D9%8A%D9%87+%D8%B1%D9%88%D8%AA%D8%A7%D9%86%D8%A7+-+Rotana+cafe%E2%80%AD/data=!4m7!3m6!1s0x14f7ebcc745e2b2b:0x6de98d6390bd6725!8m2!3d30.716311!4d31.2676344!16s%2Fg%2F11fj49zbpp!19sChIJKytedMzr9xQRJWe9kGON6W0?authuser=0&hl=ar&g_ep=EgoyMDI2MDkzMC4wIJJjKgBIAVAD&rclk=1,Mit Ghamr,ar
كافية سلطانة,,"5,0",2,,30.711462,31.2541827,0x14f7c1e68c07f575:0xef35ef436d82f933,https://www.google.com/maps/place/%D9%83%D8%A7%D9%81%D9%8A%D8%A9+%D8%B3%D9%84%D8%B7%D8%A7%D9%86%D8%A9%E2%80%AD/data=!4m7!3m6!1s0x14f7c1e68c07f575:0xef35ef436d82f933!8m2!3d30.711462!4d31.2541827!16s%2Fg%2F11r8whq_dc!19sChIJdfUHjObB9xQRM_mCbUPvNe8?authuser=0&hl=ar&g_ep=EgoyMDI2MDkzMC4wIJJjKgBIAVAD&rclk=1,Mit Ghamr,ar
PerlaStation,,"4,7",7,,30.7174234,31.2547193,0x14f7c179ffa5fc65:0xb6f0f64c99d93d83,https://www.google.com/maps/place/PerlaStation/data=!4m7!3m6!1s0x14f7c179ffa5fc65:0xb6f0f64c99d93d83!8m2!3d30.7174234!4d31.2547193!16s%2Fg%2F11h4_q2pks!19sChIJZfyl_3nB9xQRgz3ZmUz28LY?authuser=0&hl=ar&g_ep=EgoyMDI2MDkzMC4wIJJjKgBIAVAD&rclk=1,Mit Ghamr,ar
برازيليان كوفي,,"3,9",140,,30.7196893,31.2537615,0x14f7c1db747d0143:0xcd9d2497a676ecf3,https://www.google.com/maps/place/%D8%A8%D8%B1%D8%A7%D8%B2%D9%8A%D9%84%D9%8A%D8%A7%D9%86+%D9%83%D9%88%D9%81%D9%8A%E2%80%AD/data=!4m7!3m6!1s0x14f7c1db747d0143:0xcd9d2497a676ecf3!8m2!3d30.7196893!4d31.2537615!16s%2Fg%2F11g6rl41jb!19sChIJQwF9dNvB9xQR8-x2ppcknc0?authuser=0&hl=ar&g_ep=EgoyMDI2MDkzMC4wIJJjKgBIAVAD&rclk=1,Mit Ghamr,ar
Fruits mini cafe & takeaway,,"4,2",6,,30.7172837,31.2550542,0x14f7c12bfb1fdd57:0x12f3793a1aad4338,https://www.google.com/maps/place/Fruits+mini+cafe+%26+takeaway/data=!4m7!3m6!1s0x14f7c12bfb1fdd57:0x12f3793a1aad4338!8m2!3d30.7172837!4d31.2550542!16s%2Fg%2F11h23_hf4j!19sChIJV90f-yvB9xQROEOtGjp58xI?authuser=0&hl=ar&g_ep=EgoyMDI2MDkzMC4wIJJjKgBIAVAD&rclk=1,Mit Ghamr,ar
Rievera,,"4,0",31,,30.7194253,31.2526737,0x14f7c1db6789814b:0x8d638dd57f151957,https://www.google.com/maps/place/Rievera/data=!4m7!3m6!1s0x14f7c1db6789814b:0x8d638dd57f151957!8m2!3d30.7194253!4d31.2526737!16s%2Fg%2F11c53nwsph!19sChIJS4GJZ9vB9xQRVxkVf9WNY40?authuser=0&hl=ar&g_ep=EgoyMDI2MDkzMC4wIJJjKgBIAVAD&rclk=1,Mit Ghamr,ar
نايل بلو,,"4,6",7,,30.7214573,31.2518703,0x14f7c1fbdbe9824d:0xd9ecfd2a21e5522f,https://www.google.com/maps/place/%D9%86%D8%A7%D9%8A%D9%84+%D8%A8%D9%84%D9%88%E2%80%AD/data=!4m7!3m6!1s0x14f7c1fbdbe9824d:0xd9ecfd2a21e5522f!8m2!3d30.7214573!4d31.2518703!16s%2Fg%2F11p9v_v7bq!19sChIJTYLp2_vB9xQRL1LlISr97Nk?authuser=0&hl=ar&g_ep=EgoyMDI2MDkzMC4wIJJjKgBIAVAD&rclk=1,Mit Ghamr,ar
كافيتيريا الصحبجية,,"4,1",77,,30.7087608,31.260399,0x14f7c109c08297e9:0xe8721eb29731d85f,https://www.google.com/maps/place/%D9%83%D8%A7%D9%81%D9%8A%D8%AA%D9%8A%D8%B1%D9%8A%D8%A7+%D8%A7%D9%84%D8%B5%D8%AD%D8%A8%D8%AC%D9%8A%D8%A9%E2%80%AD/data=!4m7!3m6!1s0x14f7c109c08297e9:0xe8721eb29731d85f!8m2!3d30.7087608!4d31.260399!16s%2Fg%2F11fpsm6rq3!19sChIJ6ZeCwAnB9xQRX9gxl7Iecug?authuser=0&hl=ar&g_ep=EgoyMDI2MDkzMC4wIJJjKgBIAVAD&rclk=1,Mit Ghamr,ar
MarshmellowResturant&cafe,,"3,5",22,,30.7162567,31.2552482,0x14f7c1dc46443551:0x4eb5e1c4839ca7dc,https://www.google.com/maps/place/MarshmellowResturant%26cafe/data=!4m7!3m6!1s0x14f7c1dc46443551:0x4eb5e1c4839ca7dc!8m2!3d30.7162567!4d31.2552482!16s%2Fg%2F11fzn_lq8t!19sChIJUTVERtzB9xQR3Kecg8ThtU4?authuser=0&hl=ar&g_ep=EgoyMDI2MDkzMC4wIJJjKgBIAVAD&rclk=1,Mit Ghamr,ar
Yum Resturant,,"4,2",47,,30.7206923,31.2543864,0x14f7c1b6f2a14a23:0xc0eedc46156589ef,https://www.google.com/maps/place/Yum+Resturant/data=!4m7!3m6!1s0x14f7c1b6f2a14a23:0xc0eedc46156589ef!8m2!3d30.7206923!4d31.2543864!16s%2Fg%2F11gt8q3h_w!19sChIJI0qh8rbB9xQR74llFUbc7sA?authuser=0&hl=ar&g_ep=EgoyMDI2MDkzMC4wIJJjKgBIAVAD&rclk=1,Mit Ghamr,ar
Family cafe,,"4,3",3,,30.7182764,31.252301,0x14f7c132b6d8d26f:0xe5b16b0af4adf68c,https://www.google.com/maps/place/Family+cafe/data=!4m7!3m6!1s0x14f7c132b6d8d26f:0xe5b16b0af4adf68c!8m2!3d30.7182764!4d31.252301!16s%2Fg%2F11j3l2drmz!19sChIJb9LYtjLB9xQRjPat9AprseU?authuser=0&hl=ar&g_ep=EgoyMDI2MDkzMC4wIJJjKgBIAVAD&rclk=1,Mit Ghamr,ar
مقهى مزيكا,,"4,4",9,,30.7250787,31.258083,0x14f7c139f1ee857d:0x490708d6a96b2ec9,https://www.google.com/maps/place/%D9%85%D9%82%D9%87%D9%89+%D9%85%D8%B2%D9%8A%D9%83%D8%A7%E2%80%AD/data=!4m7!3m6!1s0x14f7c139f1ee857d:0x490708d6a96b2ec9!8m2!3d30.7250787!4d31.258083!16s%2Fg%2F11h807602p!19sChIJfYXu8TnB9xQRyS5rqdYIB0k?authuser=0&hl=ar&g_ep=EgoyMDI2MDkzMC4wIJJjKgBIAVAD&rclk=1,Mit Ghamr,ar
حضرموت,,"4,0",438,,30.7161743,31.2563164,0x14f7c19b57f6d533:0x115cd704b5bb06a2,https://www.google.com/maps/place/%D8%AD%D8%B6%D8%B1%D9%85%D9%88%D8%AA%E2%80%AD/data=!4m7!3m6!1s0x14f7c19b57f6d533:0x115cd704b5bb06a2!8m2!3d30.7161743!4d31.2563164!16s%2Fg%2F11hzn4nhfg!19sChIJM9X2V5vB9xQRoga7tQTXXBE?authuser=0&hl=ar&g_ep=EgoyMDI2MDkzMC4wIJJjKgBIAVAD&rclk=1,Mit Ghamr,ar
Lavita Restaurant & Café,,"5,0",12,,31.0899817,31.5992502,0x14f77f368428a21f:0xd227d83c08ac537a,https://www.google.com/maps/place/Lavita+Restaurant+%26+Caf%C3%A9/data=!4m7!3m6!1s0x14f77f368428a21f:0xd227d83c08ac537a!8m2!3d31.0899817!4d31.5992502!16s%2Fg%2F11zx3c9j2t!19sChIJH6IohDZ_9xQRelOsCDzYJ9I?authuser=0&hl=ar&g_ep=EgoyMDI2MDkzMC4wIJJjKgBIAVAD&rclk=1,Dekernes,en
HAVANA,,"4,2",26,,31.0921226,31.5932717,0x14f77f877697792d:0xef768747b5bf5c8a,https://www.google.com/maps/place/HAVANA/data=!4m7!3m6!1s0x14f77f877697792d:0xef768747b5bf5c8a!8m2!3d31.0921226!4d31.5932717!16s%2Fg%2F11ytz02s1w!19sChIJLXmXdod_9xQRily_tUeHdu8?authuser=0&hl=ar&g_ep=EgoyMDI2MDkzMC4wIJJjKgBIAVAD&rclk=1,Dekernes,ar
El-Khedewy Cafe,,"3,9",132,,31.0860099,31.5998744,0x14f77f42810586e9:0xa662c3b50b4a649e,https://www.google.com/maps/place/El-Khedewy+Cafe/data=!4m7!3m6!1s0x14f77f42810586e9:0xa662c3b50b4a649e!8m2!3d31.0860099!4d31.5998744!16s%2Fg%2F11gmg3535h!19sChIJ6YYFgUJ_9xQRnmRKC7XDYqY?authuser=0&hl=ar&g_ep=EgoyMDI2MDkzMC4wIJJjKgBIAVAD&rclk=1,Mit Salsil,ar
تعسيلة كافيه - T3silla Cafe,,"4,9",18,,31.0870873,31.6007292,0x14f77fba826b21e3:0x5db3150173f04751,https://www.google.com/maps/place/%D8%AA%D8%B9%D8%B3%D9%8A%D9%84%D8%A9+%D9%83%D8%A7%D9%81%D9%8A%D9%87+-+T3silla+Cafe%E2%80%AD/data=!4m7!3m6!1s0x14f77fba826b21e3:0x5db3150173f04751!8m2!3d31.0870873!4d31.6007292!16s%2Fg%2F11vprf5t88!19sChIJ4yFrgrp_9xQRUUfwcwEVs10?authuser=0&hl=ar&g_ep=EgoyMDI2MDkzMC4wIJJjKgBIAVAD&rclk=1,Dekernes,en
Rivoli Café and PlayStation,,"4,2",124,,31.08986,31.602651,0x14f77f0fa25665af:0xd1d59bd15d0f8241,https://www.google.com/maps/place/Rivoli+Caf%C3%A9+and+PlayStation/data=!4m7!3m6!1s0x14f77f0fa25665af:0xd1d59bd15d0f8241!8m2!3d31.08986!4d31.602651!16s%2Fg%2F11fljj45fg!19sChIJr2VWog9_9xQRQYIPXdGb1dE?authuser=0&hl=ar&g_ep=EgoyMDI2MDkzMC4wIJJjKgBIAVAD&rclk=1,Mit Salsil,ar
Butcha,,"4,3",136,,31.092022,31.5938821,0x14f77f36457bbd31:0x9c0a51e4b15e4c97,https://www.google.com/maps/place/Butcha/data=!4m7!3m6!1s0x14f77f36457bbd31:0x9c0a51e4b15e4c97!8m2!3d31.092022!4d31.5938821!16s%2Fg%2F11nxfm0lnx!19sChIJMb17RTZ_9xQRl0xeseRRCpw?authuser=0&hl=ar&g_ep=EgoyMDI2MDkzMC4wIJJjKgBIAVAD&rclk=1,Faraskur,ar
ORCHID CAFÉ,,"3,6",32,,31.0896349,31.6003603,0x14f77fca8433b089:0xcaa5e4c0fadecfdb,https://www.google.com/maps/place/ORCHID+CAF%C3%89/data=!4m7!3m6!1s0x14f77fca8433b089:0xcaa5e4c0fadecfdb!8m2!3d31.0896349!4d31.6003603!16s%2Fg%2F11lfgprwf6!19sChIJibAzhMp_9xQR28_e-sDkpco?authuser=0&hl=ar&g_ep=EgoyMDI2MDkzMC4wIJJjKgBIAVAD&rclk=1,Dekernes,ar
Lava Restaurant,,"5,0",2,,31.0921675,31.5925632,0x14f77fc2927a07a7:0xe08a5409f80311bf,https://www.google.com/maps/place/Lava+Restaurant/data=!4m7!3m6!1s0x14f77fc2927a07a7:0xe08a5409f80311bf!8m2!3d31.0921675!4d31.5925632!16s%2Fg%2F11zx46hlqk!19sChIJpwd6ksJ_9xQRvxED-AlUiuA?authuser=0&hl=ar&g_ep=EgoyMDI2MDkzMC4wIJJjKgBIAVAD&rclk=1,Dekernes,ar
عم حسني,,"4,7",3,,31.0857187,31.5985054,0x14f77f6bdcd1ffb7:0xe5748b266b79027c,https://www.google.com/maps/place/%D8%B9%D9%85+%D8%AD%D8%B3%D9%86%D9%8A%E2%80%AD/data=!4m7!3m6!1s0x14f77f6bdcd1ffb7:0xe5748b266b79027c!8m2!3d31.0857187!4d31.5985054!16s%2Fg%2F11z5gr8kf_!19sChIJt__R3Gt_9xQRfAJ5ayaLdOU?authuser=0&hl=ar&g_ep=EgoyMDI2MDkzMC4wIJJjKgBIAVAD&rclk=1,Dekernes,en
Afandina cafe,,"3,8",96,,31.0912093,31.6002844,0x14f77e742386d52f:0xcd3951ba26ab528d,https://www.google.com/maps/place/Afandina+cafe/data=!4m7!3m6!1s0x14f77e742386d52f:0xcd3951ba26ab528d!8m2!3d31.0912093!4d31.6002844!16s%2Fg%2F11dz3vt4tf!19sChIJL9WGI3R-9xQRjVKrJrpROc0?authuser=0&hl=ar&g_ep=EgoyMDI2MDkzMC4wIJJjKgBIAVAD&rclk=1,Mit Salsil,ar
Jumanji,,"3,7",30,,31.0920904,31.5912209,0x14f77f82e6db63dd:0x9be7ea7fc6694dce,https://www.google.com/maps/place/Jumanji/data=!4m7!3m6!1s0x14f77f82e6db63dd:0x9be7ea7fc6694dce!8m2!3d31.0920904!4d31.5912209!16s%2Fg%2F11t6jpz3hb!19sChIJ3WPb5oJ_9xQRzk1pxn_q55s?authuser=0&hl=ar&g_ep=EgoyMDI2MDkzMC4wIJJjKgBIAVAD&rclk=1,Rasheed,en
DEXTER'S,,"4,1",337,,31.0920899,31.5912728,0x14f77fca5156c22b:0xd5d72ef79b85f84d,https://www.google.com/maps/place/DEXTER%27S/data=!4m7!3m6!1s0x14f77fca5156c22b:0xd5d72ef79b85f84d!8m2!3d31.0920899!4d31.5912728!16s%2Fg%2F11kmfny069!19sChIJK8JWUcp_9xQRTfiFm_cu19U?authuser=0&hl=ar&g_ep=EgoyMDI2MDkzMC4wIJJjKgBIAVAD&rclk=1,Dekernes,en
Down Town cafe,,"4,0",305,,31.0753525,31.6038068,0x14f77e6ae65c2521:0x556f019a82020bd7,https://www.google.com/maps/place/Down+Town+cafe/data=!4m7!3m6!1s0x14f77e6ae65c2521:0x556f019a82020bd7!8m2!3d31.0753525!4d31.6038068!16s%2Fg%2F11byxf1z8v!19sChIJISVc5mp-9xQR1wsCgpoBb1U?authuser=0&hl=ar&g_ep=EgoyMDI2MDkzMC4wIJJjKgBIAVAD&rclk=1,Bani Ubaid,ar
Boshy smash dikernes,,"3,0",1,,31.0818527,31.6096513,0x14f77f0729177c19:0xcc2c20029d05a9d4,https://www.google.com/maps/place/Boshy+smash+dikernes/data=!4m7!3m6!1s0x14f77f0729177c19:0xcc2c20029d05a9d4!8m2!3d31.0818527!4d31.6096513!16s%2Fg%2F11ywby5lqj!19sChIJGXwXKQd_9xQR1KkFnQIgLMw?authuser=0&hl=ar&g_ep=EgoyMDI2MDkzMC4wIJJjKgBIAVAD&rclk=1,Dekernes,en
كافيه بونجور,,"3,8",99,,31.0915658,31.5958039,0x14f77f534ff2f881:0xbf4c9068316938dc,https://www.google.com/maps/place/%D9%83%D8%A7%D9%81%D9%8A%D9%87+%D8%A8%D9%88%D9%86%D8%AC%D9%88%D8%B1%E2%80%AD/data=!4m7!3m6!1s0x14f77f534ff2f881:0xbf4c9068316938dc!8m2!3d31.0915658!4d31.5958039!16s%2Fg%2F11g_rmg2n_!19sChIJgfjyT1N_9xQR3DhpMWiQTL8?authuser=0&hl=ar&g_ep=EgoyMDI2MDkzMC4wIJJjKgBIAVAD&rclk=1,Dekernes,ar
نيو برمه للحلويات,,"4,0",206,,31.0851687,31.6022959,0x14f77e72679d473d:0xbd059759d720bf1d,https://www.google.com/maps/place/%D9%86%D9%8A%D9%88+%D8%A8%D8%B1%D9%85%D9%87+%D9%84%D9%84%D8%AD%D9%84%D9%88%D9%8A%D8%A7%D8%AA%E2%80%AD/data=!4m7!3m6!1s0x14f77e72679d473d:0xbd059759d720bf1d!8m2!3d31.0851687!4d31.6022959!16s%2Fg%2F1q5ccn5pp!19sChIJPUedZ3J-9xQRHb8g11mXBb0?authuser=0&hl=ar&g_ep=EgoyMDI2MDkzMC4wIJJjKgBIAVAD&rclk=1,Dekernes,en
حلواني فاضل FADEL,,"4,4",106,,31.0818368,31.6096069,0x14f77fc0849dff9b:0xa8dddb50ba2ff486,https://www.google.com/maps/place/%D8%AD%D9%84%D9%88%D8%A7%D9%86%D9%8A+%D9%81%D8%A7%D8%B6%D9%84+FADEL%E2%80%AD/data=!4m7!3m6!1s0x14f77fc0849dff9b:0xa8dddb50ba2ff486!8m2!3d31.0818368!4d31.6096069!16s%2Fg%2F11sdnzzdx0!19sChIJm_-dhMB_9xQRhvQvulDb3ag?authuser=0&hl=ar&g_ep=EgoyMDI2MDkzMC4wIJJjKgBIAVAD&rclk=1,Dekernes,en
الهرم كافيه,,"3,9",247,,31.0897488,31.6034828,0x14f77e749188a0d1:0xbd9795eca282720,https://www.google.com/maps/place/%D8%A7%D9%84%D9%87%D8%B1%D9%85+%D9%83%D8%A7%D9%81%D9%8A%D9%87%E2%80%AD/data=!4m7!3m6!1s0x14f77e749188a0d1:0xbd9795eca282720!8m2!3d31.0897488!4d31.6034828!16s%2Fg%2F11f00jxnw6!19sChIJ0aCIkXR-9xQRICcoyl552Qs?authuser=0&hl=ar&g_ep=EgoyMDI2MDkzMC4wIJJjKgBIAVAD&rclk=1,Dekernes,en
مطعم و كافيه رصيف نمرة 5,,"5,0",2,,31.0844758,31.5982725,0x14f77f004fedaf93:0x5ccc66172b84a83f,https://www.google.com/maps/place/%D9%85%D8%B7%D8%B9%D9%85+%D9%88+%D9%83%D8%A7%D9%81%D9%8A%D9%87+%D8%B1%D8%B5%D9%8A%D9%81+%D9%86%D9%85%D8%B1%D8%A9+5%E2%80%AD/data=!4m7!3m6!1s0x14f77f004fedaf93:0x5ccc66172b84a83f!8m2!3d31.0844758!4d31.5982725!16s%2Fg%2F11yw4yr32r!19sChIJk6_tTwB_9xQRP6iEKxdmzFw?authuser=0&hl=ar&g_ep=EgoyMDI2MDkzMC4wIJJjKgBIAVAD&rclk=1,Dekernes,en
العويضة,,"4,1",130,,31.0816498,31.6029028,0x14f77fff48b65ecf:0xb7e686f6fb025faf,https://www.google.com/maps/place/%D8%A7%D9%84%D8%B9%D9%88%D9%8A%D8%B6%D8%A9%E2%80%AD/data=!4m7!3m6!1s0x14f77fff48b65ecf:0xb7e686f6fb025faf!8m2!3d31.0816498!4d31.6029028!16s%2Fg%2F11j01f00lb!19sChIJz162SP9_9xQRr18C-_aG5rc?authuser=0&hl=ar&g_ep=EgoyMDI2MDkzMC4wIJJjKgBIAVAD&rclk=1,Dekernes,en
Lava,,"4,4",51,,31.0921684,31.5925395,0x14f77fe89a393b6d:0x2384a2993ae9e078,https://www.google.com/maps/place/Lava/data=!4m7!3m6!1s0x14f77fe89a393b6d:0x2384a2993ae9e078!8m2!3d31.0921684!4d31.5925395!16s%2Fg%2F11vf4dcm5t!19sChIJbTs5muh_9xQReODpOpmihCM?authuser=0&hl=ar&g_ep=EgoyMDI2MDkzMC4wIJJjKgBIAVAD&rclk=1,Dekernes,en
DOPPIO,,"4,2",34,,31.0900001,31.6026515,0x14f77f57ab239ba7:0x2ebce2ee32b84203,https://www.google.com/maps/place/DOPPIO/data=!4m7!3m6!1s0x14f77f57ab239ba7:0x2ebce2ee32b84203!8m2!3d31.0900001!4d31.6026515!16s%2Fg%2F11hzsp46dg!19sChIJp5sjq1d_9xQRA0K4Mu7ivC4?authuser=0&hl=ar&g_ep=EgoyMDI2MDkzMC4wIJJjKgBIAVAD&rclk=1,Dekernes,ar
مطعم كونو,,"4,9",15,,31.0837653,31.5976427,0x14f77f0014395315:0xf164893156fbb1c0,https://www.google.com/maps/place/%D9%85%D8%B7%D8%B9%D9%85+%D9%83%D9%88%D9%86%D9%88%E2%80%AD/data=!4m7!3m6!1s0x14f77f0014395315:0xf164893156fbb1c0!8m2!3d31.0837653!4d31.5976427!16s%2Fg%2F11vs2f48kb!19sChIJFVM5FAB_9xQRwLH7VjGJZPE?authuser=0&hl=ar&g_ep=EgoyMDI2MDkzMC4wIJJjKgBIAVAD&rclk=1,Dekernes,en
كافيه الساحل الشمالي Elsahel Elshmaly Cafe,,"3,7",567,,31.0906304,31.600527,0x14f77e7417101401:0xf1c5a56f540a0355,https://www.google.com/maps/place/%D9%83%D8%A7%D9%81%D9%8A%D9%87+%D8%A7%D9%84%D8%B3%D8%A7%D8%AD%D9%84+%D8%A7%D9%84%D8%B4%D9%85%D8%A7%D9%84%D9%8A+Elsahel+Elshmaly+Cafe%E2%80%AD/data=!4m7!3m6!1s0x14f77e7417101401:0xf1c5a56f540a0355!8m2!3d31.0906304!4d31.600527!16s%2Fg%2F11cnc2p6d5!19sChIJARQQF3R-9xQRVQMKVG-lxfE?authuser=0&hl=ar&g_ep=EgoyMDI2MDkzMC4wIJJjKgBIAVAD&rclk=1,Bagour,ar
مطعم باب الحارة دكرنس,,"4,0",231,,31.0861851,31.5974756,0x14f77f3776b78bf9:0x155c743eb15e509,https://www.google.com/maps/place/%D9%85%D8%B7%D8%B9%D9%85+%D8%A8%D8%A7%D8%A8+%D8%A7%D9%84%D8%AD%D8%A7%D8%B1%D8%A9+%D8%AF%D9%83%D8%B1%D9%86%D8%B3%E2%80%AD/data=!4m7!3m6!1s0x14f77f3776b78bf9:0x155c743eb15e509!8m2!3d31.0861851!4d31.5974756!16s%2Fg%2F11h2nqfkn3!19sChIJ-Yu3djd_9xQRCeUV60PHVQE?authuser=0&hl=ar&g_ep=EgoyMDI2MDkzMC4wIJJjKgBIAVAD&rclk=1,Dekernes,ar
Napoli,,"5,0",2,,31.0898092,31.599718,0x14f77ff4f4353c6f:0xb66806574856f138,https://www.google.com/maps/place/Napoli/data=!4m7!3m6!1s0x14f77ff4f4353c6f:0xb66806574856f138!8m2!3d31.0898092!4d31.599718!16s%2Fg%2F11svmhv4g_!19sChIJbzw19PR_9xQROPFWSFcGaLY?authuser=0&hl=ar&g_ep=EgoyMDI2MDkzMC4wIJJjKgBIAVAD&rclk=1,Dekernes,en
Zozo Cafe,,"4,1",14,,31.0873127,31.5883591,0x14f77f52d492de5b:0xa22d7d347f850a8,https://www.google.com/maps/place/Zozo+Cafe/data=!4m7!3m6!1s0x14f77f52d492de5b:0xa22d7d347f850a8!8m2!3d31.0873127!4d31.5883591!16s%2Fg%2F11m1zw_7gw!19sChIJW96S1FJ_9xQRqFD4R9PXIgo?authuser=0&hl=ar&g_ep=EgoyMDI2MDkzMC4wIJJjKgBIAVAD&rclk=1,Dekernes,en
Amin Café,,"4,1",22,,31.0843441,31.6001626,0x14f77e6df92ead73:0x5e1de819f6281287,https://www.google.com/maps/place/Amin+Caf%C3%A9/data=!4m7!3m6!1s0x14f77e6df92ead73:0x5e1de819f6281287!8m2!3d31.0843441!4d31.6001626!16s%2Fg%2F11g8dn5wgr!19sChIJc60u-W1-9xQRhxIo9hnoHV4?authuser=0&hl=ar&g_ep=EgoyMDI2MDkzMC4wIJJjKgBIAVAD&rclk=1,Dekernes,ar
Café laroz,,"5,0",6,,31.088131,31.6018604,0x14f77f005eb83f97:0xbe5bd6ac2896675c,https://www.google.com/maps/place/Caf%C3%A9+laroz/data=!4m7!3m6!1s0x14f77f005eb83f97:0xbe5bd6ac2896675c!8m2!3d31.088131!4d31.6018604!16s%2Fg%2F11xkvd0zt0!19sChIJlz-4XgB_9xQRXGeWKKzWW74?authuser=0&hl=ar&g_ep=EgoyMDI2MDkzMC4wIJJjKgBIAVAD&rclk=1,Dekernes,en
مطعم زنون,,"3,9",105,,31.0874881,31.5973328,0x14f77e71ae97814d:0x9b9f145f9a8a6fe6,https://www.google.com/maps/place/%D9%85%D8%B7%D8%B9%D9%85+%D8%B2%D9%86%D9%88%D9%86%E2%80%AD/data=!4m7!3m6!1s0x14f77e71ae97814d:0x9b9f145f9a8a6fe6!8m2!3d31.0874881!4d31.5973328!16s%2Fg%2F11c5_nqwnc!19sChIJTYGXrnF-9xQR5m-Kml8Un5s?authuser=0&hl=ar&g_ep=EgoyMDI2MDkzMC4wIJJjKgBIAVAD&rclk=1,Dekernes,en
TROVI restaurant & cafe,,"1,0",2,,31.089867,31.5998905,0x14f77f7859b08d4b:0xd3e668e8f90131d6,https://www.google.com/maps/place/TROVI+restaurant+%26+cafe/data=!4m7!3m6!1s0x14f77f7859b08d4b:0xd3e668e8f90131d6!8m2!3d31.089867!4d31.5998905!16s%2Fg%2F11sq29fghz!19sChIJS42wWXh_9xQR1jEB-eho5tM?authuser=0&hl=ar&g_ep=EgoyMDI2MDkzMC4wIJJjKgBIAVAD&rclk=1,Dekernes,en
Einstein,,"4,0",28,,31.0860571,31.6003173,0x14f77f691d44b603:0xe36acdcfdc5048b3,https://www.google.com/maps/place/Einstein/data=!4m7!3m6!1s0x14f77f691d44b603:0xe36acdcfdc5048b3!8m2!3d31.0860571!4d31.6003173!16s%2Fg%2F11fdww8np1!19sChIJA7ZEHWl_9xQRs0hQ3M_NauM?authuser=0&hl=ar&g_ep=EgoyMDI2MDkzMC4wIJJjKgBIAVAD&rclk=1,Dekernes,en
مطعم الشمخي,,"3,4",52,,31.0843758,31.5966561,0x14f77f554d114a37:0xd05cb2f215c39080,https://www.google.com/maps/place/%D9%85%D8%B7%D8%B9%D9%85+%D8%A7%D9%84%D8%B4%D9%85%D8%AE%D9%8A%E2%80%AD/data=!4m7!3m6!1s0x14f77f554d114a37:0xd05cb2f215c39080!8m2!3d31.0843758!4d31.5966561!16s%2Fg%2F11h6m8swxj!19sChIJN0oRTVV_9xQRgJDDFfKyXNA?authuser=0&hl=ar&g_ep=EgoyMDI2MDkzMC4wIJJjKgBIAVAD&rclk=1,Dekernes,ar
CHYKKO,,"5,0",2,,31.0868925,31.6045437,0x14f77f90944d2c4f:0xdc9e77a4250e3311,https://www.google.com/maps/place/CHYKKO/data=!4m7!3m6!1s0x14f77f90944d2c4f:0xdc9e77a4250e3311!8m2!3d31.0868925!4d31.6045437!16s%2Fg%2F11ywzk8p34!19sChIJTyxNlJB_9xQRETMOJaR3ntw?authuser=0&hl=ar&g_ep=EgoyMDI2MDkzMC4wIJJjKgBIAVAD&rclk=1,Dekernes,en
Moamen cafe,,"5,0",1,,31.0922222,31.5923784,0x14f77fbe7160415f:0xd46268c29f53c439,https://www.google.com/maps/place/Moamen+cafe/data=!4m7!3m6!1s0x14f77fbe7160415f:0xd46268c29f53c439!8m2!3d31.0922222!4d31.5923784!16s%2Fg%2F11vbvl8spb!19sChIJX0Fgcb5_9xQROcRTn8JoYtQ?authuser=0&hl=ar&g_ep=EgoyMDI2MDkzMC4wIJJjKgBIAVAD&rclk=1,Mahalla Damana,ar
كافتيريا,,"4,1",49,,31.0811549,31.6020384,0x14f77e6c53b6d145:0x5214e837de64da0b,https://www.google.com/maps/place/%D9%83%D8%A7%D9%81%D8%AA%D9%8A%D8%B1%D9%8A%D8%A7%E2%80%AD/data=!4m7!3m6!1s0x14f77e6c53b6d145:0x5214e837de64da0b!8m2!3d31.0811549!4d31.6020384!16s%2Fg%2F11fy9dzlfx!19sChIJRdG2U2x-9xQRC9pk3jfoFFI?authuser=0&hl=ar&g_ep=EgoyMDI2MDkzMC4wIJJjKgBIAVAD&rclk=1,Dekernes,ar
كافيه الدقي الجديد.,,"3,7",88,,31.0867348,31.5968593,0x14f77e704a886477:0x4238399a36ae5f65,https://www.google.com/maps/place/%D9%83%D8%A7%D9%81%D9%8A%D9%87+%D8%A7%D9%84%D8%AF%D9%82%D9%8A+%D8%A7%D9%84%D8%AC%D8%AF%D9%8A%D8%AF.%E2%80%AD/data=!4m7!3m6!1s0x14f77e704a886477:0x4238399a36ae5f65!8m2!3d31.0867348!4d31.5968593!16s%2Fg%2F11c2py2dn7!19sChIJd2SISnB-9xQRZV-uNpo5OEI?authuser=0&hl=ar&g_ep=EgoyMDI2MDkzMC4wIJJjKgBIAVAD&rclk=1,Dekernes,ar
PURE BAR COFFEE,,"4,3",3,,31.0863996,31.597652,0x14f77f9f4c533785:0x7525d2662c111721,https://www.google.com/maps/place/PURE+BAR+COFFEE/data=!4m7!3m6!1s0x14f77f9f4c533785:0x7525d2662c111721!8m2!3d31.0863996!4d31.597652!16s%2Fg%2F11rd5p5lzh!19sChIJhTdTTJ9_9xQRIRcRLGbSJXU?authuser=0&hl=ar&g_ep=EgoyMDI2MDkzMC4wIJJjKgBIAVAD&rclk=1,Dekernes,en
مطعم أسماك النيل,,"4,1",485,,31.0921213,31.5917149,0x14f77e79870fffbf:0xa3a4af1b3310dd40,https://www.google.com/maps/place/%D9%85%D8%B7%D8%B9%D9%85+%D8%A3%D8%B3%D9%85%D8%A7%D9%83+%D8%A7%D9%84%D9%86%D9%8A%D9%84%E2%80%AD/data=!4m7!3m6!1s0x14f77e79870fffbf:0xa3a4af1b3310dd40!8m2!3d31.0921213!4d31.5917149!16s%2Fg%2F11b_1psq38!19sChIJv_8Ph3l-9xQRQN0QMxuvpKM?authuser=0&hl=ar&g_ep=EgoyMDI2MDkzMC4wIJJjKgBIAVAD&rclk=1,Dekernes,en
مأكولات أهل الشام,,"3,8",108,,31.0853353,31.6023603,0x14f77fc6d837414d:0x640617bcbea46633,https://www.google.com/maps/place/%D9%85%D8%A3%D9%83%D9%88%D9%84%D8%A7%D8%AA+%D8%A3%D9%87%D9%84+%D8%A7%D9%84%D8%B4%D8%A7%D9%85%E2%80%AD/data=!4m7!3m6!1s0x14f77fc6d837414d:0x640617bcbea46633!8m2!3d31.0853353!4d31.6023603!16s%2Fg%2F11v0kldtgk!19sChIJTUE32MZ_9xQRM2akvrwXBmQ?authuser=0&hl=ar&g_ep=EgoyMDI2MDkzMC4wIJJjKgBIAVAD&rclk=1,Dekernes,ar
مطعم ابناء المحلة الكبري ( ابوحامد),,"3,9",487,,31.0872351,31.6009083,0x14f77f9f92bc0aa3:0x9de7a915960d9456,https://www.google.com/maps/place/%D9%85%D8%B7%D8%B9%D9%85+%D8%A7%D8%A8%D9%86%D8%A7%D8%A1+%D8%A7%D9%84%D9%85%D8%AD%D9%84%D8%A9+%D8%A7%D9%84%D9%83%D8%A8%D8%B1%D9%8A+%28+%D8%A7%D8%A8%D9%88%D8%AD%D8%A7%D9%85%D8%AF%29%E2%80%AD/data=!4m7!3m6!1s0x14f77f9f92bc0aa3:0x9de7a915960d9456!8m2!3d31.0872351!4d31.6009083!16s%2Fg%2F11gvx_8wfk!19sChIJowq8kp9_9xQRVpQNlhWp550?authuser=0&hl=ar&g_ep=EgoyMDI2MDkzMC4wIJJ,Dekernes,en
الخيمه,,"5,0",2,,31.092117,31.5934206,0x14f77f8794c6c37f:0x8ef3702445391867,https://www.google.com/maps/place/%D8%A7%D9%84%D8%AE%D9%8A%D9%85%D9%87%E2%80%AD/data=!4m7!3m6!1s0x14f77f8794c6c37f:0x8ef3702445391867!8m2!3d31.092117!4d31.5934206!16s%2Fg%2F11n9tzgbp_!19sChIJf8PGlId_9xQRZxg5RSRw844?authuser=0&hl=ar&g_ep=EgoyMDI2MDkzMC4wIJJjKgBIAVAD&rclk=1,Dekernes,en
فلك أول وورك سبيس في دكرنس,,"5,0",3,,31.0865297,31.6003007,0x14f77f000ca97cd9:0xecee1cefdacb82b7,https://www.google.com/maps/place/%D9%81%D9%84%D9%83+%D8%A3%D9%88%D9%84+%D9%88%D9%88%D8%B1%D9%83+%D8%B3%D8%A8%D9%8A%D8%B3+%D9%81%D9%8A+%D8%AF%D9%83%D8%B1%D9%86%D8%B3%E2%80%AD/data=!4m7!3m6!1s0x14f77f000ca97cd9:0xecee1cefdacb82b7!8m2!3d31.0865297!4d31.6003007!16s%2Fg%2F11xffpgjjk!19sChIJ2XypDAB_9xQRt4LL2u8c7uw?authuser=0&hl=ar&g_ep=EgoyMDI2MDkzMC4wIJJjKgBIAVAD&rclk=1,Dekernes,en
Bonsoir Café,,"3,4",13,,31.091814,31.5949396,0x14f77f31e823409d:0xa9bb31ea24e374ea,https://www.google.com/maps/place/Bonsoir+Caf%C3%A9/data=!4m7!3m6!1s0x14f77f31e823409d:0xa9bb31ea24e374ea!8m2!3d31.091814!4d31.5949396!16s%2Fg%2F11fk9pn6y7!19sChIJnUAj6DF_9xQR6nTjJOoxu6k?authuser=0&hl=ar&g_ep=EgoyMDI2MDkzMC4wIJJjKgBIAVAD&rclk=1,Dekernes,ar
مطعم فلفله,,"5,0",2,,31.0863933,31.5965804,0x14f77fb33a81260d:0xa2088dd89b8128a,https://www.google.com/maps/place/%D9%85%D8%B7%D8%B9%D9%85+%D9%81%D9%84%D9%81%D9%84%D9%87%E2%80%AD/data=!4m7!3m6!1s0x14f77fb33a81260d:0xa2088dd89b8128a!8m2!3d31.0863933!4d31.5965804!16s%2Fg%2F11vb5fgcd8!19sChIJDSaBOrN_9xQRihK4id2IIAo?authuser=0&hl=ar&g_ep=EgoyMDI2MDkzMC4wIJJjKgBIAVAD&rclk=1,Dekernes,ar
Elshawaya Restaurant,,"5,0",2,,31.080603,31.5973825,0x14f77fa4ffd30f83:0x6dc80497e919d273,https://www.google.com/maps/place/Elshawaya+Restaurant/data=!4m7!3m6!1s0x14f77fa4ffd30f83:0x6dc80497e919d273!8m2!3d31.080603!4d31.5973825!16s%2Fg%2F11y4b1607t!19sChIJgw_T_6R_9xQRc9IZ6ZcEyG0?authuser=0&hl=ar&g_ep=EgoyMDI2MDkzMC4wIJJjKgBIAVAD&rclk=1,Dekernes,ar
فهيم جروب,,"4,2",12,,31.0877639,31.5794991,0x14f77f0031f53e3f:0x313624344bd8d8bf,https://www.google.com/maps/place/%D9%81%D9%87%D9%8A%D9%85+%D8%AC%D8%B1%D9%88%D8%A8%E2%80%AD/data=!4m7!3m6!1s0x14f77f0031f53e3f:0x313624344bd8d8bf!8m2!3d31.0877639!4d31.5794991!16s%2Fg%2F11xgys3znv!19sChIJPz71MQB_9xQRv9jYSzQkNjE?authuser=0&hl=ar&g_ep=EgoyMDI2MDkzMC4wIJJjKgBIAVAD&rclk=1,Faraskur,ar
Burger Plus | برجر بلص,,"5,0",13,,31.0876285,31.6008894,0x14f77f27443a3061:0xfdd94aad4f9eb7af,https://www.google.com/maps/place/Burger+Plus+%7C+%D8%A8%D8%B1%D8%AC%D8%B1+%D8%A8%D9%84%D8%B5%E2%80%AD/data=!4m7!3m6!1s0x14f77f27443a3061:0xfdd94aad4f9eb7af!8m2!3d31.0876285!4d31.6008894!16s%2Fg%2F11mvktkn0s!19sChIJYTA6RCd_9xQRr7eeT61K2f0?authuser=0&hl=ar&g_ep=EgoyMDI2MDkzMC4wIJJjKgBIAVAD&rclk=1,Dekernes,en
OVO Cafe,,"5,0",3,,31.0897822,31.6000868,0x14f77ff89dc6997f:0x80e218776ff33387,https://www.google.com/maps/place/OVO+Cafe/data=!4m7!3m6!1s0x14f77ff89dc6997f:0x80e218776ff33387!8m2!3d31.0897822!4d31.6000868!16s%2Fg%2F11zbtk0b76!19sChIJf5nGnfh_9xQRhzPzb3cY4oA?authuser=0&hl=ar&g_ep=EgoyMDI2MDkzMC4wIJJjKgBIAVAD&rclk=1,Dekernes,en
كافتيريا أبو سعيد,,"4,5",48,,31.0919189,31.594506,0x14f77f242d569c43:0x2b2326077463a186,https://www.google.com/maps/place/%D9%83%D8%A7%D9%81%D8%AA%D9%8A%D8%B1%D9%8A%D8%A7+%D8%A3%D8%A8%D9%88+%D8%B3%D8%B9%D9%8A%D8%AF%E2%80%AD/data=!4m7!3m6!1s0x14f77f242d569c43:0x2b2326077463a186!8m2!3d31.0919189!4d31.594506!16s%2Fg%2F11jnmynr2t!19sChIJQ5xWLSR_9xQRhqFjdAcmIys?authuser=0&hl=ar&g_ep=EgoyMDI2MDkzMC4wIJJjKgBIAVAD&rclk=1,Dekernes,en
مطعم ابو سمره للمشويات,,"4,0",40,,31.092166,31.5919987,0x14f77f8164a5a9bf:0x1a585cbc300bdb57,https://www.google.com/maps/place/%D9%85%D8%B7%D8%B9%D9%85+%D8%A7%D8%A8%D9%88+%D8%B3%D9%85%D8%B1%D9%87+%D9%84%D9%84%D9%85%D8%B4%D9%88%D9%8A%D8%A7%D8%AA%E2%80%AD/data=!4m7!3m6!1s0x14f77f8164a5a9bf:0x1a585cbc300bdb57!8m2!3d31.092166!4d31.5919987!16s%2Fg%2F11rfdjwn0p!19sChIJv6mlZIF_9xQRV9sLMLxcWBo?authuser=0&hl=ar&g_ep=EgoyMDI2MDkzMC4wIJJjKgBIAVAD&rclk=1,Dekernes,en
مطعم وكافيه كرانشي,,"4,0",10,,31.0895998,31.5999624,0x14f77f093e521d0b:0x1eab8efaa1541407,https://www.google.com/maps/place/%D9%85%D8%B7%D8%B9%D9%85+%D9%88%D9%83%D8%A7%D9%81%D9%8A%D9%87+%D9%83%D8%B1%D8%A7%D9%86%D8%B4%D9%8A%E2%80%AD/data=!4m7!3m6!1s0x14f77f093e521d0b:0x1eab8efaa1541407!8m2!3d31.0895998!4d31.5999624!16s%2Fg%2F11jh2wm4lg!19sChIJCx1SPgl_9xQRBxRUofqOqx4?authuser=0&hl=ar&g_ep=EgoyMDI2MDkzMC4wIJJjKgBIAVAD&rclk=1,Dekernes,ar
Blue Bar,,"3,6",22,,31.0899372,31.6000366,0x14f77ff4a7fe510b:0x7be0a423211ec6d8,https://www.google.com/maps/place/Blue+Bar/data=!4m7!3m6!1s0x14f77ff4a7fe510b:0x7be0a423211ec6d8!8m2!3d31.0899372!4d31.6000366!16s%2Fg%2F11gmwdg9yx!19sChIJC1H-p_R_9xQR2MYeISOk4Hs?authuser=0&hl=ar&g_ep=EgoyMDI2MDkzMC4wIJJjKgBIAVAD&rclk=1,Dekernes,en
Cuba Cafe And Gaming center,,"4,2",55,,31.0899682,31.5978709,0x14f77f46ebcaa3f7:0x32c8331d6d34b5af,https://www.google.com/maps/place/Cuba+Cafe+And+Gaming+center/data=!4m7!3m6!1s0x14f77f46ebcaa3f7:0x32c8331d6d34b5af!8m2!3d31.0899682!4d31.5978709!16s%2Fg%2F11g2yycx2w!19sChIJ96PK60Z_9xQRr7U0bR0zyDI?authuser=0&hl=ar&g_ep=EgoyMDI2MDkzMC4wIJJjKgBIAVAD&rclk=1,Dekernes,en
مقهي الاخرس,,"3,4",46,,31.0861243,31.5939864,0x14f77e655512d65d:0x24ec145e4e5ef3b2,https://www.google.com/maps/place/%D9%85%D9%82%D9%87%D9%8A+%D8%A7%D9%84%D8%A7%D8%AE%D8%B1%D8%B3%E2%80%AD/data=!4m7!3m6!1s0x14f77e655512d65d:0x24ec145e4e5ef3b2!8m2!3d31.0861243!4d31.5939864!16s%2Fg%2F11f03zmvh2!19sChIJXdYSVWV-9xQRsvNeTl4U7CQ?authuser=0&hl=ar&g_ep=EgoyMDI2MDkzMC4wIJJjKgBIAVAD&rclk=1,Dekernes,ar
فيلا كافيه,,"4,1",52,,31.081255,31.6036745,0x14f77fe13bed747f:0x7a2d61fe10eafa95,https://www.google.com/maps/place/%D9%81%D9%8A%D9%84%D8%A7+%D9%83%D8%A7%D9%81%D9%8A%D9%87%E2%80%AD/data=!4m7!3m6!1s0x14f77fe13bed747f:0x7a2d61fe10eafa95!8m2!3d31.081255!4d31.6036745!16s%2Fg%2F11t4yl1w10!19sChIJf3TtO-F_9xQRlfrqEP5hLXo?authuser=0&hl=ar&g_ep=EgoyMDI2MDkzMC4wIJJjKgBIAVAD&rclk=1,Mit Salsil,ar
مطعم عبد الجليل,,"3,9",39,,31.0852424,31.5993127,0x14f77e71fa5b32df:0x4c54226d40bc85aa,https://www.google.com/maps/place/%D9%85%D8%B7%D8%B9%D9%85+%D8%B9%D8%A8%D8%AF+%D8%A7%D9%84%D8%AC%D9%84%D9%8A%D9%84%E2%80%AD/data=!4m7!3m6!1s0x14f77e71fa5b32df:0x4c54226d40bc85aa!8m2!3d31.0852424!4d31.5993127!16s%2Fg%2F11g9mgpdz2!19sChIJ3zJb-nF-9xQRqoW8QG0iVEw?authuser=0&hl=ar&g_ep=EgoyMDI2MDkzMC4wIJJjKgBIAVAD&rclk=1,Dekernes,ar
حاتي شملول,,"4,2",23,,31.0898687,31.5863439,0x14f77f31864ad86b:0x87327f34e7ddf528,https://www.google.com/maps/place/%D8%AD%D8%A7%D8%AA%D9%8A+%D8%B4%D9%85%D9%84%D9%88%D9%84%E2%80%AD/data=!4m7!3m6!1s0x14f77f31864ad86b:0x87327f34e7ddf528!8m2!3d31.0898687!4d31.5863439!16s%2Fg%2F11m84jpqtz!19sChIJa9hKhjF_9xQRKPXd5zR_Moc?authuser=0&hl=ar&g_ep=EgoyMDI2MDkzMC4wIJJjKgBIAVAD&rclk=1,Dekernes,en
مطعم قاصد كريم الحاج محمود الدسوقي,,"4,2",114,,31.0846224,31.6012262,0x14f77e72730dfe5f:0xcfe3626c0de097f3,https://www.google.com/maps/place/%D9%85%D8%B7%D8%B9%D9%85+%D9%82%D8%A7%D8%B5%D8%AF+%D9%83%D8%B1%D9%8A%D9%85+%D8%A7%D9%84%D8%AD%D8%A7%D8%AC+%D9%85%D8%AD%D9%85%D9%88%D8%AF+%D8%A7%D9%84%D8%AF%D8%B3%D9%88%D9%82%D9%8A%E2%80%AD/data=!4m7!3m6!1s0x14f77e72730dfe5f:0xcfe3626c0de097f3!8m2!3d31.0846224!4d31.6012262!16s%2Fg%2F11f3sq02c9!19sChIJX_4Nc3J-9xQR85fgDWxi488?authuser=0&hl=ar&g_ep=EgoyMDI2MDkzMC4wIJJ,Dekernes,en
Costa كوستا كافيه,,"3,7",62,,31.0901035,31.5997917,0x14f77e7401fdda99:0xd1cf37f1831245c4,https://www.google.com/maps/place/Costa+%D9%83%D9%88%D8%B3%D8%AA%D8%A7+%D9%83%D8%A7%D9%81%D9%8A%D9%87%E2%80%AD/data=!4m7!3m6!1s0x14f77e7401fdda99:0xd1cf37f1831245c4!8m2!3d31.0901035!4d31.5997917!16s%2Fg%2F11dxdn33wr!19sChIJmdr9AXR-9xQRxEUSg_E3z9E?authuser=0&hl=ar&g_ep=EgoyMDI2MDkzMC4wIJJjKgBIAVAD&rclk=1,Dekernes,ar
loveit cafee,,"4,2",11,,31.0893447,31.5999443,0x14f77fd7bcaee201:0xf565a576841bf585,https://www.google.com/maps/place/loveit+cafee/data=!4m7!3m6!1s0x14f77fd7bcaee201:0xf565a576841bf585!8m2!3d31.0893447!4d31.5999443!16s%2Fg%2F11jlhx852h!19sChIJAeKuvNd_9xQRhfUbhHalZfU?authuser=0&hl=ar&g_ep=EgoyMDI2MDkzMC4wIJJjKgBIAVAD&rclk=1,Dekernes,ar
Gotham Play Station&cofe,,"5,0",3,,31.0808879,31.5937243,0x14f77f4694ab0c87:0x22aee6a14b721ae5,https://www.google.com/maps/place/Gotham+Play+Station%26cofe/data=!4m7!3m6!1s0x14f77f4694ab0c87:0x22aee6a14b721ae5!8m2!3d31.0808879!4d31.5937243!16s%2Fg%2F11t10_zckr!19sChIJhwyrlEZ_9xQR5RpyS6HmriI?authuser=0&hl=ar&g_ep=EgoyMDI2MDkzMC4wIJJjKgBIAVAD&rclk=1,Dekernes,ar
Caffeine,,"5,0",2,,31.0841042,31.6031335,0x14f77fdea41e590b:0xd0c790124b3a11df,https://www.google.com/maps/place/Caffeine/data=!4m7!3m6!1s0x14f77fdea41e590b:0xd0c790124b3a11df!8m2!3d31.0841042!4d31.6031335!16s%2Fg%2F11j4lp7cj1!19sChIJC1kepN5_9xQR3xE6SxKQx9A?authuser=0&hl=ar&g_ep=EgoyMDI2MDkzMC4wIJJjKgBIAVAD&rclk=1,Dekernes,ar
DANDANA CAFE,,"3,9",8,,31.0903318,31.6008206,0x14f77f72bf7bb313:0xec2c1c3833664fb,https://www.google.com/maps/place/DANDANA+CAFE/data=!4m7!3m6!1s0x14f77f72bf7bb313:0xec2c1c3833664fb!8m2!3d31.0903318!4d31.6008206!16s%2Fg%2F11h3dnntjd!19sChIJE7N7v3J_9xQR-2Q2g8PBwg4?authuser=0&hl=ar&g_ep=EgoyMDI2MDkzMC4wIJJjKgBIAVAD&rclk=1,Dekernes,ar
Elso7bagia,,"4,2",28,,31.0192004,31.6530331,0x14f9d5088611c3b1:0xe7e8ff4607d32d57,https://www.google.com/maps/place/Elso7bagia/data=!4m7!3m6!1s0x14f9d5088611c3b1:0xe7e8ff4607d32d57!8m2!3d31.0192004!4d31.6530331!16s%2Fg%2F11hzwddg4p!19sChIJscMRhgjV-RQRVy3TB0b_6Oc?authuser=0&hl=ar&g_ep=EgoyMDI2MDkzMC4wIJJjKgBIAVAD&rclk=1,Bani Ubaid,ar
Bon Appètit - بون ابيتى,,"4,1",19,,30.8896875,31.4596875,0x14f785f695a91e03:0xda1ce291dd3dc8e5,https://www.google.com/maps/place/Bon+App%C3%A8tit+-+%D8%A8%D9%88%D9%86+%D8%A7%D8%A8%D9%8A%D8%AA%D9%89%E2%80%AD/data=!4m7!3m6!1s0x14f785f695a91e03:0xda1ce291dd3dc8e5!8m2!3d30.8896875!4d31.4596875!16s%2Fg%2F11rj4vg9v_!19sChIJAx6plfaF9xQR5cg93ZHiHNo?authuser=0&hl=ar&g_ep=EgoyMDI2MDkzMC4wIJJjKgBIAVAD&rclk=1,Faraskur,ar
Koffie Art Specialty Cafe,,"4,4",214,,31.0309936,31.3559907,0x14f79d955ff2cb8f:0xf2ad5e410c43307b,https://www.google.com/maps/place/Koffie+Art+Specialty+Cafe/data=!4m7!3m6!1s0x14f79d955ff2cb8f:0xf2ad5e410c43307b!8m2!3d31.0309936!4d31.3559907!16s%2Fg%2F11t_h0fqxz!19sChIJj8vyX5Wd9xQRezBDDEFerfI?authuser=0&hl=ar&g_ep=EgoyMDI2MDkzMC4wIJJjKgBIAVAD&rclk=1,Dekernes,ar
بيت الكباب ( عجينة ),,"4,1",12,,31.0853634,31.5980917,0x14f77f1a9a944f87:0x794876336a9192dc,https://www.google.com/maps/place/%D8%A8%D9%8A%D8%AA+%D8%A7%D9%84%D9%83%D8%A8%D8%A7%D8%A8+%28+%D8%B9%D8%AC%D9%8A%D9%86%D8%A9+%29%E2%80%AD/data=!4m7!3m6!1s0x14f77f1a9a944f87:0x794876336a9192dc!8m2!3d31.0853634!4d31.5980917!16s%2Fg%2F11sjykm400!19sChIJh0-Umhp_9xQR3JKRajN2SHk?authuser=0&hl=ar&g_ep=EgoyMDI2MDkzMC4wIJJjKgBIAVAD&rclk=1,Dekernes,ar
حلواني الصعيدي,,"4,1",56,,31.0870734,31.5967045,0x14f77e6ece36ff0b:0x2fdf281ed979d82a,https://www.google.com/maps/place/%D8%AD%D9%84%D9%88%D8%A7%D9%86%D9%8A+%D8%A7%D9%84%D8%B5%D8%B9%D9%8A%D8%AF%D9%8A%E2%80%AD/data=!4m7!3m6!1s0x14f77e6ece36ff0b:0x2fdf281ed979d82a!8m2!3d31.0870734!4d31.5967045!16s%2Fg%2F11b5pj6nt0!19sChIJC_82zm5-9xQRKth52R4o3y8?authuser=0&hl=ar&g_ep=EgoyMDI2MDkzMC4wIJJjKgBIAVAD&rclk=1,Dekernes,ar
Vip,,,,,31.087775,31.5884698,0x14f77f2318846bc5:0xd65a22fbf43b44f9,https://www.google.com/maps/place/Vip/data=!4m7!3m6!1s0x14f77f2318846bc5:0xd65a22fbf43b44f9!8m2!3d31.087775!4d31.5884698!16s%2Fg%2F11p15rcl86!19sChIJxWuEGCN_9xQR-UQ79PsiWtY?authuser=0&hl=ar&g_ep=EgoyMDI2MDkzMC4wIJJjKgBIAVAD&rclk=1,Dekernes,ar
Vova cafe,,"4,4",12,,31.045597,31.3514048,0x14f79fe734aba2f3:0xb1f47217928f1dbf,https://www.google.com/maps/place/Vova+cafe/data=!4m7!3m6!1s0x14f79fe734aba2f3:0xb1f47217928f1dbf!8m2!3d31.045597!4d31.3514048!16s%2Fg%2F11y504qs_1!19sChIJ86KrNOef9xQRvx2Pkhdy9LE?authuser=0&hl=ar&g_ep=EgoyMDI2MDkzMC4wIJJjKgBIAVAD&rclk=1,Dekernes,ar
مطعم الشواية,,"3,9",64,,31.0821265,31.5973043,0x14f77e6efb5460e9:0xb0104120e60e1366,https://www.google.com/maps/place/%D9%85%D8%B7%D8%B9%D9%85+%D8%A7%D9%84%D8%B4%D9%88%D8%A7%D9%8A%D8%A9%E2%80%AD/data=!4m7!3m6!1s0x14f77e6efb5460e9:0xb0104120e60e1366!8m2!3d31.0821265!4d31.5973043!16s%2Fg%2F11c5_t8snr!19sChIJ6WBU-25-9xQRZhMO5iBBELA?authuser=0&hl=ar&g_ep=EgoyMDI2MDkzMC4wIJJjKgBIAVAD&rclk=1,Dekernes,ar
مطعم الاطاوى,,"3,0",1,,31.08058,31.5978165,0x14f77e6ece36ff0b:0x69b399e7c9b135fc,https://www.google.com/maps/place/%D9%85%D8%B7%D8%B9%D9%85+%D8%A7%D9%84%D8%A7%D8%B7%D8%A7%D9%88%D9%89%E2%80%AD/data=!4m7!3m6!1s0x14f77e6ece36ff0b:0x69b399e7c9b135fc!8m2!3d31.08058!4d31.5978165!16s%2Fg%2F11b5pj3f54!19sChIJC_82zm5-9xQR_DWxyeeZs2k?authuser=0&hl=ar&g_ep=EgoyMDI2MDkzMC4wIJJjKgBIAVAD&rclk=1,Dekernes,ar
كافيه ومطعم كيندر,,"4,2",44,,30.8798897,31.460068,0x14f78f07427b2263:0xe433bf43824aab3c,https://www.google.com/maps/place/%D9%83%D8%A7%D9%81%D9%8A%D9%87+%D9%88%D9%85%D8%B7%D8%B9%D9%85+%D9%83%D9%8A%D9%86%D8%AF%D8%B1%E2%80%AD/data=!4m7!3m6!1s0x14f78f07427b2263:0xe433bf43824aab3c!8m2!3d30.8798897!4d31.460068!16s%2Fg%2F11hs9xmrhb!19sChIJYyJ7QgeP9xQRPKtKgkO_M-Q?authuser=0&hl=ar&g_ep=EgoyMDI2MDkzMC4wIJJjKgBIAVAD&rclk=1,Manzala,ar
The Hive,,"4,6",25,,31.2158969,31.3550433,0x14f7713118bea94d:0x8d25e138b82c1e23,https://www.google.com/maps/place/The+Hive/data=!4m7!3m6!1s0x14f7713118bea94d:0x8d25e138b82c1e23!8m2!3d31.2158969!4d31.3550433!16s%2Fg%2F11mkkytks4!19sChIJTam-GDFx9xQRIx4suDjhJY0?authuser=0&hl=ar&g_ep=EgoyMDI2MDkzMC4wIJJjKgBIAVAD&rclk=1,Belqas,ar
مطعم وكافيه لافا,,"4,5",83,,31.2142736,31.3609444,0x14f7711418027c99:0xf136f2fb1b0d8939,https://www.google.com/maps/place/%D9%85%D8%B7%D8%B9%D9%85+%D9%88%D9%83%D8%A7%D9%81%D9%8A%D9%87+%D9%84%D8%A7%D9%81%D8%A7%E2%80%AD/data=!4m7!3m6!1s0x14f7711418027c99:0xf136f2fb1b0d8939!8m2!3d31.2142736!4d31.3609444!16s%2Fg%2F11kj3cqm4h!19sChIJmXwCGBRx9xQROYkNG_vyNvE?authuser=0&hl=ar&g_ep=EgoyMDI2MDkzMC4wIJJjKgBIAVAD&rclk=1,Gamasa_suburb_south,en
Hamam Restaurant and Cafe,,"4,3",16,,31.2162151,31.3617928,0x14f77318118b4cc3:0xa4b9f4d96252a83,https://www.google.com/maps/place/Hamam+Restaurant+and+Cafe/data=!4m7!3m6!1s0x14f77318118b4cc3:0xa4b9f4d96252a83!8m2!3d31.2162151!4d31.3617928!16s%2Fg%2F11t2tbfdxw!19sChIJw0yLERhz9xQRgyollk2fSwo?authuser=0&hl=ar&g_ep=EgoyMDI2MDkzMC4wIJJjKgBIAVAD&rclk=1,Faraskur,ar
مطعم النبي عربي,,"4,6",43,,31.2098327,31.3588071,0x14f771eda2964b2b:0x5672ded38f8e8b99,https://www.google.com/maps/place/%D9%85%D8%B7%D8%B9%D9%85+%D8%A7%D9%84%D9%86%D8%A8%D9%8A+%D8%B9%D8%B1%D8%A8%D9%8A%E2%80%AD/data=!4m7!3m6!1s0x14f771eda2964b2b:0x5672ded38f8e8b99!8m2!3d31.2098327!4d31.3588071!16s%2Fg%2F11mqwn3scl!19sChIJK0uWou1x9xQRmYuOj9PeclY?authuser=0&hl=ar&g_ep=EgoyMDI2MDkzMC4wIJJjKgBIAVAD&rclk=1,Belqas,ar
Castello Cafe,,"3,9",136,,31.2202504,31.3630703,0x14f7718d25fd8083:0xf83f62fe30c9201,https://www.google.com/maps/place/Castello+Cafe/data=!4m7!3m6!1s0x14f7718d25fd8083:0xf83f62fe30c9201!8m2!3d31.2202504!4d31.3630703!16s%2Fg%2F11dzdk1rl1!19sChIJg4D9JY1x9xQRAZIM4y_2gw8?authuser=0&hl=ar&g_ep=EgoyMDI2MDkzMC4wIJJjKgBIAVAD&rclk=1,Faraskur,ar
مطعم كافيار لخيرات البحار بلقاس,,"4,0",,,31.215161,31.3530406,0x14f771c67a508cab:0x41eda7cc19911fc,https://www.google.com/maps/place/%D9%85%D8%B7%D8%B9%D9%85+%D9%83%D8%A7%D9%81%D9%8A%D8%A7%D8%B1+%D9%84%D8%AE%D9%8A%D8%B1%D8%A7%D8%AA+%D8%A7%D9%84%D8%A8%D8%AD%D8%A7%D8%B1+%D8%A8%D9%84%D9%82%D8%A7%D8%B3%E2%80%AD/data=!4m7!3m6!1s0x14f771c67a508cab:0x41eda7cc19911fc!8m2!3d31.215161!4d31.3530406!16s%2Fg%2F11j1d3ysmt!19sChIJq4xQesZx9xQR_BGZwXzaHgQ?authuser=0&hl=ar&g_ep=EgoyMDI2MDkzMC4wIJJjKgBIAVAD&rclk=,Belqas,en
كافيه الفراعنه,,"3,8",356,,31.2128605,31.3628628,0x14f7718fa996fffb:0x9c691ccebda659de,https://www.google.com/maps/place/%D9%83%D8%A7%D9%81%D9%8A%D9%87+%D8%A7%D9%84%D9%81%D8%B1%D8%A7%D8%B9%D9%86%D9%87%E2%80%AD/data=!4m7!3m6!1s0x14f7718fa996fffb:0x9c691ccebda659de!8m2!3d31.2128605!4d31.3628628!16s%2Fg%2F11dz558tfn!19sChIJ-_-WqY9x9xQR3lmmvc4caZw?authuser=0&hl=ar&g_ep=EgoyMDI2MDkzMC4wIJJjKgBIAVAD&rclk=1,Faraskur,ar
Caffè DEL VENTO,,"4,2",260,,31.1861661,31.393954,0x14f7719ad44518a3:0x998ee9dd6fc7f292,https://www.google.com/maps/place/Caff%C3%A8+DEL+VENTO/data=!4m7!3m6!1s0x14f7719ad44518a3:0x998ee9dd6fc7f292!8m2!3d31.1861661!4d31.393954!16s%2Fg%2F11fjz9p247!19sChIJoxhF1Jpx9xQRkvLHb93pjpk?authuser=0&hl=ar&g_ep=EgoyMDI2MDkzMC4wIJJjKgBIAVAD&rclk=1,Bagour,ar
مطعم باب الحارة الدمشقي للمأكولات السورية bab alhara Aldimashky restaurant,,"3,8",,,31.2153282,31.354618,0x14f77189b76088b9:0xd9c7a6bf0eddddc2,https://www.google.com/maps/place/%D9%85%D8%B7%D8%B9%D9%85+%D8%A8%D8%A7%D8%A8+%D8%A7%D9%84%D8%AD%D8%A7%D8%B1%D8%A9+%D8%A7%D9%84%D8%AF%D9%85%D8%B4%D9%82%D9%8A+%D9%84%D9%84%D9%85%D8%A3%D9%83%D9%88%D9%84%D8%A7%D8%AA+%D8%A7%D9%84%D8%B3%D9%88%D8%B1%D9%8A%D8%A9+bab+alhara+Aldimashky+restaurant%E2%80%AD/data=!4m7!3m6!1s0x14f77189b76088b9:0xd9c7a6bf0eddddc2!8m2!3d31.2153282!4d31.354618!16s%2Fg%2F11gdgcxcx,Belqas,en
بيانولا كافيه,,"3,9",126,,31.2110217,31.3590829,0x14f77185899c7e63:0x7a08aac38bd345cd,https://www.google.com/maps/place/%D8%A8%D9%8A%D8%A7%D9%86%D9%88%D9%84%D8%A7+%D9%83%D8%A7%D9%81%D9%8A%D9%87%E2%80%AD/data=!4m7!3m6!1s0x14f77185899c7e63:0x7a08aac38bd345cd!8m2!3d31.2110217!4d31.3590829!16s%2Fg%2F11g6rlct70!19sChIJY36ciYVx9xQRzUXTi8OqCHo?authuser=0&hl=ar&g_ep=EgoyMDI2MDkzMC4wIJJjKgBIAVAD&rclk=1,Belqas,ar
Nevăda café,,"3,9",146,,31.2168129,31.3623852,0x14f771712baf5583:0xb88802af372cea27,https://www.google.com/maps/place/Nev%C4%83da+caf%C3%A9/data=!4m7!3m6!1s0x14f771712baf5583:0xb88802af372cea27!8m2!3d31.2168129!4d31.3623852!16s%2Fg%2F11hds0jjq8!19sChIJg1WvK3Fx9xQRJ-osN68CiLg?authuser=0&hl=ar&g_ep=EgoyMDI2MDkzMC4wIJJjKgBIAVAD&rclk=1,Faraskur,ar
Vip Belqas Cafe,,"4,6",28,,31.219252,31.363256,0x14f771a5b96a91bb:0x4306bb6f60ffc1d6,https://www.google.com/maps/place/Vip+Belqas+Cafe/data=!4m7!3m6!1s0x14f771a5b96a91bb:0x4306bb6f60ffc1d6!8m2!3d31.219252!4d31.363256!16s%2Fg%2F11fk1lz5m4!19sChIJu5FquaVx9xQR1sH_YG-7BkM?authuser=0&hl=ar&g_ep=EgoyMDI2MDkzMC4wIJJjKgBIAVAD&rclk=1,Belqas,ar
قصر العائلات - Qasr El Aa'elaat,,"4,5",,,31.21267,31.3627225,0x14f771fce8a0c111:0x2b2710f5fedba5e0,https://www.google.com/maps/place/%D9%82%D8%B5%D8%B1+%D8%A7%D9%84%D8%B9%D8%A7%D8%A6%D9%84%D8%A7%D8%AA+-+Qasr+El+Aa%27elaat%E2%80%AD/data=!4m7!3m6!1s0x14f771fce8a0c111:0x2b2710f5fedba5e0!8m2!3d31.21267!4d31.3627225!16s%2Fg%2F11nt_cdccm!19sChIJEcGg6Pxx9xQR4KXb_vUQJys?authuser=0&hl=ar&g_ep=EgoyMDI2MDkzMC4wIJJjKgBIAVAD&rclk=1,Belqas,en
By Luck Café,,"3,9",88,,31.2115455,31.3600267,0x14f771df19a802e1:0x7d41ed4f17f71817,https://www.google.com/maps/place/By+Luck+Caf%C3%A9/data=!4m7!3m6!1s0x14f771df19a802e1:0x7d41ed4f17f71817!8m2!3d31.2115455!4d31.3600267!16s%2Fg%2F11fhlkk1gt!19sChIJ4QKoGd9x9xQRFxj3F0_tQX0?authuser=0&hl=ar&g_ep=EgoyMDI2MDkzMC4wIJJjKgBIAVAD&rclk=1,Belqas,ar
مطعم وكافيه المعلم,,"3,9",19,,31.2156815,31.3533802,0x14f7710a438d6241:0x8b7d70fbe65ba4e3,https://www.google.com/maps/place/%D9%85%D8%B7%D8%B9%D9%85+%D9%88%D9%83%D8%A7%D9%81%D9%8A%D9%87+%D8%A7%D9%84%D9%85%D8%B9%D9%84%D9%85%E2%80%AD/data=!4m7!3m6!1s0x14f7710a438d6241:0x8b7d70fbe65ba4e3!8m2!3d31.2156815!4d31.3533802!16s%2Fg%2F11n44z722r!19sChIJQWKNQwpx9xQR46Rb5vtwfYs?authuser=0&hl=ar&g_ep=EgoyMDI2MDkzMC4wIJJjKgBIAVAD&rclk=1,Belqas,ar
مطعم سي السيد للمشويات,,"4,3",,,31.2204349,31.3639561,0x14f77184abc6bdb1:0x163484e092679790,https://www.google.com/maps/place/%D9%85%D8%B7%D8%B9%D9%85+%D8%B3%D9%8A+%D8%A7%D9%84%D8%B3%D9%8A%D8%AF+%D9%84%D9%84%D9%85%D8%B4%D9%88%D9%8A%D8%A7%D8%AA%E2%80%AD/data=!4m7!3m6!1s0x14f77184abc6bdb1:0x163484e092679790!8m2!3d31.2204349!4d31.3639561!16s%2Fg%2F11szbjsy87!19sChIJsb3Gq4Rx9xQRkJdnkuCENBY?authuser=0&hl=ar&g_ep=EgoyMDI2MDkzMC4wIJJjKgBIAVAD&rclk=1,Belqas,en
torino cafe,,"4,0",112,,31.2163133,31.3593758,0x14f771895104462b:0xbf64898bf70aa59b,https://www.google.com/maps/place/torino+cafe/data=!4m7!3m6!1s0x14f771895104462b:0xbf64898bf70aa59b!8m2!3d31.2163133!4d31.3593758!16s%2Fg%2F11c6_zx61j!19sChIJK0YEUYlx9xQRm6UK94uJZL8?authuser=0&hl=ar&g_ep=EgoyMDI2MDkzMC4wIJJjKgBIAVAD&rclk=1,Belqas,ar
كافيه كازا نوسترا,,"4,3",28,,31.2145485,31.3635863,0x14f7719bc0c1a943:0x62141270ef259d84,https://www.google.com/maps/place/%D9%83%D8%A7%D9%81%D9%8A%D9%87+%D9%83%D8%A7%D8%B2%D8%A7+%D9%86%D9%88%D8%B3%D8%AA%D8%B1%D8%A7%E2%80%AD/data=!4m7!3m6!1s0x14f7719bc0c1a943:0x62141270ef259d84!8m2!3d31.2145485!4d31.3635863!16s%2Fg%2F11m_ythqnw!19sChIJQ6nBwJtx9xQRhJ0l73ASFGI?authuser=0&hl=ar&g_ep=EgoyMDI2MDkzMC4wIJJjKgBIAVAD&rclk=1,Faraskur,ar
Alkal3A,,"4,2",,,31.2163018,31.3502635,0x14f77336d42a8f81:0x3fac9915363d6b60,https://www.google.com/maps/place/Alkal3A/data=!4m7!3m6!1s0x14f77336d42a8f81:0x3fac9915363d6b60!8m2!3d31.2163018!4d31.3502635!16s%2Fg%2F11n99c3cb4!19sChIJgY8q1DZz9xQRYGs9NhWZrD8?authuser=0&hl=ar&g_ep=EgoyMDI2MDkzMC4wIJJjKgBIAVAD&rclk=1,Belqas,en
My Broast Belkas branch - فرع بلقاس,,"4,2",,,31.2166659,31.3606515,0x14f77103b220ed21:0xd68983e5d01d71c1,https://www.google.com/maps/place/My+Broast+Belkas+branch+-+%D9%81%D8%B1%D8%B9+%D8%A8%D9%84%D9%82%D8%A7%D8%B3%E2%80%AD/data=!4m7!3m6!1s0x14f77103b220ed21:0xd68983e5d01d71c1!8m2!3d31.2166659!4d31.3606515!16s%2Fg%2F11fm189tl6!19sChIJIe0gsgNx9xQRwXEd0OWDidY?authuser=0&hl=ar&g_ep=EgoyMDI2MDkzMC4wIJJjKgBIAVAD&rclk=1,Belqas,en
كافيه الفيشاوي,,"3,6",112,,31.2154243,31.3563492,0x14f77189afb0002f:0x4950972755412c65,https://www.google.com/maps/place/%D9%83%D8%A7%D9%81%D9%8A%D9%87+%D8%A7%D9%84%D9%81%D9%8A%D8%B4%D8%A7%D9%88%D9%8A%E2%80%AD/data=!4m7!3m6!1s0x14f77189afb0002f:0x4950972755412c65!8m2!3d31.2154243!4d31.3563492!16s%2Fg%2F11c6ldc24l!19sChIJLwCwr4lx9xQRZSxBVSeXUEk?authuser=0&hl=ar&g_ep=EgoyMDI2MDkzMC4wIJJjKgBIAVAD&rclk=1,Belqas,ar
Black Cafe,,"4,0",1,,31.2186325,31.3627203,0x14f771030a0bfb75:0x64edc73bbd8e8f1c,https://www.google.com/maps/place/Black+Cafe/data=!4m7!3m6!1s0x14f771030a0bfb75:0x64edc73bbd8e8f1c!8m2!3d31.2186325!4d31.3627203!16s%2Fg%2F11rfp4qhgp!19sChIJdfsLCgNx9xQRHI-OvTvH7WQ?authuser=0&hl=ar&g_ep=EgoyMDI2MDkzMC4wIJJjKgBIAVAD&rclk=1,Belqas,ar
shepska playstation,,"4,0",40,,31.2162005,31.3608971,0x14f771cfd8e0cad1:0x56c29a9477e0a04a,https://www.google.com/maps/place/shepska+playstation/data=!4m7!3m6!1s0x14f771cfd8e0cad1:0x56c29a9477e0a04a!8m2!3d31.2162005!4d31.3608971!16s%2Fg%2F11fk1r4rxw!19sChIJ0crg2M9x9xQRSqDgd5SawlY?authuser=0&hl=ar&g_ep=EgoyMDI2MDkzMC4wIJJjKgBIAVAD&rclk=1,Belqas,en
Champions Playstation,,"4,4",40,,31.2153844,31.3619016,0x14f7713c1896b7cd:0x879be4b0e6d4735b,https://www.google.com/maps/place/Champions+Playstation/data=!4m7!3m6!1s0x14f7713c1896b7cd:0x879be4b0e6d4735b!8m2!3d31.2153844!4d31.3619016!16s%2Fg%2F11f6dlb5v4!19sChIJzbeWGDxx9xQRW3PU5rDkm4c?authuser=0&hl=ar&g_ep=EgoyMDI2MDkzMC4wIJJjKgBIAVAD&rclk=1,Belqas,en
كافية الجونة,,"4,3",24,,31.2145976,31.3638752,0x14f77114ee1ae07b:0x64403ab9e696cfb3,https://www.google.com/maps/place/%D9%83%D8%A7%D9%81%D9%8A%D8%A9+%D8%A7%D9%84%D8%AC%D9%88%D9%86%D8%A9%E2%80%AD/data=!4m7!3m6!1s0x14f77114ee1ae07b:0x64403ab9e696cfb3!8m2!3d31.2145976!4d31.3638752!16s%2Fg%2F11kqqdqg1j!19sChIJe-Aa7hRx9xQRs8-W5rk6QGQ?authuser=0&hl=ar&g_ep=EgoyMDI2MDkzMC4wIJJjKgBIAVAD&rclk=1,Belqas,en
Number One Cafe,,"4,6",8,,31.2107479,31.3590739,0x14f771cb1fe40261:0x7e214d9cb330467a,https://www.google.com/maps/place/Number+One+Cafe/data=!4m7!3m6!1s0x14f771cb1fe40261:0x7e214d9cb330467a!8m2!3d31.2107479!4d31.3590739!16s%2Fg%2F11n7251573!19sChIJYQLkH8tx9xQRekYws5xNIX4?authuser=0&hl=ar&g_ep=EgoyMDI2MDkzMC4wIJJjKgBIAVAD&rclk=1,Belqas,ar
Naser Café,,"3,8",19,,31.1942366,31.4147825,0x14f7705b064c5739:0xb7f90fa0ef70a19d,https://www.google.com/maps/place/Naser+Caf%C3%A9/data=!4m7!3m6!1s0x14f7705b064c5739:0xb7f90fa0ef70a19d!8m2!3d31.1942366!4d31.4147825!16s%2Fg%2F11fylqtvqn!19sChIJOVdMBltw9xQRnaFw76AP-bc?authuser=0&hl=ar&g_ep=EgoyMDI2MDkzMC4wIJJjKgBIAVAD&rclk=1,Belqas,en
مطعم كرم الشام السوري,,"3,9",50,,31.2162905,31.3587629,0x14f771b3c924a339:0xe3651860ce65053a,https://www.google.com/maps/place/%D9%85%D8%B7%D8%B9%D9%85+%D9%83%D8%B1%D9%85+%D8%A7%D9%84%D8%B4%D8%A7%D9%85+%D8%A7%D9%84%D8%B3%D9%88%D8%B1%D9%8A%E2%80%AD/data=!4m7!3m6!1s0x14f771b3c924a339:0xe3651860ce65053a!8m2!3d31.2162905!4d31.3587629!16s%2Fg%2F11t45c1mp9!19sChIJOaMkybNx9xQROgVlzmAYZeM?authuser=0&hl=ar&g_ep=EgoyMDI2MDkzMC4wIJJjKgBIAVAD&rclk=1,Belqas,en
قهوة التكية,,"3,7",275,,31.2179719,31.363523,0x14f7718da673f307:0xa47e9936c6346581,https://www.google.com/maps/place/%D9%82%D9%87%D9%88%D8%A9+%D8%A7%D9%84%D8%AA%D9%83%D9%8A%D8%A9%E2%80%AD/data=!4m7!3m6!1s0x14f7718da673f307:0xa47e9936c6346581!8m2!3d31.2179719!4d31.363523!16s%2Fg%2F11bzyxgp_h!19sChIJB_Nzpo1x9xQRgWU0xjaZfqQ?authuser=0&hl=ar&g_ep=EgoyMDI2MDkzMC4wIJJjKgBIAVAD&rclk=1,Belqas,en
كافية الزعيم,,"4,7",27,,31.1923324,31.4183535,0x14f771d4f236dd19:0x8b1fd9e4b31b9432,https://www.google.com/maps/place/%D9%83%D8%A7%D9%81%D9%8A%D8%A9+%D8%A7%D9%84%D8%B2%D8%B9%D9%8A%D9%85%E2%80%AD/data=!4m7!3m6!1s0x14f771d4f236dd19:0x8b1fd9e4b31b9432!8m2!3d31.1923324!4d31.4183535!16s%2Fg%2F11qbdz205p!19sChIJGd028tRx9xQRMpQbs-TZH4s?authuser=0&hl=ar&g_ep=EgoyMDI2MDkzMC4wIJJjKgBIAVAD&rclk=1,Belqas,en
د/مزاج كافيه,,"4,4",54,,31.2145581,31.3635275,0x14f771ef76579eb7:0x24ba89c6945de8da,https://www.google.com/maps/place/%D8%AF%2F%D9%85%D8%B2%D8%A7%D8%AC+%D9%83%D8%A7%D9%81%D9%8A%D9%87%E2%80%AD/data=!4m7!3m6!1s0x14f771ef76579eb7:0x24ba89c6945de8da!8m2!3d31.2145581!4d31.3635275!16s%2Fg%2F11fktcl5v0!19sChIJt55Xdu9x9xQR2uhdlMaJuiQ?authuser=0&hl=ar&g_ep=EgoyMDI2MDkzMC4wIJJjKgBIAVAD&rclk=1,Faraskur,ar
حوده كرسبي,,"4,0",52,,31.2157265,31.3615969,0x14f77180e8603da1:0x20de7fb520d8daf1,https://www.google.com/maps/place/%D8%AD%D9%88%D8%AF%D9%87+%D9%83%D8%B1%D8%B3%D8%A8%D9%8A%E2%80%AD/data=!4m7!3m6!1s0x14f77180e8603da1:0x20de7fb520d8daf1!8m2!3d31.2157265!4d31.3615969!16s%2Fg%2F11jl3hh56n!19sChIJoT1g6IBx9xQR8drYILV_3iA?authuser=0&hl=ar&g_ep=EgoyMDI2MDkzMC4wIJJjKgBIAVAD&rclk=1,Belqas,en
درويش باشا | Darwish Basha,,"4,7",15,,31.2165526,31.3607325,0x14f7710074a0263d:0x4f304de961ef042b,https://www.google.com/maps/place/%D8%AF%D8%B1%D9%88%D9%8A%D8%B4+%D8%A8%D8%A7%D8%B4%D8%A7+%7C+Darwish+Basha%E2%80%AD/data=!4m7!3m6!1s0x14f7710074a0263d:0x4f304de961ef042b!8m2!3d31.2165526!4d31.3607325!16s%2Fg%2F11xp2qj0bt!19sChIJPSagdABx9xQRKwTvYelNME8?authuser=0&hl=ar&g_ep=EgoyMDI2MDkzMC4wIJJjKgBIAVAD&rclk=1,Belqas,en
مطعم.ميكس.كانو.الذ.طعم,,"4,4",28,,31.2156548,31.3533292,0x14f77188e526bd47:0xf198889bb315958e,https://www.google.com/maps/place/%D9%85%D8%B7%D8%B9%D9%85.%D9%85%D9%8A%D9%83%D8%B3.%D9%83%D8%A7%D9%86%D9%88.%D8%A7%D9%84%D8%B0.%D8%B7%D8%B9%D9%85%E2%80%AD/data=!4m7!3m6!1s0x14f77188e526bd47:0xf198889bb315958e!8m2!3d31.2156548!4d31.3533292!16s%2Fg%2F11g6qg9yl7!19sChIJR70m5Yhx9xQRjpUVs5uImPE?authuser=0&hl=ar&g_ep=EgoyMDI2MDkzMC4wIJJjKgBIAVAD&rclk=1,Belqas,en
لا دولشي فيتا,,"4,0",20,,31.2112477,31.3597146,0x14f771eccb4c6609:0x9e2b8ad813513e21,https://www.google.com/maps/place/%D9%84%D8%A7+%D8%AF%D9%88%D9%84%D8%B4%D9%8A+%D9%81%D9%8A%D8%AA%D8%A7%E2%80%AD/data=!4m7!3m6!1s0x14f771eccb4c6609:0x9e2b8ad813513e21!8m2!3d31.2112477!4d31.3597146!16s%2Fg%2F11k9f70223!19sChIJCWZMy-xx9xQRIT5RE9iKK54?authuser=0&hl=ar&g_ep=EgoyMDI2MDkzMC4wIJJjKgBIAVAD&rclk=1,Belqas,ar
Lato cafe,,"5,0",4,,31.216261,31.3560369,0x14f771e975ff26fd:0x8f26c09ca6cbbdd5,https://www.google.com/maps/place/Lato+cafe/data=!4m7!3m6!1s0x14f771e975ff26fd:0x8f26c09ca6cbbdd5!8m2!3d31.216261!4d31.3560369!16s%2Fg%2F11nnr4zrqh!19sChIJ_Sb_delx9xQR1b3LppzAJo8?authuser=0&hl=ar&g_ep=EgoyMDI2MDkzMC4wIJJjKgBIAVAD&rclk=1,Belqas,ar
مطعم لوكا كرسبي Luka_CrispY_restaurant,,"5,0",6,,31.2152952,31.3531125,0x14f7732f6b8735cf:0x8243f81a832885bb,https://www.google.com/maps/place/%D9%85%D8%B7%D8%B9%D9%85+%D9%84%D9%88%D9%83%D8%A7+%D9%83%D8%B1%D8%B3%D8%A8%D9%8A+Luka_CrispY_restaurant%E2%80%AD/data=!4m7!3m6!1s0x14f7732f6b8735cf:0x8243f81a832885bb!8m2!3d31.2152952!4d31.3531125!16s%2Fg%2F11yqmzr3n9!19sChIJzzWHay9z9xQRu4Uogxr4Q4I?authuser=0&hl=ar&g_ep=EgoyMDI2MDkzMC4wIJJjKgBIAVAD&rclk=1,Belqas,en
صاحب السعاده كافيه,,"4,5",53,,31.2241453,31.3168347,0x14f773e3121e3317:0x73c0c741925dc45b,https://www.google.com/maps/place/%D8%B5%D8%A7%D8%AD%D8%A8+%D8%A7%D9%84%D8%B3%D8%B9%D8%A7%D8%AF%D9%87+%D9%83%D8%A7%D9%81%D9%8A%D9%87%E2%80%AD/data=!4m7!3m6!1s0x14f773e3121e3317:0x73c0c741925dc45b!8m2!3d31.2241453!4d31.3168347!16s%2Fg%2F11h3b2fth8!19sChIJFzMeEuNz9xQRW8RdkkHHwHM?authuser=0&hl=ar&g_ep=EgoyMDI2MDkzMC4wIJJjKgBIAVAD&rclk=1,Belqas,en
كافيه اابو بدر,,"4,8",16,,31.2101224,31.3545232,0x14f771a7eb473e05:0xffd5e4903c7fa1f1,https://www.google.com/maps/place/%D9%83%D8%A7%D9%81%D9%8A%D9%87+%D8%A7%D8%A7%D8%A8%D9%88+%D8%A8%D8%AF%D8%B1%E2%80%AD/data=!4m7!3m6!1s0x14f771a7eb473e05:0xffd5e4903c7fa1f1!8m2!3d31.2101224!4d31.3545232!16s%2Fg%2F11ppcd8zsg!19sChIJBT5H66dx9xQR8aF_PJDk1f8?authuser=0&hl=ar&g_ep=EgoyMDI2MDkzMC4wIJJjKgBIAVAD&rclk=1,Belqas,en
مطعم الريس,,"4,7",6,,31.2164673,31.3625041,0x14f7711dba9e4315:0xcb380ddd5a2763d8,https://www.google.com/maps/place/%D9%85%D8%B7%D8%B9%D9%85+%D8%A7%D9%84%D8%B1%D9%8A%D8%B3%E2%80%AD/data=!4m7!3m6!1s0x14f7711dba9e4315:0xcb380ddd5a2763d8!8m2!3d31.2164673!4d31.3625041!16s%2Fg%2F11t1k05847!19sChIJFUOeuh1x9xQR2GMnWt0NOMs?authuser=0&hl=ar&g_ep=EgoyMDI2MDkzMC4wIJJjKgBIAVAD&rclk=1,Belqas,en
الصياد,,"5,0",3,,31.2162034,31.3576721,0x14f77100397210d7:0xacf85d4f7544423,https://www.google.com/maps/place/%D8%A7%D9%84%D8%B5%D9%8A%D8%A7%D8%AF%E2%80%AD/data=!4m7!3m6!1s0x14f77100397210d7:0xacf85d4f7544423!8m2!3d31.2162034!4d31.3576721!16s%2Fg%2F11yc07vv2s!19sChIJ1xByOQBx9xQRI0RU99SFzwo?authuser=0&hl=ar&g_ep=EgoyMDI2MDkzMC4wIJJjKgBIAVAD&rclk=1,Belqas,en
عصارة اولاد ابوالعنين,,"3,9",14,,31.2099552,31.3585077,0x14f7713c1ee7289f:0xd3dc8b60e141cba5,https://www.google.com/maps/place/%D8%B9%D8%B5%D8%A7%D8%B1%D8%A9+%D8%A7%D9%88%D9%84%D8%A7%D8%AF+%D8%A7%D8%A8%D9%88%D8%A7%D9%84%D8%B9%D9%86%D9%8A%D9%86%E2%80%AD/data=!4m7!3m6!1s0x14f7713c1ee7289f:0xd3dc8b60e141cba5!8m2!3d31.2099552!4d31.3585077!16s%2Fg%2F11h62x93mx!19sChIJnyjnHjxx9xQRpctB4WCL3NM?authuser=0&hl=ar&g_ep=EgoyMDI2MDkzMC4wIJJjKgBIAVAD&rclk=1,Belqas,en
كازابلانكا,,"4,4",11,,31.2125164,31.362152,0x14f771b1dcffee33:0x8d6f744802ee8ff9,https://www.google.com/maps/place/%D9%83%D8%A7%D8%B2%D8%A7%D8%A8%D9%84%D8%A7%D9%86%D9%83%D8%A7%E2%80%AD/data=!4m7!3m6!1s0x14f771b1dcffee33:0x8d6f744802ee8ff9!8m2!3d31.2125164!4d31.362152!16s%2Fg%2F11h_ftmv89!19sChIJM-7_3LFx9xQR-Y_uAkh0b40?authuser=0&hl=ar&g_ep=EgoyMDI2MDkzMC4wIJJjKgBIAVAD&rclk=1,Belqas,ar
Abu nill Cazino,,"4,2",30,,31.2150019,31.3510336,0x14f7722634292361:0x26d0c117d4f3644,https://www.google.com/maps/place/Abu+nill+Cazino/data=!4m7!3m6!1s0x14f7722634292361:0x26d0c117d4f3644!8m2!3d31.2150019!4d31.3510336!16s%2Fg%2F11gbwpstm3!19sChIJYSMpNCZy9xQRRDZPfREMbQI?authuser=0&hl=ar&g_ep=EgoyMDI2MDkzMC4wIJJjKgBIAVAD&rclk=1,Belqas,en
smoozy cafe,,"5,0",1,,31.2135808,31.3583729,0x14f7718c113eb7e3:0x6ad4d6de4f92a57c,https://www.google.com/maps/place/smoozy+cafe/data=!4m7!3m6!1s0x14f7718c113eb7e3:0x6ad4d6de4f92a57c!8m2!3d31.2135808!4d31.3583729!16s%2Fg%2F11n0c149zz!19sChIJ47c-EYxx9xQRfKWST97W1Go?authuser=0&hl=ar&g_ep=EgoyMDI2MDkzMC4wIJJjKgBIAVAD&rclk=1,Belqas,ar
MILANO,,"4,8",4,,31.215978,31.3554142,0x14f77146602fe969:0x1beb54c70f6b63c1,https://www.google.com/maps/place/MILANO/data=!4m7!3m6!1s0x14f77146602fe969:0x1beb54c70f6b63c1!8m2!3d31.215978!4d31.3554142!16s%2Fg%2F11j_8d62rt!19sChIJaekvYEZx9xQRwWNrD8dU6xs?authuser=0&hl=ar&g_ep=EgoyMDI2MDkzMC4wIJJjKgBIAVAD&rclk=1,Belqas,en
مطعم المايح,,"4,0",84,,31.21247,31.3616508,0x14f7716bf5095c0f:0xc15a289c6f3f388,https://www.google.com/maps/place/%D9%85%D8%B7%D8%B9%D9%85+%D8%A7%D9%84%D9%85%D8%A7%D9%8A%D8%AD%E2%80%AD/data=!4m7!3m6!1s0x14f7716bf5095c0f:0xc15a289c6f3f388!8m2!3d31.21247!4d31.3616508!16s%2Fg%2F11jjqgdk3j!19sChIJD1wJ9Wtx9xQRiPPzxomiFQw?authuser=0&hl=ar&g_ep=EgoyMDI2MDkzMC4wIJJjKgBIAVAD&rclk=1,Belqas,en
cassata cafe,,"2,0",2,,31.2153122,31.3547511,0x14f771e57d09a67b:0xf036a986adf52523,https://www.google.com/maps/place/cassata+cafe/data=!4m7!3m6!1s0x14f771e57d09a67b:0xf036a986adf52523!8m2!3d31.2153122!4d31.3547511!16s%2Fg%2F11qk27r62k!19sChIJe6YJfeVx9xQRIyX1rYapNvA?authuser=0&hl=ar&g_ep=EgoyMDI2MDkzMC4wIJJjKgBIAVAD&rclk=1,Belqas,ar
بيج شاورما,,"4,1",96,,31.216064,31.3618573,0x14f77100438d90a3:0xfa7b0dfac7a146a1,https://www.google.com/maps/place/%D8%A8%D9%8A%D8%AC+%D8%B4%D8%A7%D9%88%D8%B1%D9%85%D8%A7%E2%80%AD/data=!4m7!3m6!1s0x14f77100438d90a3:0xfa7b0dfac7a146a1!8m2!3d31.216064!4d31.3618573!16s%2Fg%2F11vzq2b76_!19sChIJo5CNQwBx9xQRoUahx_oNe_o?authuser=0&hl=ar&g_ep=EgoyMDI2MDkzMC4wIJJjKgBIAVAD&rclk=1,Belqas,en
سكر و لبن فرع بلقاس,,"3,0",14,,31.2164376,31.3604533,0x14f77155fb3faae7:0x8fb6a84751a244e6,https://www.google.com/maps/place/%D8%B3%D9%83%D8%B1+%D9%88+%D9%84%D8%A8%D9%86+%D9%81%D8%B1%D8%B9+%D8%A8%D9%84%D9%82%D8%A7%D8%B3%E2%80%AD/data=!4m7!3m6!1s0x14f77155fb3faae7:0x8fb6a84751a244e6!8m2!3d31.2164376!4d31.3604533!16s%2Fg%2F11t0njffwd!19sChIJ56o_-1Vx9xQR5kSiUUeoto8?authuser=0&hl=ar&g_ep=EgoyMDI2MDkzMC4wIJJjKgBIAVAD&rclk=1,Belqas,en
مطعم الحداد,,"4,1",25,,31.213862,31.3594914,0x14f77164fc8b356f:0x3607109ffc0c6b3,https://www.google.com/maps/place/%D9%85%D8%B7%D8%B9%D9%85+%D8%A7%D9%84%D8%AD%D8%AF%D8%A7%D8%AF%E2%80%AD/data=!4m7!3m6!1s0x14f77164fc8b356f:0x3607109ffc0c6b3!8m2!3d31.213862!4d31.3594914!16s%2Fg%2F11n7wbv1j_!19sChIJbzWL_GRx9xQRs8bA_wlxYAM?authuser=0&hl=ar&g_ep=EgoyMDI2MDkzMC4wIJJjKgBIAVAD&rclk=1,Belqas,en
Q8,,"4,8",25,,31.2254711,31.3128676,0x14f77370b2554f15:0x4b51358bcd72b8ab,https://www.google.com/maps/place/Q8/data=!4m7!3m6!1s0x14f77370b2554f15:0x4b51358bcd72b8ab!8m2!3d31.2254711!4d31.3128676!16s%2Fg%2F11qnbp9m3t!19sChIJFU9VsnBz9xQRq7hyzYs1UUs?authuser=0&hl=ar&g_ep=EgoyMDI2MDkzMC4wIJJjKgBIAVAD&rclk=1,Belqas,en
كافيه النخيل,,"4,4",135,,31.2107943,31.3638859,0x14f7715c6c08d86d:0x77bb03faf9cabd8b,https://www.google.com/maps/place/%D9%83%D8%A7%D9%81%D9%8A%D9%87+%D8%A7%D9%84%D9%86%D8%AE%D9%8A%D9%84%E2%80%AD/data=!4m7!3m6!1s0x14f7715c6c08d86d:0x77bb03faf9cabd8b!8m2!3d31.2107943!4d31.3638859!16s%2Fg%2F11j943jwf1!19sChIJbdgIbFxx9xQRi73K-foDu3c?authuser=0&hl=ar&g_ep=EgoyMDI2MDkzMC4wIJJjKgBIAVAD&rclk=1,Faraskur,ar
كافيه المعلم,,,,,31.2163424,31.3528395,0x14f7730072e145c7:0x735d858635a3f0f9,https://www.google.com/maps/place/%D9%83%D8%A7%D9%81%D9%8A%D9%87+%D8%A7%D9%84%D9%85%D8%B9%D9%84%D9%85%E2%80%AD/data=!4m7!3m6!1s0x14f7730072e145c7:0x735d858635a3f0f9!8m2!3d31.2163424!4d31.3528395!16s%2Fg%2F11zdtcszx2!19sChIJx0XhcgBz9xQR-fCjNYaFXXM?authuser=0&hl=ar&g_ep=EgoyMDI2MDkzMC4wIJJjKgBIAVAD&rclk=1,Belqas,ar
Francisco.drink,,"3,6",9,,31.2157192,31.3554046,0x14f77189c84b95eb:0x7bc565100e01ae15,https://www.google.com/maps/place/Francisco.drink/data=!4m7!3m6!1s0x14f77189c84b95eb:0x7bc565100e01ae15!8m2!3d31.2157192!4d31.3554046!16s%2Fg%2F11gdkq2pmy!19sChIJ65VLyIlx9xQRFa4BDhBlxXs?authuser=0&hl=ar&g_ep=EgoyMDI2MDkzMC4wIJJjKgBIAVAD&rclk=1,Belqas,ar
El qasr cafe,,"5,0",2,,31.2204354,31.363989,0x14f771849950cd55:0x4468bc8749dbe15c,https://www.google.com/maps/place/El+qasr+cafe/data=!4m7!3m6!1s0x14f771849950cd55:0x4468bc8749dbe15c!8m2!3d31.2204354!4d31.363989!16s%2Fg%2F11h7g3wk_9!19sChIJVc1QmYRx9xQRXOHbSYe8aEQ?authuser=0&hl=ar&g_ep=EgoyMDI2MDkzMC4wIJJjKgBIAVAD&rclk=1,Belqas,ar
U.A (Playstation&Cafe),,"3,4",5,,31.2095785,31.3619808,0x14f771ecd14c25e3:0x82515fc053017fde,https://www.google.com/maps/place/U.A+%28Playstation%26Cafe%29/data=!4m7!3m6!1s0x14f771ecd14c25e3:0x82515fc053017fde!8m2!3d31.2095785!4d31.3619808!16s%2Fg%2F11h_yt__qy!19sChIJ4yVM0exx9xQR3n8BU8BfUYI?authuser=0&hl=ar&g_ep=EgoyMDI2MDkzMC4wIJJjKgBIAVAD&rclk=1,Belqas,ar
مطعم بورسعيد,,"4,7",3,,31.2141043,31.3577918,0x14f77188e526bd47:0x715d004ace23bc9e,https://www.google.com/maps/place/%D9%85%D8%B7%D8%B9%D9%85+%D8%A8%D9%88%D8%B1%D8%B3%D8%B9%D9%8A%D8%AF%E2%80%AD/data=!4m7!3m6!1s0x14f77188e526bd47:0x715d004ace23bc9e!8m2!3d31.2141043!4d31.3577918!16s%2Fg%2F11b5pj7dtf!19sChIJR70m5Yhx9xQRnrwjzkoAXXE?authuser=0&hl=ar&g_ep=EgoyMDI2MDkzMC4wIJJjKgBIAVAD&rclk=1,Belqas,ar
Cafe Chino,,,,,31.2161255,31.3567163,0x14f771609f7549eb:0x7578986bf0391227,https://www.google.com/maps/place/Cafe+Chino/data=!4m7!3m6!1s0x14f771609f7549eb:0x7578986bf0391227!8m2!3d31.2161255!4d31.3567163!16s%2Fg%2F11nt08y_hy!19sChIJ60l1n2Bx9xQRJxI58GuYeHU?authuser=0&hl=ar&g_ep=EgoyMDI2MDkzMC4wIJJjKgBIAVAD&rclk=1,Belqas,ar
حلوانى الملكة,,"4,4",33,,31.2141043,31.3577918,0x14f77188e526bd47:0xbc2e257ae734b668,https://www.google.com/maps/place/%D8%AD%D9%84%D9%88%D8%A7%D9%86%D9%89+%D8%A7%D9%84%D9%85%D9%84%D9%83%D8%A9%E2%80%AD/data=!4m7!3m6!1s0x14f77188e526bd47:0xbc2e257ae734b668!8m2!3d31.2141043!4d31.3577918!16s%2Fg%2F11b5ph_wh3!19sChIJR70m5Yhx9xQRaLY053olLrw?authuser=0&hl=ar&g_ep=EgoyMDI2MDkzMC4wIJJjKgBIAVAD&rclk=1,Belqas,ar
مطعم حورس,,,,,31.2141043,31.3577918,0x14f77188e526bd47:0xe7b813d37938d8f7,https://www.google.com/maps/place/%D9%85%D8%B7%D8%B9%D9%85+%D8%AD%D9%88%D8%B1%D8%B3%E2%80%AD/data=!4m7!3m6!1s0x14f77188e526bd47:0xe7b813d37938d8f7!8m2!3d31.2141043!4d31.3577918!16s%2Fg%2F11b5pl1hw8!19sChIJR70m5Yhx9xQR99g4edMTuOc?authuser=0&hl=ar&g_ep=EgoyMDI2MDkzMC4wIJJjKgBIAVAD&rclk=1,Belqas,ar
اسماك الامانة,,"5,0",1,,31.2141043,31.3577918,0x14f77188e526bd47:0x1e3502464a01fa5d,https://www.google.com/maps/place/%D8%A7%D8%B3%D9%85%D8%A7%D9%83+%D8%A7%D9%84%D8%A7%D9%85%D8%A7%D9%86%D8%A9%E2%80%AD/data=!4m7!3m6!1s0x14f77188e526bd47:0x1e3502464a01fa5d!8m2!3d31.2141043!4d31.3577918!16s%2Fg%2F11b5phr1n3!19sChIJR70m5Yhx9xQRXfoBSkYCNR4?authuser=0&hl=ar&g_ep=EgoyMDI2MDkzMC4wIJJjKgBIAVAD&rclk=1,Belqas,ar
الطلقة دليفري الدليفري بتاعك,,"4,7",6,,31.2131002,31.3596475,0x14f77139c012daa3:0x5bdf8cc705a20bf0,https://www.google.com/maps/place/%D8%A7%D9%84%D8%B7%D9%84%D9%82%D8%A9+%D8%AF%D9%84%D9%8A%D9%81%D8%B1%D9%8A+%D8%A7%D9%84%D8%AF%D9%84%D9%8A%D9%81%D8%B1%D9%8A+%D8%A8%D8%AA%D8%A7%D8%B9%D9%83%E2%80%AD/data=!4m7!3m6!1s0x14f77139c012daa3:0x5bdf8cc705a20bf0!8m2!3d31.2131002!4d31.3596475!16s%2Fg%2F11pv58vd19!19sChIJo9oSwDlx9xQR8AuiBceM31s?authuser=0&hl=ar&g_ep=EgoyMDI2MDkzMC4wIJJjKgBIAVAD&rclk=1,Belqas,ar
فسخاني محسن فؤاد الملاح,,"4,3",57,,31.2113542,31.3544584,0x14f771e870dc5bcd:0xbec117defe69a8a6,https://www.google.com/maps/place/%D9%81%D8%B3%D8%AE%D8%A7%D9%86%D9%8A+%D9%85%D8%AD%D8%B3%D9%86+%D9%81%D8%A4%D8%A7%D8%AF+%D8%A7%D9%84%D9%85%D9%84%D8%A7%D8%AD%E2%80%AD/data=!4m7!3m6!1s0x14f771e870dc5bcd:0xbec117defe69a8a6!8m2!3d31.2113542!4d31.3544584!16s%2Fg%2F11fk8dfpkz!19sChIJzVvccOhx9xQRpqhp_t4Xwb4?authuser=0&hl=ar&g_ep=EgoyMDI2MDkzMC4wIJJjKgBIAVAD&rclk=1,Belqas,ar
السلطان كافيه,,"4,2",300,,31.4410183,31.536019,0x14f75d9482817cc1:0xfa21de3ab22279f,https://www.google.com/maps/place/%D8%A7%D9%84%D8%B3%D9%84%D8%B7%D8%A7%D9%86+%D9%83%D8%A7%D9%81%D9%8A%D9%87%E2%80%AD/data=!4m7!3m6!1s0x14f75d9482817cc1:0xfa21de3ab22279f!8m2!3d31.4410183!4d31.536019!16s%2Fg%2F11fl2nqw7w!19sChIJwXyBgpRd9xQRnyciq-Mdog8?authuser=0&hl=ar&g_ep=EgoyMDI2MDkzMC4wIJJjKgBIAVAD&rclk=1,Gamasa_suburb_south,ar
كافيه الواحه,,"3,8",213,,31.4415768,31.5317729,0x14f75c00b0dfe27b:0x77e7b8065edb6ea1,https://www.google.com/maps/place/%D9%83%D8%A7%D9%81%D9%8A%D9%87+%D8%A7%D9%84%D9%88%D8%A7%D8%AD%D9%87%E2%80%AD/data=!4m7!3m6!1s0x14f75c00b0dfe27b:0x77e7b8065edb6ea1!8m2!3d31.4415768!4d31.5317729!16s%2Fg%2F11g9qmyjtc!19sChIJe-LfsABc9xQRoW7bXga453c?authuser=0&hl=ar&g_ep=EgoyMDI2MDkzMC4wIJJjKgBIAVAD&rclk=1,Gamasa_suburb_south,ar
Cafe Lamour Jamsa,,"3,9",123,,31.4408878,31.5378616,0x14f759554cd5f2cf:0x86298d80d05aaaec,https://www.google.com/maps/place/Cafe+Lamour+Jamsa/data=!4m7!3m6!1s0x14f759554cd5f2cf:0x86298d80d05aaaec!8m2!3d31.4408878!4d31.5378616!16s%2Fg%2F11fylqbz98!19sChIJz_LVTFVZ9xQR7Kpa0ICNKYY?authuser=0&hl=ar&g_ep=EgoyMDI2MDkzMC4wIJJjKgBIAVAD&rclk=1,Gamasa_suburb_south,ar
مطعم زغزغني,,"4,3",102,,31.1953646,31.5193908,0x14f77b3ea2724deb:0x42f493019110749a,https://www.google.com/maps/place/%D9%85%D8%B7%D8%B9%D9%85+%D8%B2%D8%BA%D8%B2%D8%BA%D9%86%D9%8A%E2%80%AD/data=!4m7!3m6!1s0x14f77b3ea2724deb:0x42f493019110749a!8m2!3d31.1953646!4d31.5193908!16s%2Fg%2F11k5wnz2y0!19sChIJ601yoj579xQRmnQQkQGT9EI?authuser=0&hl=ar&g_ep=EgoyMDI2MDkzMC4wIJJjKgBIAVAD&rclk=1,Gamasa_suburb_south,en
كابتن بلاك - Captain Black Cafe,,"4,5",70,,31.1943419,31.5222803,0x14f77b7ec3b6ed31:0x175f46ba5d65db3e,https://www.google.com/maps/place/%D9%83%D8%A7%D8%A8%D8%AA%D9%86+%D8%A8%D9%84%D8%A7%D9%83+-+Captain+Black+Cafe%E2%80%AD/data=!4m7!3m6!1s0x14f77b7ec3b6ed31:0x175f46ba5d65db3e!8m2!3d31.1943419!4d31.5222803!16s%2Fg%2F11fjz70wyf!19sChIJMe22w3579xQRPttlXbpGXxc?authuser=0&hl=ar&g_ep=EgoyMDI2MDkzMC4wIJJjKgBIAVAD&rclk=1,Gamasa_suburb_south,en
مطعم سموكة للمأكولات البحرية,,"4,0",379,,31.190912,31.5197837,0x14f77b48d31b7027:0x4c28945e235d5bcd,https://www.google.com/maps/place/%D9%85%D8%B7%D8%B9%D9%85+%D8%B3%D9%85%D9%88%D9%83%D8%A9+%D9%84%D9%84%D9%85%D8%A3%D9%83%D9%88%D9%84%D8%A7%D8%AA+%D8%A7%D9%84%D8%A8%D8%AD%D8%B1%D9%8A%D8%A9%E2%80%AD/data=!4m7!3m6!1s0x14f77b48d31b7027:0x4c28945e235d5bcd!8m2!3d31.190912!4d31.5197837!16s%2Fg%2F11c1rfdxjc!19sChIJJ3Ab00h79xQRzVtdI16UKEw?authuser=0&hl=ar&g_ep=EgoyMDI2MDkzMC4wIJJjKgBIAVAD&rclk=1,Bagour,en
WEMBLY,,"4,3",102,,31.1931776,31.5258365,0x14f77b5209673077:0x333f3f01131b791f,https://www.google.com/maps/place/WEMBLY/data=!4m7!3m6!1s0x14f77b5209673077:0x333f3f01131b791f!8m2!3d31.1931776!4d31.5258365!16s%2Fg%2F11f4vzpq_c!19sChIJdzBnCVJ79xQRH3kbEwE_PzM?authuser=0&hl=ar&g_ep=EgoyMDI2MDkzMC4wIJJjKgBIAVAD&rclk=1,Sherbin,en
Milano Café,,"3,8",324,,31.1959853,31.5186837,0x14f77b4b971db5ef:0xd8ed42e8dbc6e6a3,https://www.google.com/maps/place/Milano+Caf%C3%A9/data=!4m7!3m6!1s0x14f77b4b971db5ef:0xd8ed42e8dbc6e6a3!8m2!3d31.1959853!4d31.5186837!16s%2Fg%2F11c1q7z97g!19sChIJ77Udl0t79xQRo-bG2-hC7dg?authuser=0&hl=ar&g_ep=EgoyMDI2MDkzMC4wIJJjKgBIAVAD&rclk=1,Sherbin,ar
PUKKA,,"3,7",17,,31.1963227,31.5194962,0x14f77b95ddef8bc1:0xf864a592aeefae97,https://www.google.com/maps/place/PUKKA/data=!4m7!3m6!1s0x14f77b95ddef8bc1:0xf864a592aeefae97!8m2!3d31.1963227!4d31.5194962!16s%2Fg%2F11sfqn3y5c!19sChIJwYvv3ZV79xQRl67vrpKlZPg?authuser=0&hl=ar&g_ep=EgoyMDI2MDkzMC4wIJJjKgBIAVAD&rclk=1,Sherbin,ar
مطعم سعد الدمياطي,,"4,2",222,,31.1980507,31.5209422,0x14f77beadc70f27d:0x331ecefef208408,https://www.google.com/maps/place/%D9%85%D8%B7%D8%B9%D9%85+%D8%B3%D8%B9%D8%AF+%D8%A7%D9%84%D8%AF%D9%85%D9%8A%D8%A7%D8%B7%D9%8A%E2%80%AD/data=!4m7!3m6!1s0x14f77beadc70f27d:0x331ecefef208408!8m2!3d31.1980507!4d31.5209422!16s%2Fg%2F11n00vw0_l!19sChIJffJw3Op79xQRCIQg7-_sMQM?authuser=0&hl=ar&g_ep=EgoyMDI2MDkzMC4wIJJjKgBIAVAD&rclk=1,Sherbin,ar
مطعم نصر الدين,,"4,6",37,,31.1940462,31.5197643,0x14f77b3213ce3e47:0x8fbc92322701d41a,https://www.google.com/maps/place/%D9%85%D8%B7%D8%B9%D9%85+%D9%86%D8%B5%D8%B1+%D8%A7%D9%84%D8%AF%D9%8A%D9%86%E2%80%AD/data=!4m7!3m6!1s0x14f77b3213ce3e47:0x8fbc92322701d41a!8m2!3d31.1940462!4d31.5197643!16s%2Fg%2F11lh4z1mrw!19sChIJRz7OEzJ79xQRGtQBJzKSvI8?authuser=0&hl=ar&g_ep=EgoyMDI2MDkzMC4wIJJjKgBIAVAD&rclk=1,Sherbin,en
My Broast Shirbin branch - ماى بروست فرع شربين,,"3,8",96,,31.1990572,31.5278643,0x14f765c62ddee55d:0x5c7ce577903dd7d7,https://www.google.com/maps/place/My+Broast+Shirbin+branch+-+%D9%85%D8%A7%D9%89+%D8%A8%D8%B1%D9%88%D8%B3%D8%AA+%D9%81%D8%B1%D8%B9+%D8%B4%D8%B1%D8%A8%D9%8A%D9%86%E2%80%AD/data=!4m7!3m6!1s0x14f765c62ddee55d:0x5c7ce577903dd7d7!8m2!3d31.1990572!4d31.5278643!16s%2Fg%2F11h4mv79nv!19sChIJXeXeLcZl9xQR19c9kHflfFw?authuser=0&hl=ar&g_ep=EgoyMDI2MDkzMC4wIJJjKgBIAVAD&rclk=1,Sherbin,ar
Ranch Restaurant & Cafe,,"4,3",13,,31.1904488,31.5192849,0x14f77b575642ab91:0x427a395083051c4a,https://www.google.com/maps/place/Ranch+Restaurant+%26+Cafe/data=!4m7!3m6!1s0x14f77b575642ab91:0x427a395083051c4a!8m2!3d31.1904488!4d31.5192849!16s%2Fg%2F11wmxrgk9j!19sChIJkatCVld79xQRShwFg1A5ekI?authuser=0&hl=ar&g_ep=EgoyMDI2MDkzMC4wIJJjKgBIAVAD&rclk=1,Bagour,en
مطعم أكله وركنة,,"3,9",28,,31.1915436,31.5200476,0x14f77b140254c741:0x2131ee92b29821a3,https://www.google.com/maps/place/%D9%85%D8%B7%D8%B9%D9%85+%D8%A3%D9%83%D9%84%D9%87+%D9%88%D8%B1%D9%83%D9%86%D8%A9%E2%80%AD/data=!4m7!3m6!1s0x14f77b140254c741:0x2131ee92b29821a3!8m2!3d31.1915436!4d31.5200476!16s%2Fg%2F11p66wsdgx!19sChIJQcdUAhR79xQRoyGYspLuMSE?authuser=0&hl=ar&g_ep=EgoyMDI2MDkzMC4wIJJjKgBIAVAD&rclk=1,Sherbin,en
مطعم العقدة,,"3,9",233,,31.1941707,31.5233246,0x14f77be4c527a5cb:0x4fb116c56e8047b8,https://www.google.com/maps/place/%D9%85%D8%B7%D8%B9%D9%85+%D8%A7%D9%84%D8%B9%D9%82%D8%AF%D8%A9%E2%80%AD/data=!4m7!3m6!1s0x14f77be4c527a5cb:0x4fb116c56e8047b8!8m2!3d31.1941707!4d31.5233246!16s%2Fg%2F11gmbx6lc9!19sChIJy6UnxeR79xQRuEeAbsUWsU8?authuser=0&hl=ar&g_ep=EgoyMDI2MDkzMC4wIJJjKgBIAVAD&rclk=1,Sherbin,ar
Chicalastic - شيكالاستيك,,"4,3",3,,31.1942249,31.5176839,0x14f77b000faa3281:0x734f50642ace7fcf,https://www.google.com/maps/place/Chicalastic+-+%D8%B4%D9%8A%D9%83%D8%A7%D9%84%D8%A7%D8%B3%D8%AA%D9%8A%D9%83%E2%80%AD/data=!4m7!3m6!1s0x14f77b000faa3281:0x734f50642ace7fcf!8m2!3d31.1942249!4d31.5176839!16s%2Fg%2F11vrnyr6hx!19sChIJgTKqDwB79xQRz3_OKmRQT3M?authuser=0&hl=ar&g_ep=EgoyMDI2MDkzMC4wIJJjKgBIAVAD&rclk=1,Sherbin,en
كافيه الجوكر,,"4,7",13,,31.1880745,31.5323301,0x14f77b60d551101f:0x4ef4330fd427cd31,https://www.google.com/maps/place/%D9%83%D8%A7%D9%81%D9%8A%D9%87+%D8%A7%D9%84%D8%AC%D9%88%D9%83%D8%B1%E2%80%AD/data=!4m7!3m6!1s0x14f77b60d551101f:0x4ef4330fd427cd31!8m2!3d31.1880745!4d31.5323301!16s%2Fg%2F11gn2428fh!19sChIJHxBR1WB79xQRMc0n1A8z9E4?authuser=0&hl=ar&g_ep=EgoyMDI2MDkzMC4wIJJjKgBIAVAD&rclk=1,Faraskur,ar
Joe coffee,,"4,5",31,,31.1949516,31.5234486,0x14f77b57a2445959:0x8ac8866fd7037aba,https://www.google.com/maps/place/Joe+coffee/data=!4m7!3m6!1s0x14f77b57a2445959:0x8ac8866fd7037aba!8m2!3d31.1949516!4d31.5234486!16s%2Fg%2F11k6hhhv1d!19sChIJWVlEold79xQRunoD12-GyIo?authuser=0&hl=ar&g_ep=EgoyMDI2MDkzMC4wIJJjKgBIAVAD&rclk=1,Sherbin,ar
بيج شاورما,,"4,4",33,,31.1937996,31.520406,0x14f77b005a000c35:0x2f2be1bbee48f720,https://www.google.com/maps/place/%D8%A8%D9%8A%D8%AC+%D8%B4%D8%A7%D9%88%D8%B1%D9%85%D8%A7%E2%80%AD/data=!4m7!3m6!1s0x14f77b005a000c35:0x2f2be1bbee48f720!8m2!3d31.1937996!4d31.520406!16s%2Fg%2F11yqszj0l2!19sChIJNQwAWgB79xQRIPdI7rvhKy8?authuser=0&hl=ar&g_ep=EgoyMDI2MDkzMC4wIJJjKgBIAVAD&rclk=1,Sherbin,en
كافية زهرة شربين,,"3,7",10,,31.1922513,31.5205083,0x14f77bc83d836155:0x8c29fd37bbe45065,https://www.google.com/maps/place/%D9%83%D8%A7%D9%81%D9%8A%D8%A9+%D8%B2%D9%87%D8%B1%D8%A9+%D8%B4%D8%B1%D8%A8%D9%8A%D9%86%E2%80%AD/data=!4m7!3m6!1s0x14f77bc83d836155:0x8c29fd37bbe45065!8m2!3d31.1922513!4d31.5205083!16s%2Fg%2F11q1lnggjs!19sChIJVWGDPch79xQRZVDkuzf9KYw?authuser=0&hl=ar&g_ep=EgoyMDI2MDkzMC4wIJJjKgBIAVAD&rclk=1,Sherbin,ar
مطعم تومه,,"3,5",568,,31.194516,31.5208919,0x14f77b4c13dd3e6d:0x96ce53d54d09b7a4,https://www.google.com/maps/place/%D9%85%D8%B7%D8%B9%D9%85+%D8%AA%D9%88%D9%85%D9%87%E2%80%AD/data=!4m7!3m6!1s0x14f77b4c13dd3e6d:0x96ce53d54d09b7a4!8m2!3d31.194516!4d31.5208919!16s%2Fg%2F11c4bgfvls!19sChIJbT7dE0x79xQRpLcJTdVTzpY?authuser=0&hl=ar&g_ep=EgoyMDI2MDkzMC4wIJJjKgBIAVAD&rclk=1,Sherbin,ar
مقهى العدوي,,"3,5",93,,31.1966232,31.5210924,0x14f77b4c8db37875:0xb47c394d5f681613,https://www.google.com/maps/place/%D9%85%D9%82%D9%87%D9%89+%D8%A7%D9%84%D8%B9%D8%AF%D9%88%D9%8A%E2%80%AD/data=!4m7!3m6!1s0x14f77b4c8db37875:0xb47c394d5f681613!8m2!3d31.1966232!4d31.5210924!16s%2Fg%2F11c4q75_39!19sChIJdXizjUx79xQRExZoX005fLQ?authuser=0&hl=ar&g_ep=EgoyMDI2MDkzMC4wIJJjKgBIAVAD&rclk=1,Sherbin,en
Sonesta Cafee,,"4,3",30,,31.1912134,31.5208744,0x14f77b9d657ea317:0x3827c764e55ff09e,https://www.google.com/maps/place/Sonesta+Cafee/data=!4m7!3m6!1s0x14f77b9d657ea317:0x3827c764e55ff09e!8m2!3d31.1912134!4d31.5208744!16s%2Fg%2F11j3rrrfvx!19sChIJF6N-ZZ179xQRnvBf5WTHJzg?authuser=0&hl=ar&g_ep=EgoyMDI2MDkzMC4wIJJjKgBIAVAD&rclk=1,Sherbin,ar
مطعم نصار السياحى,,"3,8",308,,31.1947891,31.5206727,0x14f77b4c1318b137:0x6c13cb1b02b28f68,https://www.google.com/maps/place/%D9%85%D8%B7%D8%B9%D9%85+%D9%86%D8%B5%D8%A7%D8%B1+%D8%A7%D9%84%D8%B3%D9%8A%D8%A7%D8%AD%D9%89%E2%80%AD/data=!4m7!3m6!1s0x14f77b4c1318b137:0x6c13cb1b02b28f68!8m2!3d31.1947891!4d31.5206727!16s%2Fg%2F11bxf55tj7!19sChIJN7EYE0x79xQRaI-yAhvLE2w?authuser=0&hl=ar&g_ep=EgoyMDI2MDkzMC4wIJJjKgBIAVAD&rclk=1,Sherbin,ar
مطعم ميه ميه,,"4,0",44,,31.194281,31.524083,0x14f77b1e9563d22d:0xb3b9fa84e2469b5c,https://www.google.com/maps/place/%D9%85%D8%B7%D8%B9%D9%85+%D9%85%D9%8A%D9%87+%D9%85%D9%8A%D9%87%E2%80%AD/data=!4m7!3m6!1s0x14f77b1e9563d22d:0xb3b9fa84e2469b5c!8m2!3d31.194281!4d31.524083!16s%2Fg%2F11qn5r8c5z!19sChIJLdJjlR579xQRXJtG4oT6ubM?authuser=0&hl=ar&g_ep=EgoyMDI2MDkzMC4wIJJjKgBIAVAD&rclk=1,Sherbin,en
كافيه الهمشري,,"3,8",91,,31.1885748,31.526031,0x14f77b4fc3bff86d:0xb2582ab05e7ff4fb,https://www.google.com/maps/place/%D9%83%D8%A7%D9%81%D9%8A%D9%87+%D8%A7%D9%84%D9%87%D9%85%D8%B4%D8%B1%D9%8A%E2%80%AD/data=!4m7!3m6!1s0x14f77b4fc3bff86d:0xb2582ab05e7ff4fb!8m2!3d31.1885748!4d31.526031!16s%2Fg%2F11cs0s7yqp!19sChIJbfi_w0979xQR-_R_XrAqWLI?authuser=0&hl=ar&g_ep=EgoyMDI2MDkzMC4wIJJjKgBIAVAD&rclk=1,Sherbin,ar
اللوكسيات,,"5,0",2,,31.1935731,31.5184508,0x14f77bb100c2ca15:0x8a2caef4e10ac1e9,https://www.google.com/maps/place/%D8%A7%D9%84%D9%84%D9%88%D9%83%D8%B3%D9%8A%D8%A7%D8%AA%E2%80%AD/data=!4m7!3m6!1s0x14f77bb100c2ca15:0x8a2caef4e10ac1e9!8m2!3d31.1935731!4d31.5184508!16s%2Fg%2F11p9mfhbht!19sChIJFcrCALF79xQR6cEK4fSuLIo?authuser=0&hl=ar&g_ep=EgoyMDI2MDkzMC4wIJJjKgBIAVAD&rclk=1,Sherbin,en
مطعم حيدر,,"3,7",69,,31.1943247,31.5184275,0x14f77b65564f3607:0xee5d21b52551c50f,https://www.google.com/maps/place/%D9%85%D8%B7%D8%B9%D9%85+%D8%AD%D9%8A%D8%AF%D8%B1%E2%80%AD/data=!4m7!3m6!1s0x14f77b65564f3607:0xee5d21b52551c50f!8m2!3d31.1943247!4d31.5184275!16s%2Fg%2F11pkhzm40h!19sChIJBzZPVmV79xQRD8VRJbUhXe4?authuser=0&hl=ar&g_ep=EgoyMDI2MDkzMC4wIJJjKgBIAVAD&rclk=1,Sherbin,en
Paolo,,"5,0",1,,31.1956313,31.5240902,0x14f77b3cdc8cd74f:0xb24d37518a099385,https://www.google.com/maps/place/Paolo/data=!4m7!3m6!1s0x14f77b3cdc8cd74f:0xb24d37518a099385!8m2!3d31.1956313!4d31.5240902!16s%2Fg%2F11twg6_080!19sChIJT9eM3Dx79xQRhZMJilE3TbI?authuser=0&hl=ar&g_ep=EgoyMDI2MDkzMC4wIJJjKgBIAVAD&rclk=1,Sherbin,en
BLACK ROCK CAFE,,"5,0",6,,31.1926192,31.5328379,0x14f77b0038d6e9a1:0x94de5b6967c03d15,https://www.google.com/maps/place/BLACK+ROCK+CAFE/data=!4m7!3m6!1s0x14f77b0038d6e9a1:0x94de5b6967c03d15!8m2!3d31.1926192!4d31.5328379!16s%2Fg%2F11ntp_lky8!19sChIJoenWOAB79xQRFT3AZ2lb3pQ?authuser=0&hl=ar&g_ep=EgoyMDI2MDkzMC4wIJJjKgBIAVAD&rclk=1,Sherbin,ar
Corner Café,,"5,0",1,,31.1914129,31.5210499,0x14f77bc393783249:0xe8267bef7a52e345,https://www.google.com/maps/place/Corner+Caf%C3%A9/data=!4m7!3m6!1s0x14f77bc393783249:0xe8267bef7a52e345!8m2!3d31.1914129!4d31.5210499!16s%2Fg%2F11mw7mxvnf!19sChIJSTJ4k8N79xQRReNSeu97Jug?authuser=0&hl=ar&g_ep=EgoyMDI2MDkzMC4wIJJjKgBIAVAD&rclk=1,Sherbin,ar
كافيه سبرسو,,"4,3",26,,31.1961327,31.5192362,0x14f77b858622b6c3:0xcc2f810c9639c092,https://www.google.com/maps/place/%D9%83%D8%A7%D9%81%D9%8A%D9%87+%D8%B3%D8%A8%D8%B1%D8%B3%D9%88%E2%80%AD/data=!4m7!3m6!1s0x14f77b858622b6c3:0xcc2f810c9639c092!8m2!3d31.1961327!4d31.5192362!16s%2Fg%2F11h0j85kjf!19sChIJw7YihoV79xQRksA5lgyBL8w?authuser=0&hl=ar&g_ep=EgoyMDI2MDkzMC4wIJJjKgBIAVAD&rclk=1,Sherbin,en
شربين,,"4,1",638,,31.1905207,31.510389,0x14f77b228b2b44c3:0xdcb42ff0f89504b2,https://www.google.com/maps/place/%D8%B4%D8%B1%D8%A8%D9%8A%D9%86%E2%80%AD/data=!4m7!3m6!1s0x14f77b228b2b44c3:0xdcb42ff0f89504b2!8m2!3d31.1905207!4d31.510389!16s%2Fg%2F11fn1sngp4!19sChIJw0QriyJ79xQRsgSV-PAvtNw?authuser=0&hl=ar&g_ep=EgoyMDI2MDkzMC4wIJJjKgBIAVAD&rclk=1,Sherbin,ar
حلواني الملكه,,"4,5",21,,31.1966913,31.5213484,0x14f77b93f2893e61:0xf0fe5d979c814697,https://www.google.com/maps/place/%D8%AD%D9%84%D9%88%D8%A7%D9%86%D9%8A+%D8%A7%D9%84%D9%85%D9%84%D9%83%D9%87%E2%80%AD/data=!4m7!3m6!1s0x14f77b93f2893e61:0xf0fe5d979c814697!8m2!3d31.1966913!4d31.5213484!16s%2Fg%2F11h3nfwvqy!19sChIJYT6J8pN79xQRl0aBnJdd_vA?authuser=0&hl=ar&g_ep=EgoyMDI2MDkzMC4wIJJjKgBIAVAD&rclk=1,Sherbin,en
Eftekasa - افتكاسه,,"5,0",1,,31.1944413,31.5173047,0x14f77b1f295dba59:0xf35153813657f714,https://www.google.com/maps/place/Eftekasa+-+%D8%A7%D9%81%D8%AA%D9%83%D8%A7%D8%B3%D9%87%E2%80%AD/data=!4m7!3m6!1s0x14f77b1f295dba59:0xf35153813657f714!8m2!3d31.1944413!4d31.5173047!16s%2Fg%2F11l37tx830!19sChIJWbpdKR979xQRFPdXNoFTUfM?authuser=0&hl=ar&g_ep=EgoyMDI2MDkzMC4wIJJjKgBIAVAD&rclk=1,Sherbin,en
مطعم الشيف السعيد أمين,,"5,0",1,,31.1904543,31.5236769,0x14f77bde0894c1df:0xa959c25ed702f96b,https://www.google.com/maps/place/%D9%85%D8%B7%D8%B9%D9%85+%D8%A7%D9%84%D8%B4%D9%8A%D9%81+%D8%A7%D9%84%D8%B3%D8%B9%D9%8A%D8%AF+%D8%A3%D9%85%D9%8A%D9%86%E2%80%AD/data=!4m7!3m6!1s0x14f77bde0894c1df:0xa959c25ed702f96b!8m2!3d31.1904543!4d31.5236769!16s%2Fg%2F11fjtw7tym!19sChIJ38GUCN579xQRa_kC117CWak?authuser=0&hl=ar&g_ep=EgoyMDI2MDkzMC4wIJJjKgBIAVAD&rclk=1,Sherbin,en
Lion's café,,"5,0",3,,31.1950003,31.5168769,0x14f77baeb450b711:0x6dbb0af6b5831db,https://www.google.com/maps/place/Lion%27s+caf%C3%A9/data=!4m7!3m6!1s0x14f77baeb450b711:0x6dbb0af6b5831db!8m2!3d31.1950003!4d31.5168769!16s%2Fg%2F11pq65h0yz!19sChIJEbdQtK579xQR2zFYa6-w2wY?authuser=0&hl=ar&g_ep=EgoyMDI2MDkzMC4wIJJjKgBIAVAD&rclk=1,Sherbin,en
قهوة الأصدقاء,,"3,6",89,,31.1946964,31.5148893,0x14f77b49f01a94cd:0x4582cd68c6c1059b,https://www.google.com/maps/place/%D9%82%D9%87%D9%88%D8%A9+%D8%A7%D9%84%D8%A3%D8%B5%D8%AF%D9%82%D8%A7%D8%A1%E2%80%AD/data=!4m7!3m6!1s0x14f77b49f01a94cd:0x4582cd68c6c1059b!8m2!3d31.1946964!4d31.5148893!16s%2Fg%2F11cmgsd3h3!19sChIJzZQa8El79xQRmwXBxmjNgkU?authuser=0&hl=ar&g_ep=EgoyMDI2MDkzMC4wIJJjKgBIAVAD&rclk=1,Sherbin,en
كافيه حكايات بنات,,"4,0",123,,31.1958755,31.5236786,0x14f77b4d0efcdcdf:0xcb00d0046e95a086,https://www.google.com/maps/place/%D9%83%D8%A7%D9%81%D9%8A%D9%87+%D8%AD%D9%83%D8%A7%D9%8A%D8%A7%D8%AA+%D8%A8%D9%86%D8%A7%D8%AA%E2%80%AD/data=!4m7!3m6!1s0x14f77b4d0efcdcdf:0xcb00d0046e95a086!8m2!3d31.1958755!4d31.5236786!16s%2Fg%2F11f4lb693s!19sChIJ39z8Dk179xQRhqCVbgTQAMs?authuser=0&hl=ar&g_ep=EgoyMDI2MDkzMC4wIJJjKgBIAVAD&rclk=1,Sherbin,ar
Zahra cafe,,,,,31.1917231,31.5204865,0x14f77b005027135d:0xde8ea260b3c9f01a,https://www.google.com/maps/place/Zahra+cafe/data=!4m7!3m6!1s0x14f77b005027135d:0xde8ea260b3c9f01a!8m2!3d31.1917231!4d31.5204865!16s%2Fg%2F11ydzt5k8c!19sChIJXRMnUAB79xQRGvDJs2Cijt4?authuser=0&hl=ar&g_ep=EgoyMDI2MDkzMC4wIJJjKgBIAVAD&rclk=1,Sherbin,ar
كافيه جولد,,"4,8",6,,31.193772,31.5263361,0x14f77b003052f58f:0x72dba39503e23701,https://www.google.com/maps/place/%D9%83%D8%A7%D9%81%D9%8A%D9%87+%D8%AC%D9%88%D9%84%D8%AF%E2%80%AD/data=!4m7!3m6!1s0x14f77b003052f58f:0x72dba39503e23701!8m2!3d31.193772!4d31.5263361!16s%2Fg%2F11xg5t8lk2!19sChIJj_VSMAB79xQRATfiA5Wj23I?authuser=0&hl=ar&g_ep=EgoyMDI2MDkzMC4wIJJjKgBIAVAD&rclk=1,Sherbin,en
San siro,,"4,5",42,,31.1885036,31.5426568,0x14f77de426b3d0d3:0x46f9225acdad1b96,https://www.google.com/maps/place/San+siro/data=!4m7!3m6!1s0x14f77de426b3d0d3:0x46f9225acdad1b96!8m2!3d31.1885036!4d31.5426568!16s%2Fg%2F11k8gvyyvx!19sChIJ09CzJuR99xQRlhutzVoi-UY?authuser=0&hl=ar&g_ep=EgoyMDI2MDkzMC4wIJJjKgBIAVAD&rclk=1,Faraskur,ar
مقهى آخر زمن,,"4,5",58,,31.2078221,31.6157931,0x14f7628f419baaab:0x532e57045e8a475d,https://www.google.com/maps/place/%D9%85%D9%82%D9%87%D9%89+%D8%A2%D8%AE%D8%B1+%D8%B2%D9%85%D9%86%E2%80%AD/data=!4m7!3m6!1s0x14f7628f419baaab:0x532e57045e8a475d!8m2!3d31.2078221!4d31.6157931!16s%2Fg%2F11fy4pfv2w!19sChIJq6qbQY9i9xQRXUeKXgRXLlM?authuser=0&hl=ar&g_ep=EgoyMDI2MDkzMC4wIJJjKgBIAVAD&rclk=1,Mit Salsil,ar
Capitano café,,"4,6",13,,31.1893572,31.5509696,0x14f77d07f36183ab:0xcb60074aa4193622,https://www.google.com/maps/place/Capitano+caf%C3%A9/data=!4m7!3m6!1s0x14f77d07f36183ab:0xcb60074aa4193622!8m2!3d31.1893572!4d31.5509696!16s%2Fg%2F11q8v5f20s!19sChIJq4Nh8wd99xQRIjYZpEoHYMs?authuser=0&hl=ar&g_ep=EgoyMDI2MDkzMC4wIJJjKgBIAVAD&rclk=1,Faraskur,ar
كافيه هيبتا,,"5,0",2,,31.1949959,31.5239111,0x14f77b2ae7cebbbd:0x3df69603399f6c51,https://www.google.com/maps/place/%D9%83%D8%A7%D9%81%D9%8A%D9%87+%D9%87%D9%8A%D8%A8%D8%AA%D8%A7%E2%80%AD/data=!4m7!3m6!1s0x14f77b2ae7cebbbd:0x3df69603399f6c51!8m2!3d31.1949959!4d31.5239111!16s%2Fg%2F11kg8zn445!19sChIJvbvO5yp79xQRUWyfOQOW9j0?authuser=0&hl=ar&g_ep=EgoyMDI2MDkzMC4wIJJjKgBIAVAD&rclk=1,Sherbin,ar
Mute,,"4,8",6,,31.1952987,31.5193231,0x14f77b6caad56801:0xdbdba83815136fae,https://www.google.com/maps/place/Mute/data=!4m7!3m6!1s0x14f77b6caad56801:0xdbdba83815136fae!8m2!3d31.1952987!4d31.5193231!16s%2Fg%2F11kpsvzrtv!19sChIJAWjVqmx79xQRrm8TFTio29s?authuser=0&hl=ar&g_ep=EgoyMDI2MDkzMC4wIJJjKgBIAVAD&rclk=1,Sherbin,ar
كافيه القصبي,,"3,7",55,,31.1923125,31.5335602,0x14f77b5450038f57:0x6c644ef6c0c065cd,https://www.google.com/maps/place/%D9%83%D8%A7%D9%81%D9%8A%D9%87+%D8%A7%D9%84%D9%82%D8%B5%D8%A8%D9%8A%E2%80%AD/data=!4m7!3m6!1s0x14f77b5450038f57:0x6c644ef6c0c065cd!8m2!3d31.1923125!4d31.5335602!16s%2Fg%2F11csqdyx0n!19sChIJV48DUFR79xQRzWXAwPZOZGw?authuser=0&hl=ar&g_ep=EgoyMDI2MDkzMC4wIJJjKgBIAVAD&rclk=1,Sherbin,ar
MO Restaurant,,"4,3",22,,31.1951793,31.5236554,0x14f77bad42f63313:0xa011e8f0f22c66ec,https://www.google.com/maps/place/MO+Restaurant/data=!4m7!3m6!1s0x14f77bad42f63313:0xa011e8f0f22c66ec!8m2!3d31.1951793!4d31.5236554!16s%2Fg%2F11p02vkv45!19sChIJEzP2Qq179xQR7GYs8vDoEaA?authuser=0&hl=ar&g_ep=EgoyMDI2MDkzMC4wIJJjKgBIAVAD&rclk=1,Sherbin,ar
UnderGround Ps&Cafe,,"4,9",9,,31.1953542,31.5173992,0x14f77bc7e6ab6a3b:0x36585878dc6fa933,https://www.google.com/maps/place/UnderGround+Ps%26Cafe/data=!4m7!3m6!1s0x14f77bc7e6ab6a3b:0x36585878dc6fa933!8m2!3d31.1953542!4d31.5173992!16s%2Fg%2F11h_zprr46!19sChIJO2qr5sd79xQRM6lv3HhYWDY?authuser=0&hl=ar&g_ep=EgoyMDI2MDkzMC4wIJJjKgBIAVAD&rclk=1,Sherbin,ar
Coffee {kShesha kon},,"4,1",18,,31.1881213,31.5280862,0x14f77b864aac9553:0x2904568f86748bb4,https://www.google.com/maps/place/Coffee+%7BkShesha+kon%7D/data=!4m7!3m6!1s0x14f77b864aac9553:0x2904568f86748bb4!8m2!3d31.1881213!4d31.5280862!16s%2Fg%2F11fr3042ks!19sChIJU5WsSoZ79xQRtIt0ho9WBCk?authuser=0&hl=ar&g_ep=EgoyMDI2MDkzMC4wIJJjKgBIAVAD&rclk=1,Sherbin,ar
كافيه روما,,"3,8",4,,31.1939859,31.5196699,0x14f77b25c9959e7f:0x3b3abeb238de7d8b,https://www.google.com/maps/place/%D9%83%D8%A7%D9%81%D9%8A%D9%87+%D8%B1%D9%88%D9%85%D8%A7%E2%80%AD/data=!4m7!3m6!1s0x14f77b25c9959e7f:0x3b3abeb238de7d8b!8m2!3d31.1939859!4d31.5196699!16s%2Fg%2F11jkpg08jk!19sChIJf56VySV79xQRi33eOLK-Ojs?authuser=0&hl=ar&g_ep=EgoyMDI2MDkzMC4wIJJjKgBIAVAD&rclk=1,Sherbin,ar
حمزه كافيه,,,,,31.1938675,31.5237829,0x14f77b5d08473747:0xe550bdce9ec4b90d,https://www.google.com/maps/place/%D8%AD%D9%85%D8%B2%D9%87+%D9%83%D8%A7%D9%81%D9%8A%D9%87%E2%80%AD/data=!4m7!3m6!1s0x14f77b5d08473747:0xe550bdce9ec4b90d!8m2!3d31.1938675!4d31.5237829!16s%2Fg%2F11mzg1tn0x!19sChIJRzdHCF179xQRDbnEns69UOU?authuser=0&hl=ar&g_ep=EgoyMDI2MDkzMC4wIJJjKgBIAVAD&rclk=1,Sherbin,ar
هم هم,,"4,6",5,,31.1897185,31.5325479,0x14f77bc55aff6205:0xdee690f632ad0f1,https://www.google.com/maps/place/%D9%87%D9%85+%D9%87%D9%85%E2%80%AD/data=!4m7!3m6!1s0x14f77bc55aff6205:0xdee690f632ad0f1!8m2!3d31.1897185!4d31.5325479!16s%2Fg%2F11q8x2dvms!19sChIJBWL_WsV79xQR8dAqYw9p7g0?authuser=0&hl=ar&g_ep=EgoyMDI2MDkzMC4wIJJjKgBIAVAD&rclk=1,Sherbin,ar
كافيه زهره,,,,,31.198768,31.5173892,0x14f77b0013779b9f:0x419b70a0e5d1af9a,https://www.google.com/maps/place/%D9%83%D8%A7%D9%81%D9%8A%D9%87+%D8%B2%D9%87%D8%B1%D9%87%E2%80%AD/data=!4m7!3m6!1s0x14f77b0013779b9f:0x419b70a0e5d1af9a!8m2!3d31.198768!4d31.5173892!16s%2Fg%2F11y86tg59p!19sChIJn5t3EwB79xQRmq_R5aBwm0E?authuser=0&hl=ar&g_ep=EgoyMDI2MDkzMC4wIJJjKgBIAVAD&rclk=1,Sherbin,ar
La dolce Vita café,,"4,8",5,,31.1398613,31.5394452,0x14f77da9f09e31b9:0x8476ac86fba4c90d,https://www.google.com/maps/place/La+dolce+Vita+caf%C3%A9/data=!4m7!3m6!1s0x14f77da9f09e31b9:0x8476ac86fba4c90d!8m2!3d31.1398613!4d31.5394452!16s%2Fg%2F11rgdxj99j!19sChIJuTGe8Kl99xQRDcmk-4asdoQ?authuser=0&hl=ar&g_ep=EgoyMDI2MDkzMC4wIJJjKgBIAVAD&rclk=1,Sherbin,ar
مطعم السيدة زينب الجديد,,"4,6",7,,31.1950116,31.5194234,0x14f77b03aba15635:0x864a0e784f56e5f0,https://www.google.com/maps/place/%D9%85%D8%B7%D8%B9%D9%85+%D8%A7%D9%84%D8%B3%D9%8A%D8%AF%D8%A9+%D8%B2%D9%8A%D9%86%D8%A8+%D8%A7%D9%84%D8%AC%D8%AF%D9%8A%D8%AF%E2%80%AD/data=!4m7!3m6!1s0x14f77b03aba15635:0x864a0e784f56e5f0!8m2!3d31.1950116!4d31.5194234!16s%2Fg%2F11lfzn7tjm!19sChIJNVahqwN79xQR8OVWT3gOSoY?authuser=0&hl=ar&g_ep=EgoyMDI2MDkzMC4wIJJjKgBIAVAD&rclk=1,Sherbin,ar
مطعم أفريكانو,,"4,0",4,,31.194353,31.5187014,0x14f77b365d8893b7:0x6a47db1d250d07b6,https://www.google.com/maps/place/%D9%85%D8%B7%D8%B9%D9%85+%D8%A3%D9%81%D8%B1%D9%8A%D9%83%D8%A7%D9%86%D9%88%E2%80%AD/data=!4m7!3m6!1s0x14f77b365d8893b7:0x6a47db1d250d07b6!8m2!3d31.194353!4d31.5187014!16s%2Fg%2F11v0b80171!19sChIJt5OIXTZ79xQRtgcNJR3bR2o?authuser=0&hl=ar&g_ep=EgoyMDI2MDkzMC4wIJJjKgBIAVAD&rclk=1,Sherbin,ar
الشحات العزب,,"4,0",1,,31.1912744,31.5249771,0x14f77bb627f0bebd:0x3872486e6f912b43,https://www.google.com/maps/place/%D8%A7%D9%84%D8%B4%D8%AD%D8%A7%D8%AA+%D8%A7%D9%84%D8%B9%D8%B2%D8%A8%E2%80%AD/data=!4m7!3m6!1s0x14f77bb627f0bebd:0x3872486e6f912b43!8m2!3d31.1912744!4d31.5249771!16s%2Fg%2F11s614lvh0!19sChIJvb7wJ7Z79xQRQyuRb25Icjg?authuser=0&hl=ar&g_ep=EgoyMDI2MDkzMC4wIJJjKgBIAVAD&rclk=1,Sherbin,ar
مطاحن بن بن,,"4,5",4,,31.1950342,31.519974,0x14f77bdd93c525f7:0xda63a0d92e6ec0fb,https://www.google.com/maps/place/%D9%85%D8%B7%D8%A7%D8%AD%D9%86+%D8%A8%D9%86+%D8%A8%D9%86%E2%80%AD/data=!4m7!3m6!1s0x14f77bdd93c525f7:0xda63a0d92e6ec0fb!8m2!3d31.1950342!4d31.519974!16s%2Fg%2F11r9q2jffy!19sChIJ9yXFk9179xQR-8BuLtmgY9o?authuser=0&hl=ar&g_ep=EgoyMDI2MDkzMC4wIJJjKgBIAVAD&rclk=1,Sherbin,ar
احمد كافيه,,,,,31.1952958,31.5205673,0x14f77baab1baf859:0xb25a3b1199986be8,https://www.google.com/maps/place/%D8%A7%D8%AD%D9%85%D8%AF+%D9%83%D8%A7%D9%81%D9%8A%D9%87%E2%80%AD/data=!4m7!3m6!1s0x14f77baab1baf859:0xb25a3b1199986be8!8m2!3d31.1952958!4d31.5205673!16s%2Fg%2F11rrprl_7s!19sChIJWfi6sap79xQR6GuYmRE7WrI?authuser=0&hl=ar&g_ep=EgoyMDI2MDkzMC4wIJJjKgBIAVAD&rclk=1,Sherbin,ar
Pizza & steak,,"2,9",7,,31.1961255,31.5192151,0x14f77b006ba7cc89:0x3eef6589d5527108,https://www.google.com/maps/place/Pizza+%26+steak/data=!4m7!3m6!1s0x14f77b006ba7cc89:0x3eef6589d5527108!8m2!3d31.1961255!4d31.5192151!16s%2Fg%2F11xnv0lnqr!19sChIJicynawB79xQRCHFS1Yll7z4?authuser=0&hl=ar&g_ep=EgoyMDI2MDkzMC4wIJJjKgBIAVAD&rclk=1,Sherbin,ar
مطعم تبولة السنبلاوين,,"4,5",,,30.8852912,31.4598791,0x14f78fd624218355:0xf7fd8292c8f1fbd8,https://www.google.com/maps/place/%D9%85%D8%B7%D8%B9%D9%85+%D8%AA%D8%A8%D9%88%D9%84%D8%A9+%D8%A7%D9%84%D8%B3%D9%86%D8%A8%D9%84%D8%A7%D9%88%D9%8A%D9%86%E2%80%AD/data=!4m7!3m6!1s0x14f78fd624218355:0xf7fd8292c8f1fbd8!8m2!3d30.8852912!4d31.4598791!16s%2Fg%2F11yrf2l8f2!19sChIJVYMhJNaP9xQR2PvxyJKC_fc?authuser=0&hl=ar&g_ep=EgoyMDI2MDkzMC4wIJJjKgBIAVAD&rclk=1,Sinbillawein,en
صيف شتا,,"4,4",,,30.8816134,31.4608556,0x14f78f3a1b15f7e1:0xc0774eb3d4ec1655,https://www.google.com/maps/place/%D8%B5%D9%8A%D9%81+%D8%B4%D8%AA%D8%A7%E2%80%AD/data=!4m7!3m6!1s0x14f78f3a1b15f7e1:0xc0774eb3d4ec1655!8m2!3d30.8816134!4d31.4608556!16s%2Fg%2F11pvb26f4_!19sChIJ4fcVGzqP9xQRVRbs1LNOd8A?authuser=0&hl=ar&g_ep=EgoyMDI2MDkzMC4wIJJjKgBIAVAD&rclk=1,Gamasa_suburb_south,en
DAHAB cafe and restaurant,,,,,30.856237,31.4488615,0x14f78f000ab30853:0xebb0ca103d17a985,https://www.google.com/maps/place/DAHAB+cafe+and+restaurant/data=!4m7!3m6!1s0x14f78f000ab30853:0xebb0ca103d17a985!8m2!3d30.856237!4d31.4488615!16s%2Fg%2F11z85t8l0l!19sChIJUwizCgCP9xQRhakXPRDKsOs?authuser=0&hl=ar&g_ep=EgoyMDI2MDkzMC4wIJJjKgBIAVAD&rclk=1,Gamasa_suburb_south,en
مطاعم سمكة وسنارة - السنبلاوين,,"4,9",,,30.8873216,31.4588239,0x14f78575201751c5:0xe4ff337fc3b12610,https://www.google.com/maps/place/%D9%85%D8%B7%D8%A7%D8%B9%D9%85+%D8%B3%D9%85%D9%83%D8%A9+%D9%88%D8%B3%D9%86%D8%A7%D8%B1%D8%A9+-+%D8%A7%D9%84%D8%B3%D9%86%D8%A8%D9%84%D8%A7%D9%88%D9%8A%D9%86%E2%80%AD/data=!4m7!3m6!1s0x14f78575201751c5:0xe4ff337fc3b12610!8m2!3d30.8873216!4d31.4588239!16s%2Fg%2F11shxhcgqz!19sChIJxVEXIHWF9xQRECaxw38z_-Q?authuser=0&hl=ar&g_ep=EgoyMDI2MDkzMC4wIJJjKgBIAVAD&rclk=1,Sinbillawein,en
برايم اب - prime up,,"5,0",,,30.8817275,31.458487,0x14f78f29e0f10969:0x304db488ca4b76de,https://www.google.com/maps/place/%D8%A8%D8%B1%D8%A7%D9%8A%D9%85+%D8%A7%D8%A8+-+prime+up%E2%80%AD/data=!4m7!3m6!1s0x14f78f29e0f10969:0x304db488ca4b76de!8m2!3d30.8817275!4d31.458487!16s%2Fg%2F11yw1kzyzr!19sChIJaQnx4CmP9xQR3nZLyoi0TTA?authuser=0&hl=ar&g_ep=EgoyMDI2MDkzMC4wIJJjKgBIAVAD&rclk=1,Sinbillawein,en
العباسيه ٩٠/El eabaasih 90,,"4,9",,,30.8828614,31.4599012,0x14f78f55ee51acd1:0xb4389dc50255cb9b,https://www.google.com/maps/place/%D8%A7%D9%84%D8%B9%D8%A8%D8%A7%D8%B3%D9%8A%D9%87+%D9%A9%D9%A0%2FEl+eabaasih+90%E2%80%AD/data=!4m7!3m6!1s0x14f78f55ee51acd1:0xb4389dc50255cb9b!8m2!3d30.8828614!4d31.4599012!16s%2Fg%2F11pzvx29tx!19sChIJ0axR7lWP9xQRm8tVAsWdOLQ?authuser=0&hl=ar&g_ep=EgoyMDI2MDkzMC4wIJJjKgBIAVAD&rclk=1,Sinbillawein,en
مطعم ابن حميدو للماكولات البحرية فرع السنبلاوين الدقهلية,,"4,1",,,30.8861607,31.4583967,0x14f7854c25073c1b:0xb6913c732aaa861b,https://www.google.com/maps/place/%D9%85%D8%B7%D8%B9%D9%85+%D8%A7%D8%A8%D9%86+%D8%AD%D9%85%D9%8A%D8%AF%D9%88+%D9%84%D9%84%D9%85%D8%A7%D9%83%D9%88%D9%84%D8%A7%D8%AA+%D8%A7%D9%84%D8%A8%D8%AD%D8%B1%D9%8A%D8%A9+%D9%81%D8%B1%D8%B9+%D8%A7%D9%84%D8%B3%D9%86%D8%A8%D9%84%D8%A7%D9%88%D9%8A%D9%86+%D8%A7%D9%84%D8%AF%D9%82%D9%87%D9%84%D9%8A%D8%A9%E2%80%AD/data=!4m7!3m6!1s0x14f7854c25073c1b:0xb6913c732aaa861b!8,Sinbillawein,en
Albasha Restaurant مطعم الباشا,,"4,1",,,30.8809661,31.4656376,0x14f78f31fce935a7:0x503ce03d9a5fc06a,https://www.google.com/maps/place/Albasha+Restaurant+%D9%85%D8%B7%D8%B9%D9%85+%D8%A7%D9%84%D8%A8%D8%A7%D8%B4%D8%A7%E2%80%AD/data=!4m7!3m6!1s0x14f78f31fce935a7:0x503ce03d9a5fc06a!8m2!3d30.8809661!4d31.4656376!16s%2Fg%2F11mvzxm29b!19sChIJpzXp_DGP9xQRasBfmj3gPFA?authuser=0&hl=ar&g_ep=EgoyMDI2MDkzMC4wIJJjKgBIAVAD&rclk=1,Sinbillawein,en
مطعم الاسراء,,"4,0",,,30.8819804,31.4629799,0x14f78ff42b24d44f:0xfb73fdb790e66bf1,https://www.google.com/maps/place/%D9%85%D8%B7%D8%B9%D9%85+%D8%A7%D9%84%D8%A7%D8%B3%D8%B1%D8%A7%D8%A1%E2%80%AD/data=!4m7!3m6!1s0x14f78ff42b24d44f:0xfb73fdb790e66bf1!8m2!3d30.8819804!4d31.4629799!16s%2Fg%2F11b5pj2gkw!19sChIJT9QkK_SP9xQR8WvmkLf9c_s?authuser=0&hl=ar&g_ep=EgoyMDI2MDkzMC4wIJJjKgBIAVAD&rclk=1,Sinbillawein,en
بيتزا الإسراء فرع السنبلاوين 15410☎️,,"4,0",690,,30.8796482,31.4584512,0x14f78ff5f28d1179:0x12b979f75717b2e,https://www.google.com/maps/place/%D8%A8%D9%8A%D8%AA%D8%B2%D8%A7+%D8%A7%D9%84%D8%A5%D8%B3%D8%B1%D8%A7%D8%A1+%D9%81%D8%B1%D8%B9+%D8%A7%D9%84%D8%B3%D9%86%D8%A8%D9%84%D8%A7%D9%88%D9%8A%D9%86+15410%E2%98%8E%EF%B8%8F%E2%80%AD/data=!4m7!3m6!1s0x14f78ff5f28d1179:0x12b979f75717b2e!8m2!3d30.8796482!4d31.4584512!16s%2Fg%2F11c0r51ndn!19sChIJeRGN8vWP9xQRLntxdZ-XKwE?authuser=0&hl=ar&g_ep=EgoyMDI2MDkzMC4wIJJjKg,Mit Salsil,ar
مطعم بيت الكباب السنبلاوين,,"4,6",32,,30.8748565,31.4582847,0x14f78f8b2465f247:0xc0e4358156e5108a,https://www.google.com/maps/place/%D9%85%D8%B7%D8%B9%D9%85+%D8%A8%D9%8A%D8%AA+%D8%A7%D9%84%D9%83%D8%A8%D8%A7%D8%A8+%D8%A7%D9%84%D8%B3%D9%86%D8%A8%D9%84%D8%A7%D9%88%D9%8A%D9%86%E2%80%AD/data=!4m7!3m6!1s0x14f78f8b2465f247:0xc0e4358156e5108a!8m2!3d30.8748565!4d31.4582847!16s%2Fg%2F11b5pk48lc!19sChIJR_JlJIuP9xQRihDlVoE15MA?authuser=0&hl=ar&g_ep=EgoyMDI2MDkzMC4wIJJjKgBIAVAD&rclk=1,Mit Salsil,en
مطعم وحاتى القط,,"3,9",666,,30.8750752,31.4578834,0x14f78fefe56e6691:0x7bf5b5efe4963ab0,https://www.google.com/maps/place/%D9%85%D8%B7%D8%B9%D9%85+%D9%88%D8%AD%D8%A7%D8%AA%D9%89+%D8%A7%D9%84%D9%82%D8%B7%E2%80%AD/data=!4m7!3m6!1s0x14f78fefe56e6691:0x7bf5b5efe4963ab0!8m2!3d30.8750752!4d31.4578834!16s%2Fg%2F12m8_ybyn!19sChIJkWZu5e-P9xQRsDqW5O-19Xs?authuser=0&hl=ar&g_ep=EgoyMDI2MDkzMC4wIJJjKgBIAVAD&rclk=1,Mit Salsil,ar
Billionaire Restaurant & cafe,,"4,5",35,,31.0557326,31.4031877,0x14f79d5d99aca0e9:0x46c8e12bd65af5db,https://www.google.com/maps/place/Billionaire+Restaurant+%26+cafe/data=!4m7!3m6!1s0x14f79d5d99aca0e9:0x46c8e12bd65af5db!8m2!3d31.0557326!4d31.4031877!16s%2Fg%2F11q7q6r8r7!19sChIJ6aCsmV2d9xQR2_Va1ivhyEY?authuser=0&hl=ar&g_ep=EgoyMDI2MDkzMC4wIJJjKgBIAVAD&rclk=1,Gamasa,en
3almashy caffe,,"4,7",19,,30.9866837,31.3479629,0x14f799a5e4da6d5d:0x2f856e5ff6292a08,https://www.google.com/maps/place/3almashy+caffe/data=!4m7!3m6!1s0x14f799a5e4da6d5d:0x2f856e5ff6292a08!8m2!3d30.9866837!4d31.3479629!16s%2Fg%2F11rc34jfth!19sChIJXW3a5KWZ9xQRCCop9l9uhS8?authuser=0&hl=ar&g_ep=EgoyMDI2MDkzMC4wIJJjKgBIAVAD&rclk=1,Sinbillawein,en
مطعم سند,,"3,5",221,,30.8818422,31.458866,0x14f78f8b2465f247:0x8f7399123ee0d41f,https://www.google.com/maps/place/%D9%85%D8%B7%D8%B9%D9%85+%D8%B3%D9%86%D8%AF%E2%80%AD/data=!4m7!3m6!1s0x14f78f8b2465f247:0x8f7399123ee0d41f!8m2!3d30.8818422!4d31.458866!16s%2Fg%2F11b5pj88bw!19sChIJR_JlJIuP9xQRH9TgPhKZc48?authuser=0&hl=ar&g_ep=EgoyMDI2MDkzMC4wIJJjKgBIAVAD&rclk=1,Sinbillawein,ar
Kick in Al Mansoura,,"4,1",133,,31.0245445,31.3935981,0x14f79d3b875320d1:0x761284d38730fe91,https://www.google.com/maps/place/Kick+in+Al+Mansoura/data=!4m7!3m6!1s0x14f79d3b875320d1:0x761284d38730fe91!8m2!3d31.0245445!4d31.3935981!16s%2Fg%2F11t61s04w_!19sChIJ0SBThzud9xQRkf4wh9OEEnY?authuser=0&hl=ar&g_ep=EgoyMDI2MDkzMC4wIJJjKgBIAVAD&rclk=1,Gamasa,en
كافيه زمردة,,"4,4",30,,30.8850908,31.4533153,0x14f78f2bf4a8acdb:0x353f1044af7cf15c,https://www.google.com/maps/place/%D9%83%D8%A7%D9%81%D9%8A%D9%87+%D8%B2%D9%85%D8%B1%D8%AF%D8%A9%E2%80%AD/data=!4m7!3m6!1s0x14f78f2bf4a8acdb:0x353f1044af7cf15c!8m2!3d30.8850908!4d31.4533153!16s%2Fg%2F11krs4cvb6!19sChIJ26yo9CuP9xQRXPF8r0QQPzU?authuser=0&hl=ar&g_ep=EgoyMDI2MDkzMC4wIJJjKgBIAVAD&rclk=1,Gamasa_suburb_south,en
كافيه و مطعم سمسم,,"3,5",2,,30.8878289,31.4586378,0x14f78500188616c1:0xf434f784377ed03a,https://www.google.com/maps/place/%D9%83%D8%A7%D9%81%D9%8A%D9%87+%D9%88+%D9%85%D8%B7%D8%B9%D9%85+%D8%B3%D9%85%D8%B3%D9%85%E2%80%AD/data=!4m7!3m6!1s0x14f78500188616c1:0xf434f784377ed03a!8m2!3d30.8878289!4d31.4586378!16s%2Fg%2F11yr85_lz_!19sChIJwRaGGACF9xQROtB-N4T3NPQ?authuser=0&hl=ar&g_ep=EgoyMDI2MDkzMC4wIJJjKgBIAVAD&rclk=1,Sinbillawein,ar
سيتي جاردن,,"4,1",25,,30.8775314,31.4586782,0x14f78ff49576a981:0x739174dbfd71e448,https://www.google.com/maps/place/%D8%B3%D9%8A%D8%AA%D9%8A+%D8%AC%D8%A7%D8%B1%D8%AF%D9%86%E2%80%AD/data=!4m7!3m6!1s0x14f78ff49576a981:0x739174dbfd71e448!8m2!3d30.8775314!4d31.4586782!16s%2Fg%2F11gxmw5k6_!19sChIJgal2lfSP9xQRSORx_dt0kXM?authuser=0&hl=ar&g_ep=EgoyMDI2MDkzMC4wIJJjKgBIAVAD&rclk=1,Mit Salsil,ar
Bravos dessert,,"5,0",1,,30.8828557,31.4564525,0x14f78f154fb818b7:0xc0cdb3cae6145378,https://www.google.com/maps/place/Bravos+dessert/data=!4m7!3m6!1s0x14f78f154fb818b7:0xc0cdb3cae6145378!8m2!3d30.8828557!4d31.4564525!16s%2Fg%2F11pd13dr3b!19sChIJtxi4TxWP9xQReFMU5sqzzcA?authuser=0&hl=ar&g_ep=EgoyMDI2MDkzMC4wIJJjKgBIAVAD&rclk=1,Mit Salsil,ar
مطعم الشرقاوي,,"4,0",4,,30.8838849,31.4666583,0x14f785000495e429:0x8b67aef10d9bf556,https://www.google.com/maps/place/%D9%85%D8%B7%D8%B9%D9%85+%D8%A7%D9%84%D8%B4%D8%B1%D9%82%D8%A7%D9%88%D9%8A%E2%80%AD/data=!4m7!3m6!1s0x14f785000495e429:0x8b67aef10d9bf556!8m2!3d30.8838849!4d31.4666583!16s%2Fg%2F11ynv80y1s!19sChIJKeSVBACF9xQRVvWbDfGuZ4s?authuser=0&hl=ar&g_ep=EgoyMDI2MDkzMC4wIJJjKgBIAVAD&rclk=1,Sinbillawein,ar
بلاتوه كافيه,,"4,1",13,,30.8839528,31.4606513,0x14f78f7602d58adf:0x57ba5772f850b3d1,https://www.google.com/maps/place/%D8%A8%D9%84%D8%A7%D8%AA%D9%88%D9%87+%D9%83%D8%A7%D9%81%D9%8A%D9%87%E2%80%AD/data=!4m7!3m6!1s0x14f78f7602d58adf:0x57ba5772f850b3d1!8m2!3d30.8839528!4d31.4606513!16s%2Fg%2F11g0w42vwq!19sChIJ34rVAnaP9xQR0bNQ-HJXulc?authuser=0&hl=ar&g_ep=EgoyMDI2MDkzMC4wIJJjKgBIAVAD&rclk=1,Bagour,ar
قصر البارون,,"4,0",199,,30.8816268,31.4581691,0x14f78ffa1ed1f2db:0x89e24e61e366b0f1,https://www.google.com/maps/place/%D9%82%D8%B5%D8%B1+%D8%A7%D9%84%D8%A8%D8%A7%D8%B1%D9%88%D9%86%E2%80%AD/data=!4m7!3m6!1s0x14f78ffa1ed1f2db:0x89e24e61e366b0f1!8m2!3d30.8816268!4d31.4581691!16s%2Fg%2F1pzy95px5!19sChIJ2_LRHvqP9xQR8bBm42FO4ok?authuser=0&hl=ar&g_ep=EgoyMDI2MDkzMC4wIJJjKgBIAVAD&rclk=1,Mit Salsil,ar
Om Kalthoum Cafe - قهوة أم كلثوم,,"3,8",158,,30.8859873,31.4589848,0x14f7855878459edd:0xa208b8511b30647a,https://www.google.com/maps/place/Om+Kalthoum+Cafe+-+%D9%82%D9%87%D9%88%D8%A9+%D8%A3%D9%85+%D9%83%D9%84%D8%AB%D9%88%D9%85%E2%80%AD/data=!4m7!3m6!1s0x14f7855878459edd:0xa208b8511b30647a!8m2!3d30.8859873!4d31.4589848!16s%2Fg%2F11css5_pvs!19sChIJ3Z5FeFiF9xQRemQwG1G4CKI?authuser=0&hl=ar&g_ep=EgoyMDI2MDkzMC4wIJJjKgBIAVAD&rclk=1,Sinbillawein,ar
حلويات أحمد ماهر فرع السنبلاوين,,"4,2",92,,30.8870831,31.4588524,0x14f785690956871d:0xe46fd8731b137bea,https://www.google.com/maps/place/%D8%AD%D9%84%D9%88%D9%8A%D8%A7%D8%AA+%D8%A3%D8%AD%D9%85%D8%AF+%D9%85%D8%A7%D9%87%D8%B1+%D9%81%D8%B1%D8%B9+%D8%A7%D9%84%D8%B3%D9%86%D8%A8%D9%84%D8%A7%D9%88%D9%8A%D9%86%E2%80%AD/data=!4m7!3m6!1s0x14f785690956871d:0xe46fd8731b137bea!8m2!3d30.8870831!4d31.4588524!16s%2Fg%2F11ls6b5glq!19sChIJHYdWCWmF9xQR6nsTG3PYb-Q?authuser=0&hl=ar&g_ep=EgoyMDI2MDkzMC4wIJJjKgBIAVAD&rcl,Sinbillawein,ar
كافيه كوستا,,"5,0",1,,30.8808151,31.4558744,0x14f78fc937642d0f:0x2df19cbdb7ffaeda,https://www.google.com/maps/place/%D9%83%D8%A7%D9%81%D9%8A%D9%87+%D9%83%D9%88%D8%B3%D8%AA%D8%A7%E2%80%AD/data=!4m7!3m6!1s0x14f78fc937642d0f:0x2df19cbdb7ffaeda!8m2!3d30.8808151!4d31.4558744!16s%2Fg%2F11j92d0y52!19sChIJDy1kN8mP9xQR2q7_t72c8S0?authuser=0&hl=ar&g_ep=EgoyMDI2MDkzMC4wIJJjKgBIAVAD&rclk=1,Sinbillawein,ar
الخان كافيه -El khan cafe,,,,,30.877534,31.458692,0x14f78fdb390e1471:0x119ed6bf78b51a87,https://www.google.com/maps/place/%D8%A7%D9%84%D8%AE%D8%A7%D9%86+%D9%83%D8%A7%D9%81%D9%8A%D9%87+-El+khan+cafe%E2%80%AD/data=!4m7!3m6!1s0x14f78fdb390e1471:0x119ed6bf78b51a87!8m2!3d30.877534!4d31.458692!16s%2Fg%2F11nnqhyj7p!19sChIJcRQOOduP9xQRhxq1eL_WnhE?authuser=0&hl=ar&g_ep=EgoyMDI2MDkzMC4wIJJjKgBIAVAD&rclk=1,Sinbillawein,ar
بن بهاء,,"4,2",5,,30.8798475,31.4694491,0x14f78f8b2465f247:0x9c0ff4d7c8113bef,https://www.google.com/maps/place/%D8%A8%D9%86+%D8%A8%D9%87%D8%A7%D8%A1%E2%80%AD/data=!4m7!3m6!1s0x14f78f8b2465f247:0x9c0ff4d7c8113bef!8m2!3d30.8798475!4d31.4694491!16s%2Fg%2F11b5phxtwm!19sChIJR_JlJIuP9xQR7zsRyNf0D5w?authuser=0&hl=ar&g_ep=EgoyMDI2MDkzMC4wIJJjKgBIAVAD&rclk=1,Sinbillawein,ar
موكا كافية,,,,,30.8798125,31.4614375,0x14f78fed3e31ea35:0x26c07898ff6db5d0,https://www.google.com/maps/place/%D9%85%D9%88%D9%83%D8%A7+%D9%83%D8%A7%D9%81%D9%8A%D8%A9%E2%80%AD/data=!4m7!3m6!1s0x14f78fed3e31ea35:0x26c07898ff6db5d0!8m2!3d30.8798125!4d31.4614375!16s%2Fg%2F11rxw9491l!19sChIJNeoxPu2P9xQR0LVt_5h4wCY?authuser=0&hl=ar&g_ep=EgoyMDI2MDkzMC4wIJJjKgBIAVAD&rclk=1,Sinbillawein,ar
مطعم,,,,,30.8693566,31.4709519,0x14f78f366f909675:0xfdd6003050849ced,https://www.google.com/maps/place/%D9%85%D8%B7%D8%B9%D9%85%E2%80%AD/data=!4m7!3m6!1s0x14f78f366f909675:0xfdd6003050849ced!8m2!3d30.8693566!4d31.4709519!16s%2Fg%2F11w49sdbnq!19sChIJdZaQbzaP9xQR7ZyEUDAA1v0?authuser=0&hl=ar&g_ep=EgoyMDI2MDkzMC4wIJJjKgBIAVAD&rclk=1,Mahalla Damana,ar
R2 cafee & PS4,,"3,7",6,,30.8845703,31.4595441,0x14f78fb8ea3d082b:0xadcde7f23715a112,https://www.google.com/maps/place/R2+cafee+%26+PS4/data=!4m7!3m6!1s0x14f78fb8ea3d082b:0xadcde7f23715a112!8m2!3d30.8845703!4d31.4595441!16s%2Fg%2F11fhqrhl30!19sChIJKwg96riP9xQREqEVN_Lnza0?authuser=0&hl=ar&g_ep=EgoyMDI2MDkzMC4wIJJjKgBIAVAD&rclk=1,Sinbillawein,ar
كبابجى ابو على,,"5,0",7,,30.8798475,31.4694491,0x14f78f8b2465f247:0xa5402a086c8dd18,https://www.google.com/maps/place/%D9%83%D8%A8%D8%A7%D8%A8%D8%AC%D9%89+%D8%A7%D8%A8%D9%88+%D8%B9%D9%84%D9%89%E2%80%AD/data=!4m7!3m6!1s0x14f78f8b2465f247:0xa5402a086c8dd18!8m2!3d30.8798475!4d31.4694491!16s%2Fg%2F11b5pks10s!19sChIJR_JlJIuP9xQRGN3IhqACVAo?authuser=0&hl=ar&g_ep=EgoyMDI2MDkzMC4wIJJjKgBIAVAD&rclk=1,Sinbillawein,ar
ابو على,,"4,6",5,,30.8754035,31.4569283,0x14f78f285c0c3681:0xa913287d1f8856e5,https://www.google.com/maps/place/%D8%A7%D8%A8%D9%88+%D8%B9%D9%84%D9%89%E2%80%AD/data=!4m7!3m6!1s0x14f78f285c0c3681:0xa913287d1f8856e5!8m2!3d30.8754035!4d31.4569283!16s%2Fg%2F11sc29dp8c!19sChIJgTYMXCiP9xQR5VaIH30oE6k?authuser=0&hl=ar&g_ep=EgoyMDI2MDkzMC4wIJJjKgBIAVAD&rclk=1,Sinbillawein,ar
Captain burger _كابتن برجر,,"3,3",10,,30.8788295,31.4586867,0x14f78ff5303324bb:0x7668761cc6d74655,https://www.google.com/maps/place/Captain+burger+_%D9%83%D8%A7%D8%A8%D8%AA%D9%86+%D8%A8%D8%B1%D8%AC%D8%B1%E2%80%AD/data=!4m7!3m6!1s0x14f78ff5303324bb:0x7668761cc6d74655!8m2!3d30.8788295!4d31.4586867!16s%2Fg%2F11rq1h17sh!19sChIJuyQzMPWP9xQRVUbXxhx2aHY?authuser=0&hl=ar&g_ep=EgoyMDI2MDkzMC4wIJJjKgBIAVAD&rclk=1,Sinbillawein,ar
الوصيفى,,"4,0",1,,30.8798475,31.4694491,0x14f78f8b2465f247:0x162dbdc46a60b36e,https://www.google.com/maps/place/%D8%A7%D9%84%D9%88%D8%B5%D9%8A%D9%81%D9%89%E2%80%AD/data=!4m7!3m6!1s0x14f78f8b2465f247:0x162dbdc46a60b36e!8m2!3d30.8798475!4d31.4694491!16s%2Fg%2F11b5phxz13!19sChIJR_JlJIuP9xQRbrNgasS9LRY?authuser=0&hl=ar&g_ep=EgoyMDI2MDkzMC4wIJJjKgBIAVAD&rclk=1,Sinbillawein,ar
مطعم العربي,,"2,0",1,,30.8850917,31.457823,0x14f78f0d005a98b1:0xd843a6ae63a9c255,https://www.google.com/maps/place/%D9%85%D8%B7%D8%B9%D9%85+%D8%A7%D9%84%D8%B9%D8%B1%D8%A8%D9%8A%E2%80%AD/data=!4m7!3m6!1s0x14f78f0d005a98b1:0xd843a6ae63a9c255!8m2!3d30.8850917!4d31.457823!16s%2Fg%2F11mz3zcp5p!19sChIJsZhaAA2P9xQRVcKpY66mQ9g?authuser=0&hl=ar&g_ep=EgoyMDI2MDkzMC4wIJJjKgBIAVAD&rclk=1,Sinbillawein,ar
مائدة مصطفى,,"2,5",2,,30.8798475,31.4694491,0x14f78f8b2465f247:0xed9f683d976a3977,https://www.google.com/maps/place/%D9%85%D8%A7%D8%A6%D8%AF%D8%A9+%D9%85%D8%B5%D8%B7%D9%81%D9%89%E2%80%AD/data=!4m7!3m6!1s0x14f78f8b2465f247:0xed9f683d976a3977!8m2!3d30.8798475!4d31.4694491!16s%2Fg%2F11b5ph_hts!19sChIJR_JlJIuP9xQRdzlqlz1on-0?authuser=0&hl=ar&g_ep=EgoyMDI2MDkzMC4wIJJjKgBIAVAD&rclk=1,Sinbillawein,ar
فطاطرى البركة,,,,,30.8798475,31.4694491,0x14f78f8b2465f247:0x64652e1bfbc353d3,https://www.google.com/maps/place/%D9%81%D8%B7%D8%A7%D8%B7%D8%B1%D9%89+%D8%A7%D9%84%D8%A8%D8%B1%D9%83%D8%A9%E2%80%AD/data=!4m7!3m6!1s0x14f78f8b2465f247:0x64652e1bfbc353d3!8m2!3d30.8798475!4d31.4694491!16s%2Fg%2F11b5pjwlqb!19sChIJR_JlJIuP9xQR01PD-xsuZWQ?authuser=0&hl=ar&g_ep=EgoyMDI2MDkzMC4wIJJjKgBIAVAD&rclk=1,Sinbillawein,ar
كشرى مكة,,"5,0",1,,30.8798475,31.4694491,0x14f78f8b2465f247:0xe04b1e48963be8c5,https://www.google.com/maps/place/%D9%83%D8%B4%D8%B1%D9%89+%D9%85%D9%83%D8%A9%E2%80%AD/data=!4m7!3m6!1s0x14f78f8b2465f247:0xe04b1e48963be8c5!8m2!3d30.8798475!4d31.4694491!16s%2Fg%2F11b5pj905p!19sChIJR_JlJIuP9xQRxeg7lkgeS-A?authuser=0&hl=ar&g_ep=EgoyMDI2MDkzMC4wIJJjKgBIAVAD&rclk=1,Sinbillawein,ar
بيتزا ستار,,,,,30.8798475,31.4694491,0x14f78f8b2465f247:0x6ba3670c147ba362,https://www.google.com/maps/place/%D8%A8%D9%8A%D8%AA%D8%B2%D8%A7+%D8%B3%D8%AA%D8%A7%D8%B1%E2%80%AD/data=!4m7!3m6!1s0x14f78f8b2465f247:0x6ba3670c147ba362!8m2!3d30.8798475!4d31.4694491!16s%2Fg%2F11b5pjg0l2!19sChIJR_JlJIuP9xQRYqN7FAxno2s?authuser=0&hl=ar&g_ep=EgoyMDI2MDkzMC4wIJJjKgBIAVAD&rclk=1,Sinbillawein,ar
حاتى المدينة,,,,,30.8798475,31.4694491,0x14f78f8b2465f247:0x57a9fc20f914cbeb,https://www.google.com/maps/place/%D8%AD%D8%A7%D8%AA%D9%89+%D8%A7%D9%84%D9%85%D8%AF%D9%8A%D9%86%D8%A9%E2%80%AD/data=!4m7!3m6!1s0x14f78f8b2465f247:0x57a9fc20f914cbeb!8m2!3d30.8798475!4d31.4694491!16s%2Fg%2F11b5ph_wmp!19sChIJR_JlJIuP9xQR68sU-SD8qVc?authuser=0&hl=ar&g_ep=EgoyMDI2MDkzMC4wIJJjKgBIAVAD&rclk=1,Sinbillawein,ar
Boom crepe,,"4,2",,,30.8780196,31.4643418,0x14f78faa2751afdb:0x8d8d59a6bee9600c,https://www.google.com/maps/place/Boom+crepe/data=!4m7!3m6!1s0x14f78faa2751afdb:0x8d8d59a6bee9600c!8m2!3d30.8780196!4d31.4643418!16s%2Fg%2F11llkrz879!19sChIJ269RJ6qP9xQRDGDpvqZZjY0?authuser=0&hl=ar&g_ep=EgoyMDI2MDkzMC4wIJJjKgBIAVAD&rclk=1,Matareya,en
The icon coffee - ايكون كافيه,,"4,8",221,,31.1876396,32.0319356,0x14f9bf82046a5635:0xb736f3685c01b07a,https://www.google.com/maps/place/The+icon+coffee+-+%D8%A7%D9%8A%D9%83%D9%88%D9%86+%D9%83%D8%A7%D9%81%D9%8A%D9%87%E2%80%AD/data=!4m7!3m6!1s0x14f9bf82046a5635:0xb736f3685c01b07a!8m2!3d31.1876396!4d32.0319356!16s%2Fg%2F11msyzs67w!19sChIJNVZqBIK_-RQRerABXGjzNrc?authuser=0&hl=ar&g_ep=EgoyMDI2MDkzMC4wIJJjKgBIAVAD&rclk=1,Matareya,ar
MIX BERRY,,"4,6",93,,31.1852726,32.0317606,0x14f9bf8fd29d484f:0x4d0f2854f724ed68,https://www.google.com/maps/place/MIX+BERRY/data=!4m7!3m6!1s0x14f9bf8fd29d484f:0x4d0f2854f724ed68!8m2!3d31.1852726!4d32.0317606!16s%2Fg%2F11n0f5dqjq!19sChIJT0id0o-_-RQRaO0k91QoD00?authuser=0&hl=ar&g_ep=EgoyMDI2MDkzMC4wIJJjKgBIAVAD&rclk=1,Matareya,ar
Cafe Point,,"4,0",2,,31.1866827,32.0319408,0x14f9bf0504f9c46b:0x52276e7ce3233ab7,https://www.google.com/maps/place/Cafe+Point/data=!4m7!3m6!1s0x14f9bf0504f9c46b:0x52276e7ce3233ab7!8m2!3d31.1866827!4d32.0319408!16s%2Fg%2F11q8g5vnrs!19sChIJa8T5BAW_-RQRtzoj43xuJ1I?authuser=0&hl=ar&g_ep=EgoyMDI2MDkzMC4wIJJjKgBIAVAD&rclk=1,Manzala,ar
كافيه خالد,,"4,6",18,,31.1865305,32.0301299,0x14f9bf0c660cf769:0xd9e67170b21b35d7,https://www.google.com/maps/place/%D9%83%D8%A7%D9%81%D9%8A%D9%87+%D8%AE%D8%A7%D9%84%D8%AF%E2%80%AD/data=!4m7!3m6!1s0x14f9bf0c660cf769:0xd9e67170b21b35d7!8m2!3d31.1865305!4d32.0301299!16s%2Fg%2F11lkxqbdzf!19sChIJafcMZgy_-RQR1zUbsnBx5tk?authuser=0&hl=ar&g_ep=EgoyMDI2MDkzMC4wIJJjKgBIAVAD&rclk=1,Matareya,ar
كافيه الخيمة,,"4,2",10,,31.1877201,32.0308935,0x14f9bf64771f3a49:0x6fdc7c02743bb910,https://www.google.com/maps/place/%D9%83%D8%A7%D9%81%D9%8A%D9%87+%D8%A7%D9%84%D8%AE%D9%8A%D9%85%D8%A9%E2%80%AD/data=!4m7!3m6!1s0x14f9bf64771f3a49:0x6fdc7c02743bb910!8m2!3d31.1877201!4d32.0308935!16s%2Fg%2F11w1zmtsnz!19sChIJSTofd2S_-RQRELk7dAJ83G8?authuser=0&hl=ar&g_ep=EgoyMDI2MDkzMC4wIJJjKgBIAVAD&rclk=1,Matareya,ar
Opera cafe,,"3,6",42,,31.1563865,31.9316711,0x14f9c740e823bafd:0xe7b9c19c496647b2,https://www.google.com/maps/place/Opera+cafe/data=!4m7!3m6!1s0x14f9c740e823bafd:0xe7b9c19c496647b2!8m2!3d31.1563865!4d31.9316711!16s%2Fg%2F11sct7h5w2!19sChIJ_boj6EDH-RQRskdmSZzBuec?authuser=0&hl=ar&g_ep=EgoyMDI2MDkzMC4wIJJjKgBIAVAD&rclk=1,Bagour,ar
مطعم وكافية الواحة,,"4,0",126,,31.1644727,31.9277878,0x14f9c71d1ee261ff:0x212c113590ae36c0,https://www.google.com/maps/place/%D9%85%D8%B7%D8%B9%D9%85+%D9%88%D9%83%D8%A7%D9%81%D9%8A%D8%A9+%D8%A7%D9%84%D9%88%D8%A7%D8%AD%D8%A9%E2%80%AD/data=!4m7!3m6!1s0x14f9c71d1ee261ff:0x212c113590ae36c0!8m2!3d31.1644727!4d31.9277878!16s%2Fg%2F11gyxt42ph!19sChIJ_2HiHh3H-RQRwDaukDURLCE?authuser=0&hl=ar&g_ep=EgoyMDI2MDkzMC4wIJJjKgBIAVAD&rclk=1,Bagour,ar
Avenue restaurant & cafe,,"4,4",194,,31.2700797,32.3135924,0x14f99d583f1f52b7:0x6141bf6ad1be1b58,https://www.google.com/maps/place/Avenue+restaurant+%26+cafe/data=!4m7!3m6!1s0x14f99d583f1f52b7:0x6141bf6ad1be1b58!8m2!3d31.2700797!4d32.3135924!16s%2Fg%2F11q9k6zy_2!19sChIJt1IfP1id-RQRWBu-0Wq_QWE?authuser=0&hl=ar&g_ep=EgoyMDI2MDkzMC4wIJJjKgBIAVAD&rclk=1,Matareya,ar
Trento cafe,,"4,6",19,,30.7436705,31.4600045,0x14f78d1cb563b69f:0x5827fca1eaf0fee9,https://www.google.com/maps/place/Trento+cafe/data=!4m7!3m6!1s0x14f78d1cb563b69f:0x5827fca1eaf0fee9!8m2!3d30.7436705!4d31.4600045!16s%2Fg%2F11n2wgrs07!19sChIJn7ZjtRyN9xQR6f7w6qH8J1g?authuser=0&hl=ar&g_ep=EgoyMDI2MDkzMC4wIJJjKgBIAVAD&rclk=1,Faraskur,ar
سنترال بارك,,"4,4",920,,31.2496811,32.3225176,0x14f99dba043e26f7:0x7a0c519b4c59a67e,https://www.google.com/maps/place/%D8%B3%D9%86%D8%AA%D8%B1%D8%A7%D9%84+%D8%A8%D8%A7%D8%B1%D9%83%E2%80%AD/data=!4m7!3m6!1s0x14f99dba043e26f7:0x7a0c519b4c59a67e!8m2!3d31.2496811!4d32.3225176!16s%2Fg%2F11bxd6pm3n!19sChIJ9yY-BLqd-RQRfqZZTJtRDHo?authuser=0&hl=ar&g_ep=EgoyMDI2MDkzMC4wIJJjKgBIAVAD&rclk=1,Matareya,ar
مطعم مش مش,,"3,5",12,,31.1872399,32.0340676,0x14f9bf0056d1a555:0xa9b16a5b7c5a2afe,https://www.google.com/maps/place/%D9%85%D8%B7%D8%B9%D9%85+%D9%85%D8%B4+%D9%85%D8%B4%E2%80%AD/data=!4m7!3m6!1s0x14f9bf0056d1a555:0xa9b16a5b7c5a2afe!8m2!3d31.1872399!4d32.0340676!16s%2Fg%2F11vk6j3yfv!19sChIJVaXRVgC_-RQR_ipafFtqsak?authuser=0&hl=ar&g_ep=EgoyMDI2MDkzMC4wIJJjKgBIAVAD&rclk=1,Matareya,ar
Tokyo café and restaurant,,"4,2",152,,31.1609379,31.9310902,0x14f9c7b0ab370fe9:0xa6f2e2ae1a52bd4,https://www.google.com/maps/place/Tokyo+caf%C3%A9+and+restaurant/data=!4m7!3m6!1s0x14f9c7b0ab370fe9:0xa6f2e2ae1a52bd4!8m2!3d31.1609379!4d31.9310902!16s%2Fg%2F11rfn413m8!19sChIJ6Q83q7DH-RQR1Cul4Soubwo?authuser=0&hl=ar&g_ep=EgoyMDI2MDkzMC4wIJJjKgBIAVAD&rclk=1,Mit Salsil,ar
Haven Restaurant Café,,"3,9",21,,31.162019,31.9337839,0x14f9c70031944be3:0xb07a8f6b709380f2,https://www.google.com/maps/place/Haven+Restaurant+Caf%C3%A9/data=!4m7!3m6!1s0x14f9c70031944be3:0xb07a8f6b709380f2!8m2!3d31.162019!4d31.9337839!16s%2Fg%2F11yp0h9bn1!19sChIJ40uUMQDH-RQR8oCTcGuPerA?authuser=0&hl=ar&g_ep=EgoyMDI2MDkzMC4wIJJjKgBIAVAD&rclk=1,Mahalla Damana,ar
انستا كافيه - Insta cafe,,"4,5",55,,31.161051,31.9342189,0x14f9c736cff99365:0xbdd87fd8344ab1b8,https://www.google.com/maps/place/%D8%A7%D9%86%D8%B3%D8%AA%D8%A7+%D9%83%D8%A7%D9%81%D9%8A%D9%87+-+Insta+cafe%E2%80%AD/data=!4m7!3m6!1s0x14f9c736cff99365:0xbdd87fd8344ab1b8!8m2!3d31.161051!4d31.9342189!16s%2Fg%2F11t9rjz9tp!19sChIJZZP5zzbH-RQRuLFKNNh_2L0?authuser=0&hl=ar&g_ep=EgoyMDI2MDkzMC4wIJJjKgBIAVAD&rclk=1,Bagour,ar
Patchi Restaurant & café,,"4,0",,,31.163487,31.9326933,0x14f9c794c5967fd3:0x1bb4f21cbd95bcf8,https://www.google.com/maps/place/Patchi+Restaurant+%26+caf%C3%A9/data=!4m7!3m6!1s0x14f9c794c5967fd3:0x1bb4f21cbd95bcf8!8m2!3d31.163487!4d31.9326933!16s%2Fg%2F11ntks_9yv!19sChIJ03-WxZTH-RQR-LyVvRzytBs?authuser=0&hl=ar&g_ep=EgoyMDI2MDkzMC4wIJJjKgBIAVAD&rclk=1,Manzala,en
مطعم فهيد,,"4,1",1228,,31.1630658,31.931869,0x14f9c6cfd60d289b:0x9390882b0c773ec1,https://www.google.com/maps/place/%D9%85%D8%B7%D8%B9%D9%85+%D9%81%D9%87%D9%8A%D8%AF%E2%80%AD/data=!4m7!3m6!1s0x14f9c6cfd60d289b:0x9390882b0c773ec1!8m2!3d31.1630658!4d31.931869!16s%2Fg%2F11b5phn5wk!19sChIJmygN1s_G-RQRwT53DCuIkJM?authuser=0&hl=ar&g_ep=EgoyMDI2MDkzMC4wIJJjKgBIAVAD&rclk=1,Mahalla Damana,ar
بيت العز,,"4,3",34,,31.1632056,31.9348969,0x14f9c76fc78765c9:0x9c2aab6815f6bb36,https://www.google.com/maps/place/%D8%A8%D9%8A%D8%AA+%D8%A7%D9%84%D8%B9%D8%B2%E2%80%AD/data=!4m7!3m6!1s0x14f9c76fc78765c9:0x9c2aab6815f6bb36!8m2!3d31.1632056!4d31.9348969!16s%2Fg%2F11k3b7sld9!19sChIJyWWHx2_H-RQRNrv2FWirKpw?authuser=0&hl=ar&g_ep=EgoyMDI2MDkzMC4wIJJjKgBIAVAD&rclk=1,Manzala,ar
برادايس,,"4,3",,,31.1746716,31.8638436,0x14f9c5001e857ae3:0x1b98449a6d20cf9e,https://www.google.com/maps/place/%D8%A8%D8%B1%D8%A7%D8%AF%D8%A7%D9%8A%D8%B3%E2%80%AD/data=!4m7!3m6!1s0x14f9c5001e857ae3:0x1b98449a6d20cf9e!8m2!3d31.1746716!4d31.8638436!16s%2Fg%2F11vwzjkv7b!19sChIJ43qFHgDF-RQRns8gbZpEmBs?authuser=0&hl=ar&g_ep=EgoyMDI2MDkzMC4wIJJjKgBIAVAD&rclk=1,Gamasa_suburb_south,en
ليلة كافيه Leila cafe,,"4,1",95,,31.1731495,31.8875159,0x14f9c54afef0e3e7:0xa8841495407892a6,https://www.google.com/maps/place/%D9%84%D9%8A%D9%84%D8%A9+%D9%83%D8%A7%D9%81%D9%8A%D9%87+Leila+cafe%E2%80%AD/data=!4m7!3m6!1s0x14f9c54afef0e3e7:0xa8841495407892a6!8m2!3d31.1731495!4d31.8875159!16s%2Fg%2F11gpn2drbj!19sChIJ5-Pw_krF-RQRppJ4QJUUhKg?authuser=0&hl=ar&g_ep=EgoyMDI2MDkzMC4wIJJjKgBIAVAD&rclk=1,Mit Salsil,ar
مطعم المبروك,,"3,9",,,31.160183,31.934953,0x14f9c6ce343b280d:0xb8a65fa857c36ae7,https://www.google.com/maps/place/%D9%85%D8%B7%D8%B9%D9%85+%D8%A7%D9%84%D9%85%D8%A8%D8%B1%D9%88%D9%83%E2%80%AD/data=!4m7!3m6!1s0x14f9c6ce343b280d:0xb8a65fa857c36ae7!8m2!3d31.160183!4d31.934953!16s%2Fg%2F12hmw0p2d!19sChIJDSg7NM7G-RQR52rDV6hfprg?authuser=0&hl=ar&g_ep=EgoyMDI2MDkzMC4wIJJjKgBIAVAD&rclk=1,Manzala,en
رشدى الكيال,,"4,1",197,,31.163179,31.9372972,0x14f9c7afda9f7f73:0x847cc4bce0421044,https://www.google.com/maps/place/%D8%B1%D8%B4%D8%AF%D9%89+%D8%A7%D9%84%D9%83%D9%8A%D8%A7%D9%84%E2%80%AD/data=!4m7!3m6!1s0x14f9c7afda9f7f73:0x847cc4bce0421044!8m2!3d31.163179!4d31.9372972!16s%2Fg%2F11fmmn9cvg!19sChIJc3-f2q_H-RQRRBBC4LzEfIQ?authuser=0&hl=ar&g_ep=EgoyMDI2MDkzMC4wIJJjKgBIAVAD&rclk=1,Mahalla Damana,ar
الفراعنة كافية,,"4,1",50,,31.1480951,31.9194981,0x14f9c71363bff1a3:0x172f6deff8783275,https://www.google.com/maps/place/%D8%A7%D9%84%D9%81%D8%B1%D8%A7%D8%B9%D9%86%D8%A9+%D9%83%D8%A7%D9%81%D9%8A%D8%A9%E2%80%AD/data=!4m7!3m6!1s0x14f9c71363bff1a3:0x172f6deff8783275!8m2!3d31.1480951!4d31.9194981!16s%2Fg%2F11kgcwpxh4!19sChIJo_G_YxPH-RQRdTJ4-O9tLxc?authuser=0&hl=ar&g_ep=EgoyMDI2MDkzMC4wIJJjKgBIAVAD&rclk=1,Manzala,ar
كڤتيريا البرج,,"3,6",,,31.1622811,31.9341629,0x14f9c6ce73e55555:0x8bf8e493a60cea49,https://www.google.com/maps/place/%D9%83%DA%A4%D8%AA%D9%8A%D8%B1%D9%8A%D8%A7+%D8%A7%D9%84%D8%A8%D8%B1%D8%AC%E2%80%AD/data=!4m7!3m6!1s0x14f9c6ce73e55555:0x8bf8e493a60cea49!8m2!3d31.1622811!4d31.9341629!16s%2Fg%2F11c6cqnqvf!19sChIJVVXlc87G-RQRSeoMppPk-Is?authuser=0&hl=ar&g_ep=EgoyMDI2MDkzMC4wIJJjKgBIAVAD&rclk=1,Manzala,en
مطعم علي بابا - المنزلة,,"3,9",196,,31.1614488,31.9336684,0x14f9c7979fd8f9c1:0x8867d63669dd3159,https://www.google.com/maps/place/%D9%85%D8%B7%D8%B9%D9%85+%D8%B9%D9%84%D9%8A+%D8%A8%D8%A7%D8%A8%D8%A7+-+%D8%A7%D9%84%D9%85%D9%86%D8%B2%D9%84%D8%A9%E2%80%AD/data=!4m7!3m6!1s0x14f9c7979fd8f9c1:0x8867d63669dd3159!8m2!3d31.1614488!4d31.9336684!16s%2Fg%2F11k_bn6m08!19sChIJwfnYn5fH-RQRWTHdaTbWZ4g?authuser=0&hl=ar&g_ep=EgoyMDI2MDkzMC4wIJJjKgBIAVAD&rclk=1,Manzala,ar
كافيه قورة,,"4,2",78,,31.1598595,31.9300502,0x14f9c7e27b5a4b1f:0xa5459cedfaeb9153,https://www.google.com/maps/place/%D9%83%D8%A7%D9%81%D9%8A%D9%87+%D9%82%D9%88%D8%B1%D8%A9%E2%80%AD/data=!4m7!3m6!1s0x14f9c7e27b5a4b1f:0xa5459cedfaeb9153!8m2!3d31.1598595!4d31.9300502!16s%2Fg%2F11h0k1rv2v!19sChIJH0tae-LH-RQRU5Hr-u2cRaU?authuser=0&hl=ar&g_ep=EgoyMDI2MDkzMC4wIJJjKgBIAVAD&rclk=1,Manzala,ar
كافي شل,,"4,1",17,,31.1611113,31.9341677,0x14f9c711fe85888f:0xe07e3abb95a0d27c,https://www.google.com/maps/place/%D9%83%D8%A7%D9%81%D9%8A+%D8%B4%D9%84%E2%80%AD/data=!4m7!3m6!1s0x14f9c711fe85888f:0xe07e3abb95a0d27c!8m2!3d31.1611113!4d31.9341677!16s%2Fg%2F11f9gt6stc!19sChIJj4iF_hHH-RQRfNKglbs6fuA?authuser=0&hl=ar&g_ep=EgoyMDI2MDkzMC4wIJJjKgBIAVAD&rclk=1,Mit Salsil,ar
مطعم ابناء المحله,,"3,9",39,,30.8811979,31.4591314,0x14f78f505bb0149b:0x9f8bb61812f7a502,https://www.google.com/maps/place/%D9%85%D8%B7%D8%B9%D9%85+%D8%A7%D8%A8%D9%86%D8%A7%D8%A1+%D8%A7%D9%84%D9%85%D8%AD%D9%84%D9%87%E2%80%AD/data=!4m7!3m6!1s0x14f78f505bb0149b:0x9f8bb61812f7a502!8m2!3d30.8811979!4d31.4591314!16s%2Fg%2F11gkcq46rz!19sChIJmxSwW1CP9xQRAqX3Ehi2i58?authuser=0&hl=ar&g_ep=EgoyMDI2MDkzMC4wIJJjKgBIAVAD&rclk=1,Gamasa_suburb_south,en
كافيه العندليب,,"4,3",68,,30.9708245,31.324671,0x14f799eb78d61d25:0x1859fcf65500138a,https://www.google.com/maps/place/%D9%83%D8%A7%D9%81%D9%8A%D9%87+%D8%A7%D9%84%D8%B9%D9%86%D8%AF%D9%84%D9%8A%D8%A8%E2%80%AD/data=!4m7!3m6!1s0x14f799eb78d61d25:0x1859fcf65500138a!8m2!3d30.9708245!4d31.324671!16s%2Fg%2F11m88v45pz!19sChIJJR3WeOuZ9xQRihMAVfb8WRg?authuser=0&hl=ar&g_ep=EgoyMDI2MDkzMC4wIJJjKgBIAVAD&rclk=1,Mit Salsil,en
كافتريا زيدان,,"4,9",16,,31.1530168,31.8930382,0x14f9c5f8bf254ed7:0xac3921aa5aa63767,https://www.google.com/maps/place/%D9%83%D8%A7%D9%81%D8%AA%D8%B1%D9%8A%D8%A7+%D8%B2%D9%8A%D8%AF%D8%A7%D9%86%E2%80%AD/data=!4m7!3m6!1s0x14f9c5f8bf254ed7:0xac3921aa5aa63767!8m2!3d31.1530168!4d31.8930382!16s%2Fg%2F11h8xw5271!19sChIJ104lv_jF-RQRZzemWqohOaw?authuser=0&hl=ar&g_ep=EgoyMDI2MDkzMC4wIJJjKgBIAVAD&rclk=1,Manzala,en
اطاليانو كافيه,,"4,6",11,,30.8826877,31.458792,0x14f78f21d6396377:0xa61e19c05699c2bb,https://www.google.com/maps/place/%D8%A7%D8%B7%D8%A7%D9%84%D9%8A%D8%A7%D9%86%D9%88+%D9%83%D8%A7%D9%81%D9%8A%D9%87%E2%80%AD/data=!4m7!3m6!1s0x14f78f21d6396377:0xa61e19c05699c2bb!8m2!3d30.8826877!4d31.458792!16s%2Fg%2F11j58hb7k8!19sChIJd2M51iGP9xQRu8KZVsAZHqY?authuser=0&hl=ar&g_ep=EgoyMDI2MDkzMC4wIJJjKgBIAVAD&rclk=1,Manzala,en
فسخاني ابن البلد للأسماك المملحه الجلايله بجوار صيدليه البندري,,"4,2",6,,30.8304385,31.5077073,0x14f78f0b6b90d8c9:0x407d44af8d6fb3d5,https://www.google.com/maps/place/%D9%81%D8%B3%D8%AE%D8%A7%D9%86%D9%8A+%D8%A7%D8%A8%D9%86+%D8%A7%D9%84%D8%A8%D9%84%D8%AF+%D9%84%D9%84%D8%A3%D8%B3%D9%85%D8%A7%D9%83+%D8%A7%D9%84%D9%85%D9%85%D9%84%D8%AD%D9%87+%D8%A7%D9%84%D8%AC%D9%84%D8%A7%D9%8A%D9%84%D9%87+%D8%A8%D8%AC%D9%88%D8%A7%D8%B1+%D8%B5%D9%8A%D8%AF%D9%84%D9%8A%D9%87+%D8%A7%D9%84%D8%A8%D9%86%D8%AF%D8%B1%D9%8A%E2%80%AD/data=!4m7!3m6!1s0x14f78f,Manzala,en
مطعم شاشلك لمشاوي الاناضول التركية,,"4,4",,,31.0456621,31.3561169,0x14f79dd7bb701585:0x4c4801d63556129b,https://www.google.com/maps/place/%D9%85%D8%B7%D8%B9%D9%85+%D8%B4%D8%A7%D8%B4%D9%84%D9%83+%D9%84%D9%85%D8%B4%D8%A7%D9%88%D9%8A+%D8%A7%D9%84%D8%A7%D9%86%D8%A7%D8%B6%D9%88%D9%84+%D8%A7%D9%84%D8%AA%D8%B1%D9%83%D9%8A%D8%A9%E2%80%AD/data=!4m7!3m6!1s0x14f79dd7bb701585:0x4c4801d63556129b!8m2!3d31.0456621!4d31.3561169!16s%2Fg%2F11h9y1r16h!19sChIJhRVwu9ed9xQRmxJWNdYBSEw?authuser=0&hl=ar&g_ep=EgoyMDI2MDkzMC,Gamasa_suburb_south,en
مطعم أبناء المحله الكبرى,,"3,8",61,,31.1670986,31.7992783,0x14f9db81fc12c439:0xfff90dc6c423cd7c,https://www.google.com/maps/place/%D9%85%D8%B7%D8%B9%D9%85+%D8%A3%D8%A8%D9%86%D8%A7%D8%A1+%D8%A7%D9%84%D9%85%D8%AD%D9%84%D9%87+%D8%A7%D9%84%D9%83%D8%A8%D8%B1%D9%89%E2%80%AD/data=!4m7!3m6!1s0x14f9db81fc12c439:0xfff90dc6c423cd7c!8m2!3d31.1670986!4d31.7992783!16s%2Fg%2F11lwq94h7z!19sChIJOcQS_IHb-RQRfM0jxMYN-f8?authuser=0&hl=ar&g_ep=EgoyMDI2MDkzMC4wIJJjKgBIAVAD&rclk=1,Gamasa_suburb_south,en
مطعم حاتي الاصيل,,"4,2",49,,31.1636459,31.950815,0x14f9c1ebd5266409:0x15dd9ddfdc26b175,https://www.google.com/maps/place/%D9%85%D8%B7%D8%B9%D9%85+%D8%AD%D8%A7%D8%AA%D9%8A+%D8%A7%D9%84%D8%A7%D8%B5%D9%8A%D9%84%E2%80%AD/data=!4m7!3m6!1s0x14f9c1ebd5266409:0x15dd9ddfdc26b175!8m2!3d31.1636459!4d31.950815!16s%2Fg%2F11lhzb10cj!19sChIJCWQm1evB-RQRdbEm3N-d3RU?authuser=0&hl=ar&g_ep=EgoyMDI2MDkzMC4wIJJjKgBIAVAD&rclk=1,Manzala,ar
فودووو كافيه,,"4,0",116,,30.9440514,31.296748,0x14f7983a0842df7f:0xd55e368241c85333,https://www.google.com/maps/place/%D9%81%D9%88%D8%AF%D9%88%D9%88%D9%88+%D9%83%D8%A7%D9%81%D9%8A%D9%87%E2%80%AD/data=!4m7!3m6!1s0x14f7983a0842df7f:0xd55e368241c85333!8m2!3d30.9440514!4d31.296748!16s%2Fg%2F11f3jx7rjy!19sChIJf99CCDqY9xQRM1PIQYI2XtU?authuser=0&hl=ar&g_ep=EgoyMDI2MDkzMC4wIJJjKgBIAVAD&rclk=1,Bagour,ar
كافتريا افندينا,,"4,4",14,,31.1756266,31.8001886,0x14f9db54015ddc99:0x49eb083bc667e090,https://www.google.com/maps/place/%D9%83%D8%A7%D9%81%D8%AA%D8%B1%D9%8A%D8%A7+%D8%A7%D9%81%D9%86%D8%AF%D9%8A%D9%86%D8%A7%E2%80%AD/data=!4m7!3m6!1s0x14f9db54015ddc99:0x49eb083bc667e090!8m2!3d31.1756266!4d31.8001886!16s%2Fg%2F11fq_wfmg0!19sChIJmdxdAVTb-RQRkOBnxjsI60k?authuser=0&hl=ar&g_ep=EgoyMDI2MDkzMC4wIJJjKgBIAVAD&rclk=1,Mit Salsil,en
كافتريا السلام الطريق الزراعي المنزله دقهلية,,"4,1",37,,31.1630648,31.9421631,0x14f9c7bea2925bef:0xccfc481cce1d7d98,https://www.google.com/maps/place/%D9%83%D8%A7%D9%81%D8%AA%D8%B1%D9%8A%D8%A7+%D8%A7%D9%84%D8%B3%D9%84%D8%A7%D9%85+%D8%A7%D9%84%D8%B7%D8%B1%D9%8A%D9%82+%D8%A7%D9%84%D8%B2%D8%B1%D8%A7%D8%B9%D9%8A+%D8%A7%D9%84%D9%85%D9%86%D8%B2%D9%84%D9%87+%D8%AF%D9%82%D9%87%D9%84%D9%8A%D8%A9%E2%80%AD/data=!4m7!3m6!1s0x14f9c7bea2925bef:0xccfc481cce1d7d98!8m2!3d31.1630648!4d31.9421631!16s%2Fg%2F11h43yn0zw!19sChIJ71uSo,Manzala,en
كافيه بين القصرين,,"4,7",6,,31.1476344,31.9173108,0x14f9c7ad71d7e0b9:0xcd423754f9ebc728,https://www.google.com/maps/place/%D9%83%D8%A7%D9%81%D9%8A%D9%87+%D8%A8%D9%8A%D9%86+%D8%A7%D9%84%D9%82%D8%B5%D8%B1%D9%8A%D9%86%E2%80%AD/data=!4m7!3m6!1s0x14f9c7ad71d7e0b9:0xcd423754f9ebc728!8m2!3d31.1476344!4d31.9173108!16s%2Fg%2F11sg2693y_!19sChIJueDXca3H-RQRKMfr-VQ3Qs0?authuser=0&hl=ar&g_ep=EgoyMDI2MDkzMC4wIJJjKgBIAVAD&rclk=1,Manzala,en
مقهي المعلم علاء منع,,"4,1",30,,31.1459594,31.916893,0x14f9c6913c88a257:0x675e3d1e462c1e14,https://www.google.com/maps/place/%D9%85%D9%82%D9%87%D9%8A+%D8%A7%D9%84%D9%85%D8%B9%D9%84%D9%85+%D8%B9%D9%84%D8%A7%D8%A1+%D9%85%D9%86%D8%B9%E2%80%AD/data=!4m7!3m6!1s0x14f9c6913c88a257:0x675e3d1e462c1e14!8m2!3d31.1459594!4d31.916893!16s%2Fg%2F11gbn902y5!19sChIJV6KIPJHG-RQRFB4sRh49Xmc?authuser=0&hl=ar&g_ep=EgoyMDI2MDkzMC4wIJJjKgBIAVAD&rclk=1,Manzala,en
Player Coffe,,"4,3",87,,31.1860113,32.0304269,0x14f9bfa91872cab7:0xe65ada57ce74b091,https://www.google.com/maps/place/Player+Coffe/data=!4m7!3m6!1s0x14f9bfa91872cab7:0xe65ada57ce74b091!8m2!3d31.1860113!4d32.0304269!16s%2Fg%2F11c5qq4kmj!19sChIJt8pyGKm_-RQRkbB0zlfaWuY?authuser=0&hl=ar&g_ep=EgoyMDI2MDkzMC4wIJJjKgBIAVAD&rclk=1,Manzala,ar
كازابلانكا,,"4,6",5,,31.1588203,31.9307226,0x14f9c79ad24c9db7:0xed2cc19dccaf4e5c,https://www.google.com/maps/place/%D9%83%D8%A7%D8%B2%D8%A7%D8%A8%D9%84%D8%A7%D9%86%D9%83%D8%A7%E2%80%AD/data=!4m7!3m6!1s0x14f9c79ad24c9db7:0xed2cc19dccaf4e5c!8m2!3d31.1588203!4d31.9307226!16s%2Fg%2F11pvwh9z1k!19sChIJt51M0prH-RQRXE6vzJ3BLO0?authuser=0&hl=ar&g_ep=EgoyMDI2MDkzMC4wIJJjKgBIAVAD&rclk=1,Manzala,ar
مقهي عادل الجندي,,"3,5",74,,31.1772083,31.9586502,0x14f9c0c34b4364cb:0xf03477a396dd2932,https://www.google.com/maps/place/%D9%85%D9%82%D9%87%D9%8A+%D8%B9%D8%A7%D8%AF%D9%84+%D8%A7%D9%84%D8%AC%D9%86%D8%AF%D9%8A%E2%80%AD/data=!4m7!3m6!1s0x14f9c0c34b4364cb:0xf03477a396dd2932!8m2!3d31.1772083!4d31.9586502!16s%2Fg%2F11g70w6605!19sChIJy2RDS8PA-RQRMindlqN3NPA?authuser=0&hl=ar&g_ep=EgoyMDI2MDkzMC4wIJJjKgBIAVAD&rclk=1,Manzala,ar
مطعم حلبش,,"3,9",43,,31.1588738,31.9302422,0x14f9c7ac0c32db57:0x2fba21e77dbab055,https://www.google.com/maps/place/%D9%85%D8%B7%D8%B9%D9%85+%D8%AD%D9%84%D8%A8%D8%B4%E2%80%AD/data=!4m7!3m6!1s0x14f9c7ac0c32db57:0x2fba21e77dbab055!8m2!3d31.1588738!4d31.9302422!16s%2Fg%2F11nypzgzq7!19sChIJV9syDKzH-RQRVbC6fechui8?authuser=0&hl=ar&g_ep=EgoyMDI2MDkzMC4wIJJjKgBIAVAD&rclk=1,Manzala,ar
مطعم وكوفي شوب زيزو,,"4,4",7,,31.133882,31.8224877,0x14f9c5e3bd9fe9a1:0xbaed93ee38461236,https://www.google.com/maps/place/%D9%85%D8%B7%D8%B9%D9%85+%D9%88%D9%83%D9%88%D9%81%D9%8A+%D8%B4%D9%88%D8%A8+%D8%B2%D9%8A%D8%B2%D9%88%E2%80%AD/data=!4m7!3m6!1s0x14f9c5e3bd9fe9a1:0xbaed93ee38461236!8m2!3d31.133882!4d31.8224877!16s%2Fg%2F11jq76g8c7!19sChIJoemfvePF-RQRNhJGOO6T7bo?authuser=0&hl=ar&g_ep=EgoyMDI2MDkzMC4wIJJjKgBIAVAD&rclk=1,Manzala,ar
Talino Café & Restaurant,,"5,0",3,,31.0507065,31.3994759,0x14f79d9e04b3ffc9:0xdf29a993dfa3251d,https://www.google.com/maps/place/Talino+Caf%C3%A9+%26+Restaurant/data=!4m7!3m6!1s0x14f79d9e04b3ffc9:0xdf29a993dfa3251d!8m2!3d31.0507065!4d31.3994759!16s%2Fg%2F11h70s9gg8!19sChIJyf-zBJ6d9xQRHSWj35OpKd8?authuser=0&hl=ar&g_ep=EgoyMDI2MDkzMC4wIJJjKgBIAVAD&rclk=1,Manzala,ar
كافية ع المحطة,,"3,9",8,,31.1490449,31.9331771,0x14f9c7aa0a704f5b:0x1d80eb89790bed85,https://www.google.com/maps/place/%D9%83%D8%A7%D9%81%D9%8A%D8%A9+%D8%B9+%D8%A7%D9%84%D9%85%D8%AD%D8%B7%D8%A9%E2%80%AD/data=!4m7!3m6!1s0x14f9c7aa0a704f5b:0x1d80eb89790bed85!8m2!3d31.1490449!4d31.9331771!16s%2Fg%2F11j481j480!19sChIJW09wCqrH-RQRhe0LeYnrgB0?authuser=0&hl=ar&g_ep=EgoyMDI2MDkzMC4wIJJjKgBIAVAD&rclk=1,Manzala,ar
Lavie Resturant & Cafe,,"4,0",158,,31.4426902,31.5387066,0x14f7591a830ab5bd:0x725f9145c4ed6fd8,https://www.google.com/maps/place/Lavie+Resturant+%26+Cafe/data=!4m7!3m6!1s0x14f7591a830ab5bd:0x725f9145c4ed6fd8!8m2!3d31.4426902!4d31.5387066!16s%2Fg%2F11nxptg_12!19sChIJvbUKgxpZ9xQR2G_txEWRX3I?authuser=0&hl=ar&g_ep=EgoyMDI2MDkzMC4wIJJjKgBIAVAD&rclk=1,Gamasa_suburb_south,ar
LOCA MOCHA Café,,"4,5",,,31.4428182,31.5324079,0x14f75b6428452143:0x677cf82561d7e82e,https://www.google.com/maps/place/LOCA+MOCHA+Caf%C3%A9/data=!4m7!3m6!1s0x14f75b6428452143:0x677cf82561d7e82e!8m2!3d31.4428182!4d31.5324079!16s%2Fg%2F11kjkcb1l2!19sChIJQyFFKGRb9xQRLujXYSX4fGc?authuser=0&hl=ar&g_ep=EgoyMDI2MDkzMC4wIJJjKgBIAVAD&rclk=1,Gamasa,en
مطعم الوطني السوري,,"4,6",195,,31.4411461,31.5389083,0x14f75991687f2e33:0x25690c30c666c44b,https://www.google.com/maps/place/%D9%85%D8%B7%D8%B9%D9%85+%D8%A7%D9%84%D9%88%D8%B7%D9%86%D9%8A+%D8%A7%D9%84%D8%B3%D9%88%D8%B1%D9%8A%E2%80%AD/data=!4m7!3m6!1s0x14f75991687f2e33:0x25690c30c666c44b!8m2!3d31.4411461!4d31.5389083!16s%2Fg%2F11yqprsw05!19sChIJMy5_aJFZ9xQRS8RmxjAMaSU?authuser=0&hl=ar&g_ep=EgoyMDI2MDkzMC4wIJJjKgBIAVAD&rclk=1,Gamasa_suburb_south,ar
SIDI YOUSEF CAFE & RESTAURANT,,"4,4",29,,31.4412295,31.5364478,0x14f75d00407984d7:0x27f03b78193821ba,https://www.google.com/maps/place/SIDI+YOUSEF+CAFE+%26+RESTAURANT/data=!4m7!3m6!1s0x14f75d00407984d7:0x27f03b78193821ba!8m2!3d31.4412295!4d31.5364478!16s%2Fg%2F11wwnqm3c_!19sChIJ14R5QABd9xQRuiE4GXg78Cc?authuser=0&hl=ar&g_ep=EgoyMDI2MDkzMC4wIJJjKgBIAVAD&rclk=1,Gamasa_suburb_south,ar
مطاعم تاج محل جمصة,,"4,2",203,,31.4409446,31.5374632,0x14f75f0015aaf2c3:0xd46c954eb9f30181,https://www.google.com/maps/place/%D9%85%D8%B7%D8%A7%D8%B9%D9%85+%D8%AA%D8%A7%D8%AC+%D9%85%D8%AD%D9%84+%D8%AC%D9%85%D8%B5%D8%A9%E2%80%AD/data=!4m7!3m6!1s0x14f75f0015aaf2c3:0xd46c954eb9f30181!8m2!3d31.4409446!4d31.5374632!16s%2Fg%2F11ysd9gr_t!19sChIJw_KqFQBf9xQRgQHzuU6VbNQ?authuser=0&hl=ar&g_ep=EgoyMDI2MDkzMC4wIJJjKgBIAVAD&rclk=1,Gamasa_suburb_south,ar
Blanco Coffee - بلانكو,,"4,9",29,,31.4447187,31.5411895,0x14f7596e7598c333:0x7650507fca30426d,https://www.google.com/maps/place/Blanco+Coffee+-+%D8%A8%D9%84%D8%A7%D9%86%D9%83%D9%88%E2%80%AD/data=!4m7!3m6!1s0x14f7596e7598c333:0x7650507fca30426d!8m2!3d31.4447187!4d31.5411895!16s%2Fg%2F11w2460hw1!19sChIJM8OYdW5Z9xQRbUIwyn9QUHY?authuser=0&hl=ar&g_ep=EgoyMDI2MDkzMC4wIJJjKgBIAVAD&rclk=1,Gamasa_suburb_south,ar
كافية حديقة نمرة,,"4,1",212,,31.4437471,31.5358787,0x14f75b86349fe719:0x9fcaa4be5c1c0eb8,https://www.google.com/maps/place/%D9%83%D8%A7%D9%81%D9%8A%D8%A9+%D8%AD%D8%AF%D9%8A%D9%82%D8%A9+%D9%86%D9%85%D8%B1%D8%A9%E2%80%AD/data=!4m7!3m6!1s0x14f75b86349fe719:0x9fcaa4be5c1c0eb8!8m2!3d31.4437471!4d31.5358787!16s%2Fg%2F11hyc_2x5g!19sChIJGeefNIZb9xQRuA4cXL6kyp8?authuser=0&hl=ar&g_ep=EgoyMDI2MDkzMC4wIJJjKgBIAVAD&rclk=1,Gamasa_suburb_south,ar
Ramla Cafe&Restaurant,,"4,0",160,,31.4411626,31.5383882,0x14f759d7d2552933:0x3f53d35b38a5740b,https://www.google.com/maps/place/Ramla+Cafe%26Restaurant/data=!4m7!3m6!1s0x14f759d7d2552933:0x3f53d35b38a5740b!8m2!3d31.4411626!4d31.5383882!16s%2Fg%2F11v0c9gt06!19sChIJMylV0tdZ9xQRC3SlOFvTUz8?authuser=0&hl=ar&g_ep=EgoyMDI2MDkzMC4wIJJjKgBIAVAD&rclk=1,Gamasa_suburb_south,ar
Kamen restaurant,,"4,6",,,31.4445479,31.5381804,0x14f759005b9a0113:0x245ca4048e2c507a,https://www.google.com/maps/place/Kamen+restaurant/data=!4m7!3m6!1s0x14f759005b9a0113:0x245ca4048e2c507a!8m2!3d31.4445479!4d31.5381804!16s%2Fg%2F11ypq6wdnj!19sChIJEwGaWwBZ9xQRelAsjgSkXCQ?authuser=0&hl=ar&g_ep=EgoyMDI2MDkzMC4wIJJjKgBIAVAD&rclk=1,Gamasa,en
جراند كافية - Grand Cafe,,"3,9",51,,31.4413315,31.5338704,0x14f75c008682efb1:0xa30d14926939752b,https://www.google.com/maps/place/%D8%AC%D8%B1%D8%A7%D9%86%D8%AF+%D9%83%D8%A7%D9%81%D9%8A%D8%A9+-+Grand+Cafe%E2%80%AD/data=!4m7!3m6!1s0x14f75c008682efb1:0xa30d14926939752b!8m2!3d31.4413315!4d31.5338704!16s%2Fg%2F11c1wwpzl3!19sChIJse-ChgBc9xQRK3U5aZIUDaM?authuser=0&hl=ar&g_ep=EgoyMDI2MDkzMC4wIJJjKgBIAVAD&rclk=1,Gamasa_suburb_south,ar
مطاعم سمكة وسنارة - جمصة,,"4,5",,,31.4444946,31.5381732,0x14f759e2d4d31b9b:0x1c51bb0dc8d332f3,https://www.google.com/maps/place/%D9%85%D8%B7%D8%A7%D8%B9%D9%85+%D8%B3%D9%85%D9%83%D8%A9+%D9%88%D8%B3%D9%86%D8%A7%D8%B1%D8%A9+-+%D8%AC%D9%85%D8%B5%D8%A9%E2%80%AD/data=!4m7!3m6!1s0x14f759e2d4d31b9b:0x1c51bb0dc8d332f3!8m2!3d31.4444946!4d31.5381732!16s%2Fg%2F11yxqpgtrz!19sChIJmxvT1OJZ9xQR8zLTyA27URw?authuser=0&hl=ar&g_ep=EgoyMDI2MDkzMC4wIJJjKgBIAVAD&rclk=1,Gamasa,en
Kayan Cafè,,"5,0",,,31.441677,31.5334801,0x14f75d7700b75c5d:0x7d96094289b5d8c5,https://www.google.com/maps/place/Kayan+Caf%C3%A8/data=!4m7!3m6!1s0x14f75d7700b75c5d:0x7d96094289b5d8c5!8m2!3d31.441677!4d31.5334801!16s%2Fg%2F11m60b_24l!19sChIJXVy3AHdd9xQRxdi1iUIJln0?authuser=0&hl=ar&g_ep=EgoyMDI2MDkzMC4wIJJjKgBIAVAD&rclk=1,Gamasa,en
الركن العربي,,"4,5",,,31.4410868,31.5348696,0x14f75daf85853b49:0x48b9f9188b85ed90,https://www.google.com/maps/place/%D8%A7%D9%84%D8%B1%D9%83%D9%86+%D8%A7%D9%84%D8%B9%D8%B1%D8%A8%D9%8A%E2%80%AD/data=!4m7!3m6!1s0x14f75daf85853b49:0x48b9f9188b85ed90!8m2!3d31.4410868!4d31.5348696!16s%2Fg%2F11y34fjnj_!19sChIJSTuFha9d9xQRkO2Fixj5uUg?authuser=0&hl=ar&g_ep=EgoyMDI2MDkzMC4wIJJjKgBIAVAD&rclk=1,Gamasa,en
losin cafe gamasa,,"5,0",,,31.4444434,31.5231441,0x14f75d31b900d747:0x5b55fd5091320620,https://www.google.com/maps/place/losin+cafe+gamasa/data=!4m7!3m6!1s0x14f75d31b900d747:0x5b55fd5091320620!8m2!3d31.4444434!4d31.5231441!16s%2Fg%2F11z48c3vxk!19sChIJR9cAuTFd9xQRIAYykVD9VVs?authuser=0&hl=ar&g_ep=EgoyMDI2MDkzMC4wIJJjKgBIAVAD&rclk=1,Gamasa,en
الملوك,,"4,3",,,31.4397175,31.5361258,0x14f75d6231a1c41f:0xe56ef769522d5871,https://www.google.com/maps/place/%D8%A7%D9%84%D9%85%D9%84%D9%88%D9%83%E2%80%AD/data=!4m7!3m6!1s0x14f75d6231a1c41f:0xe56ef769522d5871!8m2!3d31.4397175!4d31.5361258!16s%2Fg%2F11pb9_c9km!19sChIJH8ShMWJd9xQRcVgtUmn3buU?authuser=0&hl=ar&g_ep=EgoyMDI2MDkzMC4wIJJjKgBIAVAD&rclk=1,Gamasa,en
مطعم الدمياطي,,"3,5",635,,31.4416581,31.537118,0x14f75955579fe51d:0xb18b1c99af361193,https://www.google.com/maps/place/%D9%85%D8%B7%D8%B9%D9%85+%D8%A7%D9%84%D8%AF%D9%85%D9%8A%D8%A7%D8%B7%D9%8A%E2%80%AD/data=!4m7!3m6!1s0x14f75955579fe51d:0xb18b1c99af361193!8m2!3d31.4416581!4d31.537118!16s%2Fg%2F11c564zj75!19sChIJHeWfV1VZ9xQRkxE2r5kci7E?authuser=0&hl=ar&g_ep=EgoyMDI2MDkzMC4wIJJjKgBIAVAD&rclk=1,Gamasa_suburb_south,ar
Sava Restaurant & Café,,"2,3",31,,31.0507683,31.3917904,0x14f79d0053f5f61b:0x6da7e7a3a40cc4d1,https://www.google.com/maps/place/Sava+Restaurant+%26+Caf%C3%A9/data=!4m7!3m6!1s0x14f79d0053f5f61b:0x6da7e7a3a40cc4d1!8m2!3d31.0507683!4d31.3917904!16s%2Fg%2F11xlyljsg5!19sChIJG_b1UwCd9xQR0cQMpKPnp20?authuser=0&hl=ar&g_ep=EgoyMDI2MDkzMC4wIJJjKgBIAVAD&rclk=1,Gamasa,en
THE CHEF Hassan Elkhalili,,"4,4",1910,,31.0524812,31.405936,0x14f79d9a195b00db:0x402c1290da82f323,https://www.google.com/maps/place/THE+CHEF+Hassan+Elkhalili/data=!4m7!3m6!1s0x14f79d9a195b00db:0x402c1290da82f323!8m2!3d31.0524812!4d31.405936!16s%2Fg%2F11qntw1xfr!19sChIJ2wBbGZqd9xQRI_OC2pASLEA?authuser=0&hl=ar&g_ep=EgoyMDI2MDkzMC4wIJJjKgBIAVAD&rclk=1,Bagour,en
كافية استكانة,,"4,0",69,,31.4416583,31.5341946,0x14f75c007b125673:0x5565748c8c7007da,https://www.google.com/maps/place/%D9%83%D8%A7%D9%81%D9%8A%D8%A9+%D8%A7%D8%B3%D8%AA%D9%83%D8%A7%D9%86%D8%A9%E2%80%AD/data=!4m7!3m6!1s0x14f75c007b125673:0x5565748c8c7007da!8m2!3d31.4416583!4d31.5341946!16s%2Fg%2F11bzypp_19!19sChIJc1YSewBc9xQR2gdwjIx0ZVU?authuser=0&hl=ar&g_ep=EgoyMDI2MDkzMC4wIJJjKgBIAVAD&rclk=1,Gamasa_suburb_south,ar
كافيه كاستيلو,,"4,0",30,,31.4411946,31.5381033,0x14f75960ee18b951:0x5f814ec62bf900cb,https://www.google.com/maps/place/%D9%83%D8%A7%D9%81%D9%8A%D9%87+%D9%83%D8%A7%D8%B3%D8%AA%D9%8A%D9%84%D9%88%E2%80%AD/data=!4m7!3m6!1s0x14f75960ee18b951:0x5f814ec62bf900cb!8m2!3d31.4411946!4d31.5381033!16s%2Fg%2F11v07ktyq7!19sChIJUbkY7mBZ9xQRywD5K8ZOgV8?authuser=0&hl=ar&g_ep=EgoyMDI2MDkzMC4wIJJjKgBIAVAD&rclk=1,Gamasa_suburb_south,ar
الخال كافيه,,"4,3",12,,31.4436975,31.5427026,0x14f7591ea4d08e77:0x8891a2a29a4940e,https://www.google.com/maps/place/%D8%A7%D9%84%D8%AE%D8%A7%D9%84+%D9%83%D8%A7%D9%81%D9%8A%D9%87%E2%80%AD/data=!4m7!3m6!1s0x14f7591ea4d08e77:0x8891a2a29a4940e!8m2!3d31.4436975!4d31.5427026!16s%2Fg%2F11s94xm4bh!19sChIJd47QpB5Z9xQRDpSkKSoaiQg?authuser=0&hl=ar&g_ep=EgoyMDI2MDkzMC4wIJJjKgBIAVAD&rclk=1,Gamasa_suburb_south,ar
رامادا كافيه _ Ramada,,"3,9",135,,31.4416291,31.5334991,0x14f75c00d635e3bf:0x94cb048be274f086,https://www.google.com/maps/place/%D8%B1%D8%A7%D9%85%D8%A7%D8%AF%D8%A7+%D9%83%D8%A7%D9%81%D9%8A%D9%87+_+Ramada%E2%80%AD/data=!4m7!3m6!1s0x14f75c00d635e3bf:0x94cb048be274f086!8m2!3d31.4416291!4d31.5334991!16s%2Fg%2F11fx8bzhzz!19sChIJv-M11gBc9xQRhvB04osEy5Q?authuser=0&hl=ar&g_ep=EgoyMDI2MDkzMC4wIJJjKgBIAVAD&rclk=1,Gamasa_suburb_south,ar
The Vibes,,"3,4",29,,31.4430702,31.5403137,0x14f75900161d4d47:0x50f174280b52e429,https://www.google.com/maps/place/The+Vibes/data=!4m7!3m6!1s0x14f75900161d4d47:0x50f174280b52e429!8m2!3d31.4430702!4d31.5403137!16s%2Fg%2F11vz0ttgfs!19sChIJR00dFgBZ9xQRKeRSCyh08VA?authuser=0&hl=ar&g_ep=EgoyMDI2MDkzMC4wIJJjKgBIAVAD&rclk=1,Gamasa_suburb_south,ar
كافيه اربيسك,,"4,2",32,,31.4365536,31.5311815,0x14f75d19a218b6d3:0xf14e07be43c040d9,https://www.google.com/maps/place/%D9%83%D8%A7%D9%81%D9%8A%D9%87+%D8%A7%D8%B1%D8%A8%D9%8A%D8%B3%D9%83%E2%80%AD/data=!4m7!3m6!1s0x14f75d19a218b6d3:0xf14e07be43c040d9!8m2!3d31.4365536!4d31.5311815!16s%2Fg%2F11qptfnt7b!19sChIJ07YYohld9xQR2UDAQ74HTvE?authuser=0&hl=ar&g_ep=EgoyMDI2MDkzMC4wIJJjKgBIAVAD&rclk=1,Gamasa_suburb_south,ar
مطعم وكافية فلسطين,,"3,8",221,,31.4459141,31.5384131,0x14f7593c56ff2e65:0xca3f9be08e0075fc,https://www.google.com/maps/place/%D9%85%D8%B7%D8%B9%D9%85+%D9%88%D9%83%D8%A7%D9%81%D9%8A%D8%A9+%D9%81%D9%84%D8%B3%D8%B7%D9%8A%D9%86%E2%80%AD/data=!4m7!3m6!1s0x14f7593c56ff2e65:0xca3f9be08e0075fc!8m2!3d31.4459141!4d31.5384131!16s%2Fg%2F11h3_s9c5m!19sChIJZS7_VjxZ9xQR_HUAjuCbP8o?authuser=0&hl=ar&g_ep=EgoyMDI2MDkzMC4wIJJjKgBIAVAD&rclk=1,Gamasa_suburb_south,ar
BAHRAIN CAFE ️ بحرين كافيه ️,,"4,0",38,,31.4399933,31.5416534,0x14f7596e21086f77:0xde59383513166d69,https://www.google.com/maps/place/BAHRAIN+CAFE+%EF%B8%8F+%D8%A8%D8%AD%D8%B1%D9%8A%D9%86+%D9%83%D8%A7%D9%81%D9%8A%D9%87+%EF%B8%8F%E2%80%AD/data=!4m7!3m6!1s0x14f7596e21086f77:0xde59383513166d69!8m2!3d31.4399933!4d31.5416534!16s%2Fg%2F11txpq6q75!19sChIJd28IIW5Z9xQRaW0WEzU4Wd4?authuser=0&hl=ar&g_ep=EgoyMDI2MDkzMC4wIJJjKgBIAVAD&rclk=1,Gamasa_suburb_south,ar
كافيه السرايا,,"4,5",10,,31.4494091,31.5213348,0x14f75bd18ad5a94b:0xb87333a6fdd67ac1,https://www.google.com/maps/place/%D9%83%D8%A7%D9%81%D9%8A%D9%87+%D8%A7%D9%84%D8%B3%D8%B1%D8%A7%D9%8A%D8%A7%E2%80%AD/data=!4m7!3m6!1s0x14f75bd18ad5a94b:0xb87333a6fdd67ac1!8m2!3d31.4494091!4d31.5213348!16s%2Fg%2F11t1kd_13j!19sChIJS6nVitFb9xQRwXrW_aYzc7g?authuser=0&hl=ar&g_ep=EgoyMDI2MDkzMC4wIJJjKgBIAVAD&rclk=1,Gamasa,ar
كافيه ليالي الحسين,,"3,9",208,,31.4375937,31.5310194,0x14f75dfd57931ae9:0x4277a2774cf3f500,https://www.google.com/maps/place/%D9%83%D8%A7%D9%81%D9%8A%D9%87+%D9%84%D9%8A%D8%A7%D9%84%D9%8A+%D8%A7%D9%84%D8%AD%D8%B3%D9%8A%D9%86%E2%80%AD/data=!4m7!3m6!1s0x14f75dfd57931ae9:0x4277a2774cf3f500!8m2!3d31.4375937!4d31.5310194!16s%2Fg%2F11fj41fb75!19sChIJ6RqTV_1d9xQRAPXzTHeid0I?authuser=0&hl=ar&g_ep=EgoyMDI2MDkzMC4wIJJjKgBIAVAD&rclk=1,Gamasa_suburb_south,ar
كافيه النشار,,"3,6",128,,31.4395399,31.5429247,0x14f7595354b2a077:0xaf6860298a91e550,https://www.google.com/maps/place/%D9%83%D8%A7%D9%81%D9%8A%D9%87+%D8%A7%D9%84%D9%86%D8%B4%D8%A7%D8%B1%E2%80%AD/data=!4m7!3m6!1s0x14f7595354b2a077:0xaf6860298a91e550!8m2!3d31.4395399!4d31.5429247!16s%2Fg%2F11cn990jb3!19sChIJd6CyVFNZ9xQRUOWRiilgaK8?authuser=0&hl=ar&g_ep=EgoyMDI2MDkzMC4wIJJjKgBIAVAD&rclk=1,Gamasa_suburb_south,ar
ليالي بيروت كافيه,,"4,1",22,,31.4365966,31.5332961,0x14f75d549031f897:0xbea9e4b49016c77,https://www.google.com/maps/place/%D9%84%D9%8A%D8%A7%D9%84%D9%8A+%D8%A8%D9%8A%D8%B1%D9%88%D8%AA+%D9%83%D8%A7%D9%81%D9%8A%D9%87%E2%80%AD/data=!4m7!3m6!1s0x14f75d549031f897:0xbea9e4b49016c77!8m2!3d31.4365966!4d31.5332961!16s%2Fg%2F11jm2vpk4p!19sChIJl_gxkFRd9xQRd2wBSUue6gs?authuser=0&hl=ar&g_ep=EgoyMDI2MDkzMC4wIJJjKgBIAVAD&rclk=1,Gamasa_suburb_south,ar
كافيه البشوات,,"3,9",88,,31.4403881,31.5451382,0x14f759531f2d75d1:0x38b5db3fdb4da559,https://www.google.com/maps/place/%D9%83%D8%A7%D9%81%D9%8A%D9%87+%D8%A7%D9%84%D8%A8%D8%B4%D9%88%D8%A7%D8%AA%E2%80%AD/data=!4m7!3m6!1s0x14f759531f2d75d1:0x38b5db3fdb4da559!8m2!3d31.4403881!4d31.5451382!16s%2Fg%2F11gb3mmcky!19sChIJ0XUtH1NZ9xQRWaVN2z_btTg?authuser=0&hl=ar&g_ep=EgoyMDI2MDkzMC4wIJJjKgBIAVAD&rclk=1,Gamasa_suburb_south,ar
HotMix,,"3,9",153,,31.443222,31.5386012,0x14f7590d924029e1:0x6451b1d8fc7dc91d,https://www.google.com/maps/place/HotMix/data=!4m7!3m6!1s0x14f7590d924029e1:0x6451b1d8fc7dc91d!8m2!3d31.443222!4d31.5386012!16s%2Fg%2F11h4mrpsrf!19sChIJ4SlAkg1Z9xQRHcl9_NixUWQ?authuser=0&hl=ar&g_ep=EgoyMDI2MDkzMC4wIJJjKgBIAVAD&rclk=1,Gamasa_suburb_south,ar
كافية العمدة El3omda Cafe,,"4,0",45,,31.445116,31.5380769,0x14f759798c02134d:0x12ce11774db138b2,https://www.google.com/maps/place/%D9%83%D8%A7%D9%81%D9%8A%D8%A9+%D8%A7%D9%84%D8%B9%D9%85%D8%AF%D8%A9+El3omda+Cafe%E2%80%AD/data=!4m7!3m6!1s0x14f759798c02134d:0x12ce11774db138b2!8m2!3d31.445116!4d31.5380769!16s%2Fg%2F11jlhwsp52!19sChIJTRMCjHlZ9xQRsjixTXcRzhI?authuser=0&hl=ar&g_ep=EgoyMDI2MDkzMC4wIJJjKgBIAVAD&rclk=1,Gamasa_suburb_south,ar
مجلس الشعب كافيه وفطائر,,"4,4",17,,31.4412117,31.5379024,0x14f759d334e6077f:0xf4efc33e1fb64dd8,https://www.google.com/maps/place/%D9%85%D8%AC%D9%84%D8%B3+%D8%A7%D9%84%D8%B4%D8%B9%D8%A8+%D9%83%D8%A7%D9%81%D9%8A%D9%87+%D9%88%D9%81%D8%B7%D8%A7%D8%A6%D8%B1%E2%80%AD/data=!4m7!3m6!1s0x14f759d334e6077f:0xf4efc33e1fb64dd8!8m2!3d31.4412117!4d31.5379024!16s%2Fg%2F11fmrzbr72!19sChIJfwfmNNNZ9xQR2E22Hz7D7_Q?authuser=0&hl=ar&g_ep=EgoyMDI2MDkzMC4wIJJjKgBIAVAD&rclk=1,Gamasa_suburb_south,ar
مطعم حاتي النورس,,"3,7",165,,31.4425878,31.5378451,0x14f759556f1a9cab:0x9dcfd78d9e4249a1,https://www.google.com/maps/place/%D9%85%D8%B7%D8%B9%D9%85+%D8%AD%D8%A7%D8%AA%D9%8A+%D8%A7%D9%84%D9%86%D9%88%D8%B1%D8%B3%E2%80%AD/data=!4m7!3m6!1s0x14f759556f1a9cab:0x9dcfd78d9e4249a1!8m2!3d31.4425878!4d31.5378451!16s%2Fg%2F11g8t_8xcv!19sChIJq5wab1VZ9xQRoUlCno3Xz50?authuser=0&hl=ar&g_ep=EgoyMDI2MDkzMC4wIJJjKgBIAVAD&rclk=1,Gamasa_suburb_south,ar
مطعم روابي الشام,,"4,1",21,,31.4406617,31.5397845,0x14f759858f6cd3e5:0x2536e3a8088a8a2b,https://www.google.com/maps/place/%D9%85%D8%B7%D8%B9%D9%85+%D8%B1%D9%88%D8%A7%D8%A8%D9%8A+%D8%A7%D9%84%D8%B4%D8%A7%D9%85%E2%80%AD/data=!4m7!3m6!1s0x14f759858f6cd3e5:0x2536e3a8088a8a2b!8m2!3d31.4406617!4d31.5397845!16s%2Fg%2F11hzbvh_hb!19sChIJ5dNsj4VZ9xQRK4qKCKjjNiU?authuser=0&hl=ar&g_ep=EgoyMDI2MDkzMC4wIJJjKgBIAVAD&rclk=1,Gamasa_suburb_south,ar
Mix Cheese,,"4,6",5,,31.437437,31.5360435,0x14f75de314d4481b:0xf5403ecc342f1306,https://www.google.com/maps/place/Mix+Cheese/data=!4m7!3m6!1s0x14f75de314d4481b:0xf5403ecc342f1306!8m2!3d31.437437!4d31.5360435!16s%2Fg%2F11vx7d3l1m!19sChIJG0jUFONd9xQRBhMvNMw-QPU?authuser=0&hl=ar&g_ep=EgoyMDI2MDkzMC4wIJJjKgBIAVAD&rclk=1,Gamasa_suburb_south,ar
كشري بصله فرع جمصه,,"3,3",37,,31.4410851,31.5357073,0x14f75df9dfdb9bc5:0x78260b1e4568a62c,https://www.google.com/maps/place/%D9%83%D8%B4%D8%B1%D9%8A+%D8%A8%D8%B5%D9%84%D9%87+%D9%81%D8%B1%D8%B9+%D8%AC%D9%85%D8%B5%D9%87%E2%80%AD/data=!4m7!3m6!1s0x14f75df9dfdb9bc5:0x78260b1e4568a62c!8m2!3d31.4410851!4d31.5357073!16s%2Fg%2F11w9txc91c!19sChIJxZvb3_ld9xQRLKZoRR4LJng?authuser=0&hl=ar&g_ep=EgoyMDI2MDkzMC4wIJJjKgBIAVAD&rclk=1,Gamasa_suburb_south,ar
كافية الياسمين,,"3,8",8,,31.4367416,31.5335217,0x14f75dd0a00a2a47:0xf9e272935358020d,https://www.google.com/maps/place/%D9%83%D8%A7%D9%81%D9%8A%D8%A9+%D8%A7%D9%84%D9%8A%D8%A7%D8%B3%D9%85%D9%8A%D9%86%E2%80%AD/data=!4m7!3m6!1s0x14f75dd0a00a2a47:0xf9e272935358020d!8m2!3d31.4367416!4d31.5335217!16s%2Fg%2F11hgm4nhwb!19sChIJRyoKoNBd9xQRDQJYU5Ny4vk?authuser=0&hl=ar&g_ep=EgoyMDI2MDkzMC4wIJJjKgBIAVAD&rclk=1,Gamasa_suburb_south,ar
بورتو كافية,,"3,9",23,,31.4441898,31.5533962,0x14f7594119c6ab3f:0x5f5f691dd6525049,https://www.google.com/maps/place/%D8%A8%D9%88%D8%B1%D8%AA%D9%88+%D9%83%D8%A7%D9%81%D9%8A%D8%A9%E2%80%AD/data=!4m7!3m6!1s0x14f7594119c6ab3f:0x5f5f691dd6525049!8m2!3d31.4441898!4d31.5533962!16s%2Fg%2F11fd49v05r!19sChIJP6vGGUFZ9xQRSVBS1h1pX18?authuser=0&hl=ar&g_ep=EgoyMDI2MDkzMC4wIJJjKgBIAVAD&rclk=1,Gamasa_suburb_south,ar
فطائر و بيتزا ناصر القياس,,"3,4",19,,31.4408843,31.5378688,0x14f75f9cbbb125b3:0x8d49842c8a415899,https://www.google.com/maps/place/%D9%81%D8%B7%D8%A7%D8%A6%D8%B1+%D9%88+%D8%A8%D9%8A%D8%AA%D8%B2%D8%A7+%D9%86%D8%A7%D8%B5%D8%B1+%D8%A7%D9%84%D9%82%D9%8A%D8%A7%D8%B3%E2%80%AD/data=!4m7!3m6!1s0x14f75f9cbbb125b3:0x8d49842c8a415899!8m2!3d31.4408843!4d31.5378688!16s%2Fg%2F11hf3d5j9h!19sChIJsyWxu5xf9xQRmVhBiiyESY0?authuser=0&hl=ar&g_ep=EgoyMDI2MDkzMC4wIJJjKgBIAVAD&rclk=1,Gamasa_suburb_south,ar
Cafe malika,,"4,9",7,,31.4506438,31.5081608,0x14f75b3bd0d25b8f:0xf2c3892647e210a2,https://www.google.com/maps/place/Cafe+malika/data=!4m7!3m6!1s0x14f75b3bd0d25b8f:0xf2c3892647e210a2!8m2!3d31.4506438!4d31.5081608!16s%2Fg%2F11fklk4xmm!19sChIJj1vS0Dtb9xQRohDiRyaJw_I?authuser=0&hl=ar&g_ep=EgoyMDI2MDkzMC4wIJJjKgBIAVAD&rclk=1,Gamasa_suburb_south,ar
مطعم عزوز,,"3,4",14,,31.4410593,31.5366728,0x14f75d62862c6de9:0xb40154437d149ded,https://www.google.com/maps/place/%D9%85%D8%B7%D8%B9%D9%85+%D8%B9%D8%B2%D9%88%D8%B2%E2%80%AD/data=!4m7!3m6!1s0x14f75d62862c6de9:0xb40154437d149ded!8m2!3d31.4410593!4d31.5366728!16s%2Fg%2F11l462qsmf!19sChIJ6W0shmJd9xQR7Z0UfUNUAbQ?authuser=0&hl=ar&g_ep=EgoyMDI2MDkzMC4wIJJjKgBIAVAD&rclk=1,Gamasa_suburb_south,ar
sandwich omar سندوتش عمر,,"4,6",7,,31.4442444,31.5425544,0x14f75df2d82e95bb:0xf4c1f8efa029559,https://www.google.com/maps/place/sandwich+omar+%D8%B3%D9%86%D8%AF%D9%88%D8%AA%D8%B4+%D8%B9%D9%85%D8%B1%E2%80%AD/data=!4m7!3m6!1s0x14f75df2d82e95bb:0xf4c1f8efa029559!8m2!3d31.4442444!4d31.5425544!16s%2Fg%2F11svpry1nd!19sChIJu5Uu2PJd9xQRWZUC-o4fTA8?authuser=0&hl=ar&g_ep=EgoyMDI2MDkzMC4wIJJjKgBIAVAD&rclk=1,Gamasa_suburb_south,ar
قعدة بنات,,"5,0",1,,31.4397684,31.535006,0x14f75d703c28e6cd:0x57f819b3a24e0557,https://www.google.com/maps/place/%D9%82%D8%B9%D8%AF%D8%A9+%D8%A8%D9%86%D8%A7%D8%AA%E2%80%AD/data=!4m7!3m6!1s0x14f75d703c28e6cd:0x57f819b3a24e0557!8m2!3d31.4397684!4d31.535006!16s%2Fg%2F11sfbwfzp7!19sChIJzeYoPHBd9xQRVwVOorMZ-Fc?authuser=0&hl=ar&g_ep=EgoyMDI2MDkzMC4wIJJjKgBIAVAD&rclk=1,Gamasa_suburb_south,ar
كافيه الساحل,,"3,0",2,,31.4455454,31.5419957,0x14f7590068777ad9:0xf49b140c9d79f5b0,https://www.google.com/maps/place/%D9%83%D8%A7%D9%81%D9%8A%D9%87+%D8%A7%D9%84%D8%B3%D8%A7%D8%AD%D9%84%E2%80%AD/data=!4m7!3m6!1s0x14f7590068777ad9:0xf49b140c9d79f5b0!8m2!3d31.4455454!4d31.5419957!16s%2Fg%2F11yfdymmy8!19sChIJ2Xp3aABZ9xQRsPV5nQwUm_Q?authuser=0&hl=ar&g_ep=EgoyMDI2MDkzMC4wIJJjKgBIAVAD&rclk=1,Gamasa_suburb_south,ar
Pasta&Co,,"5,0",,,31.0553082,31.4028978,0x14f79d0045d81d71:0xb64ff8bc07f8c911,https://www.google.com/maps/place/Pasta%26Co/data=!4m7!3m6!1s0x14f79d0045d81d71:0xb64ff8bc07f8c911!8m2!3d31.0553082!4d31.4028978!16s%2Fg%2F11zxhvr93f!19sChIJcR3YRQCd9xQREcn4B7z4T7Y?authuser=0&hl=ar&g_ep=EgoyMDI2MDkzMC4wIJJjKgBIAVAD&rclk=1,Rasheed,en
حلواني الفخراني,,"4,3",3665,,30.9417801,31.2935296,0x14f7998adf32a34d:0x519102e0e99af98b,https://www.google.com/maps/place/%D8%AD%D9%84%D9%88%D8%A7%D9%86%D9%8A+%D8%A7%D9%84%D9%81%D8%AE%D8%B1%D8%A7%D9%86%D9%8A%E2%80%AD/data=!4m7!3m6!1s0x14f7998adf32a34d:0x519102e0e99af98b!8m2!3d30.9417801!4d31.2935296!16s%2Fg%2F11fhwwtmv8!19sChIJTaMy34qZ9xQRi_ma6eACkVE?authuser=0&hl=ar&g_ep=EgoyMDI2MDkzMC4wIJJjKgBIAVAD&rclk=1,Bagour,ar
كافيه سامح موسى,,"4,3",43,,30.8901623,31.277412,0x14f797e78adc0fe1:0xb63ed10ed1b494d8,https://www.google.com/maps/place/%D9%83%D8%A7%D9%81%D9%8A%D9%87+%D8%B3%D8%A7%D9%85%D8%AD+%D9%85%D9%88%D8%B3%D9%89%E2%80%AD/data=!4m7!3m6!1s0x14f797e78adc0fe1:0xb63ed10ed1b494d8!8m2!3d30.8901623!4d31.277412!16s%2Fg%2F11q_rjkyt1!19sChIJ4Q_ciueX9xQR2JS00Q7RPrY?authuser=0&hl=ar&g_ep=EgoyMDI2MDkzMC4wIJJjKgBIAVAD&rclk=1,Bagour,en
بن حامد Hamed coffee,,"4,9",12,,31.0372287,31.3552703,0x14f79dae4bf4dd29:0xa24fe6f7b05e5475,https://www.google.com/maps/place/%D8%A8%D9%86+%D8%AD%D8%A7%D9%85%D8%AF+Hamed+coffee%E2%80%AD/data=!4m7!3m6!1s0x14f79dae4bf4dd29:0xa24fe6f7b05e5475!8m2!3d31.0372287!4d31.3552703!16s%2Fg%2F11s7kbhv6g!19sChIJKd30S66d9xQRdVResPfmT6I?authuser=0&hl=ar&g_ep=EgoyMDI2MDkzMC4wIJJjKgBIAVAD&rclk=1,Bani Ubaid,en
عامر افندى,,"4,3",49,,31.0493188,31.3966832,0x14f79d124c6e8985:0x3d9a74a5907e488,https://www.google.com/maps/place/%D8%B9%D8%A7%D9%85%D8%B1+%D8%A7%D9%81%D9%86%D8%AF%D9%89%E2%80%AD/data=!4m7!3m6!1s0x14f79d124c6e8985:0x3d9a74a5907e488!8m2!3d31.0493188!4d31.3966832!16s%2Fg%2F11sdpvrlk2!19sChIJhYluTBKd9xQRiOQHWUqn2QM?authuser=0&hl=ar&g_ep=EgoyMDI2MDkzMC4wIJJjKgBIAVAD&rclk=1,Mahalla Damana,ar
Mood cafe,,"4,2",121,,30.9708411,31.2485702,0x14f7a3b5913274ed:0xe434fc5716aa452b,https://www.google.com/maps/place/Mood+cafe/data=!4m7!3m6!1s0x14f7a3b5913274ed:0xe434fc5716aa452b!8m2!3d30.9708411!4d31.2485702!16s%2Fg%2F11pwqkgx_7!19sChIJ7XQykbWj9xQRK0WqFlf8NOQ?authuser=0&hl=ar&g_ep=EgoyMDI2MDkzMC4wIJJjKgBIAVAD&rclk=1,Rasheed,en
مطعم الراتب الشامي - AlRateb ElShamy Restaurant,,"4,0",1080,,31.03535,31.3582531,0x14f79c2b15636283:0xe4aacde57425c301,https://www.google.com/maps/place/%D9%85%D8%B7%D8%B9%D9%85+%D8%A7%D9%84%D8%B1%D8%A7%D8%AA%D8%A8+%D8%A7%D9%84%D8%B4%D8%A7%D9%85%D9%8A+-+AlRateb+ElShamy+Restaurant%E2%80%AD/data=!4m7!3m6!1s0x14f79c2b15636283:0xe4aacde57425c301!8m2!3d31.03535!4d31.3582531!16s%2Fg%2F11c37_lnh1!19sChIJg2JjFSuc9xQRAcMldOXNquQ?authuser=0&hl=ar&g_ep=EgoyMDI2MDkzMC4wIJJjKgBIAVAD&rclk=1,Rasheed,en
كرانشى ستيشن,,"4,2",26,,31.0379143,31.3652792,0x14f79dd279eb049d:0xdafadbb51973f8a5,https://www.google.com/maps/place/%D9%83%D8%B1%D8%A7%D9%86%D8%B4%D9%89+%D8%B3%D8%AA%D9%8A%D8%B4%D9%86%E2%80%AD/data=!4m7!3m6!1s0x14f79dd279eb049d:0xdafadbb51973f8a5!8m2!3d31.0379143!4d31.3652792!16s%2Fg%2F11hyl4ngw4!19sChIJnQTredKd9xQRpfhzGbXb-to?authuser=0&hl=ar&g_ep=EgoyMDI2MDkzMC4wIJJjKgBIAVAD&rclk=1,Bani Ubaid,en
مطعم العبد للمشويات,,"4,1",872,,30.8429141,31.2658052,0x14f795f70ea9ab81:0xc7b36379b690f554,https://www.google.com/maps/place/%D9%85%D8%B7%D8%B9%D9%85+%D8%A7%D9%84%D8%B9%D8%A8%D8%AF+%D9%84%D9%84%D9%85%D8%B4%D9%88%D9%8A%D8%A7%D8%AA%E2%80%AD/data=!4m7!3m6!1s0x14f795f70ea9ab81:0xc7b36379b690f554!8m2!3d30.8429141!4d31.2658052!16s%2Fg%2F11gg740k7_!19sChIJgaupDveV9xQRVPWQtnljs8c?authuser=0&hl=ar&g_ep=EgoyMDI2MDkzMC4wIJJjKgBIAVAD&rclk=1,Bagour,en
Loopin,,"4,2",56,,31.0456286,31.3528581,0x14f79d5343d2df8d:0x9fa59dd827476886,https://www.google.com/maps/place/Loopin/data=!4m7!3m6!1s0x14f79d5343d2df8d:0x9fa59dd827476886!8m2!3d31.0456286!4d31.3528581!16s%2Fg%2F11xzl_h01c!19sChIJjd_SQ1Od9xQRhmhHJ9idpZ8?authuser=0&hl=ar&g_ep=EgoyMDI2MDkzMC4wIJJjKgBIAVAD&rclk=1,Bagour,en
مطعم وكافي شوب رصيف نمرة 5,,"3,8",9,,30.8929665,31.5594892,0x14f7879c34cd7fd5:0xe2dcde826196204,https://www.google.com/maps/place/%D9%85%D8%B7%D8%B9%D9%85+%D9%88%D9%83%D8%A7%D9%81%D9%8A+%D8%B4%D9%88%D8%A8+%D8%B1%D8%B5%D9%8A%D9%81+%D9%86%D9%85%D8%B1%D8%A9+5%E2%80%AD/data=!4m7!3m6!1s0x14f7879c34cd7fd5:0xe2dcde826196204!8m2!3d30.8929665!4d31.5594892!16s%2Fg%2F11sh1d_xdv!19sChIJ1X_NNJyH9xQRBGIZJujNLQ4?authuser=0&hl=ar&g_ep=EgoyMDI2MDkzMC4wIJJjKgBIAVAD&rclk=1,Rasheed,en
كافيتريا ومطعم الشروق,,"4,6",5,,31.1323511,31.2441745,0x14f70b431c253c43:0xb0b81e0b858fae9b,https://www.google.com/maps/place/%D9%83%D8%A7%D9%81%D9%8A%D8%AA%D8%B1%D9%8A%D8%A7+%D9%88%D9%85%D8%B7%D8%B9%D9%85+%D8%A7%D9%84%D8%B4%D8%B1%D9%88%D9%82%E2%80%AD/data=!4m7!3m6!1s0x14f70b431c253c43:0xb0b81e0b858fae9b!8m2!3d31.1323511!4d31.2441745!16s%2Fg%2F11kf5wxqpc!19sChIJQzwlHEML9xQRm66PhQseuLA?authuser=0&hl=ar&g_ep=EgoyMDI2MDkzMC4wIJJjKgBIAVAD&rclk=1,Rasheed,en
شرقي قناة السويس,,"3,9",233,,31.0498905,31.3992644,0x14f79d433f70dccb:0x3db326b5a9c5e654,https://www.google.com/maps/place/%D8%B4%D8%B1%D9%82%D9%8A+%D9%82%D9%86%D8%A7%D8%A9+%D8%A7%D9%84%D8%B3%D9%88%D9%8A%D8%B3%E2%80%AD/data=!4m7!3m6!1s0x14f79d433f70dccb:0x3db326b5a9c5e654!8m2!3d31.0498905!4d31.3992644!16s%2Fg%2F11t8bc733t!19sChIJy9xwP0Od9xQRVObFqbUmsz0?authuser=0&hl=ar&g_ep=EgoyMDI2MDkzMC4wIJJjKgBIAVAD&rclk=1,Rasheed,en
اولاد سعيد كافيه,,"4,2",174,,31.4033864,30.4234845,0x14f689eb907f478f:0x25cb955d3be42117,https://www.google.com/maps/place/%D8%A7%D9%88%D9%84%D8%A7%D8%AF+%D8%B3%D8%B9%D9%8A%D8%AF+%D9%83%D8%A7%D9%81%D9%8A%D9%87%E2%80%AD/data=!4m7!3m6!1s0x14f689eb907f478f:0x25cb955d3be42117!8m2!3d31.4033864!4d30.4234845!16s%2Fg%2F11gxvs61qh!19sChIJj0d_kOuJ9hQRFyHkO12VyyU?authuser=0&hl=ar&g_ep=EgoyMDI2MDkzMC4wIJJjKgBIAVAD&rclk=1,Rasheed,ar
كافيه روقان,,"5,0",32,,31.3980702,30.4229256,0x14f68900280edab7:0x732881946eb47b09,https://www.google.com/maps/place/%D9%83%D8%A7%D9%81%D9%8A%D9%87+%D8%B1%D9%88%D9%82%D8%A7%D9%86%E2%80%AD/data=!4m7!3m6!1s0x14f68900280edab7:0x732881946eb47b09!8m2!3d31.3980702!4d30.4229256!16s%2Fg%2F11lv_13ky2!19sChIJt9oOKACJ9hQRCXu0bpSBKHM?authuser=0&hl=ar&g_ep=EgoyMDI2MDkzMC4wIJJjKgBIAVAD&rclk=1,Rasheed,ar
كورنيش مدينة رشيد,,"4,3",31,,31.3995709,30.4233588,0x14f6896049095a2f:0xbb4b64b1cb8f439c,https://www.google.com/maps/place/%D9%83%D9%88%D8%B1%D9%86%D9%8A%D8%B4+%D9%85%D8%AF%D9%8A%D9%86%D8%A9+%D8%B1%D8%B4%D9%8A%D8%AF%E2%80%AD/data=!4m7!3m6!1s0x14f6896049095a2f:0xbb4b64b1cb8f439c!8m2!3d31.3995709!4d30.4233588!16s%2Fg%2F11vb8g2x0z!19sChIJL1oJSWCJ9hQRnEOPy7FkS7s?authuser=0&hl=ar&g_ep=EgoyMDI2MDkzMC4wIJJjKgBIAVAD&rclk=1,Rasheed,ar
مطعم وكافيه ومحماص بن أولاد سعيد,,"4,2",102,,31.3920573,30.4226973,0x14f689647f8b1017:0x817aae9bb5a30724,https://www.google.com/maps/place/%D9%85%D8%B7%D8%B9%D9%85+%D9%88%D9%83%D8%A7%D9%81%D9%8A%D9%87+%D9%88%D9%85%D8%AD%D9%85%D8%A7%D8%B5+%D8%A8%D9%86+%D8%A3%D9%88%D9%84%D8%A7%D8%AF+%D8%B3%D8%B9%D9%8A%D8%AF%E2%80%AD/data=!4m7!3m6!1s0x14f689647f8b1017:0x817aae9bb5a30724!8m2!3d31.3920573!4d30.4226973!16s%2Fg%2F11lqs0ny3g!19sChIJFxCLf2SJ9hQRJAejtZuueoE?authuser=0&hl=ar&g_ep=EgoyMDI2MDkzMC4wIJJjKgBIAVAD&rc,Rasheed,ar
مشويات اباظة,,"4,0",403,,31.4047526,30.4217384,0x14f6894dcc110f57:0xb9d1950cbd331bba,https://www.google.com/maps/place/%D9%85%D8%B4%D9%88%D9%8A%D8%A7%D8%AA+%D8%A7%D8%A8%D8%A7%D8%B8%D8%A9%E2%80%AD/data=!4m7!3m6!1s0x14f6894dcc110f57:0xb9d1950cbd331bba!8m2!3d31.4047526!4d30.4217384!16s%2Fg%2F11dxr031bk!19sChIJVw8RzE2J9hQRuhszvQyV0bk?authuser=0&hl=ar&g_ep=EgoyMDI2MDkzMC4wIJJjKgBIAVAD&rclk=1,Rasheed,ar
مطعم ايوب,,"4,0",98,,31.4012794,30.4177995,0x14f689496e0d50eb:0xb56abcb2d4e3b272,https://www.google.com/maps/place/%D9%85%D8%B7%D8%B9%D9%85+%D8%A7%D9%8A%D9%88%D8%A8%E2%80%AD/data=!4m7!3m6!1s0x14f689496e0d50eb:0xb56abcb2d4e3b272!8m2!3d31.4012794!4d30.4177995!16s%2Fg%2F11gd3bgvbq!19sChIJ61ANbkmJ9hQRcrLj1LK8arU?authuser=0&hl=ar&g_ep=EgoyMDI2MDkzMC4wIJJjKgBIAVAD&rclk=1,Rasheed,ar
مطعم اسماك الشوربجي,,"4,3",126,,31.4002968,30.4205057,0x14f689c459d9d6b9:0x5d9b571cddaa9fd7,https://www.google.com/maps/place/%D9%85%D8%B7%D8%B9%D9%85+%D8%A7%D8%B3%D9%85%D8%A7%D9%83+%D8%A7%D9%84%D8%B4%D9%88%D8%B1%D8%A8%D8%AC%D9%8A%E2%80%AD/data=!4m7!3m6!1s0x14f689c459d9d6b9:0x5d9b571cddaa9fd7!8m2!3d31.4002968!4d30.4205057!16s%2Fg%2F11nxnrm2wd!19sChIJudbZWcSJ9hQR15-q3RxXm10?authuser=0&hl=ar&g_ep=EgoyMDI2MDkzMC4wIJJjKgBIAVAD&rclk=1,Rasheed,ar
بروست تشكين,,"4,0",96,,31.3922305,30.4204683,0x14f68958f48fdb2f:0xe54cfd47972ec4e5,https://www.google.com/maps/place/%D8%A8%D8%B1%D9%88%D8%B3%D8%AA+%D8%AA%D8%B4%D9%83%D9%8A%D9%86%E2%80%AD/data=!4m7!3m6!1s0x14f68958f48fdb2f:0xe54cfd47972ec4e5!8m2!3d31.3922305!4d30.4204683!16s%2Fg%2F11flpr3dm5!19sChIJL9uP9FiJ9hQR5cQul0f9TOU?authuser=0&hl=ar&g_ep=EgoyMDI2MDkzMC4wIJJjKgBIAVAD&rclk=1,Rasheed,ar
مشويات كريم,,"3,8",83,,31.3939549,30.4214381,0x14f689e9767fafb7:0x41fe505d4b322cc2,https://www.google.com/maps/place/%D9%85%D8%B4%D9%88%D9%8A%D8%A7%D8%AA+%D9%83%D8%B1%D9%8A%D9%85%E2%80%AD/data=!4m7!3m6!1s0x14f689e9767fafb7:0x41fe505d4b322cc2!8m2!3d31.3939549!4d30.4214381!16s%2Fg%2F11h1g2_gbn!19sChIJt69_dumJ9hQRwiwyS11Q_kE?authuser=0&hl=ar&g_ep=EgoyMDI2MDkzMC4wIJJjKgBIAVAD&rclk=1,Rasheed,ar
مطعم طه,,"4,5",6,,31.3939878,30.4148309,0x14f6896e68c00735:0xe5d7c53832b3aaf7,https://www.google.com/maps/place/%D9%85%D8%B7%D8%B9%D9%85+%D8%B7%D9%87%E2%80%AD/data=!4m7!3m6!1s0x14f6896e68c00735:0xe5d7c53832b3aaf7!8m2!3d31.3939878!4d30.4148309!16s%2Fg%2F11tf784n2y!19sChIJNQfAaG6J9hQR96qzMjjF1-U?authuser=0&hl=ar&g_ep=EgoyMDI2MDkzMC4wIJJjKgBIAVAD&rclk=1,Rasheed,ar
مطعم مكي (الفرع الرئيسي),,"4,3",131,,30.7982951,31.2375461,0x14f7bf950529a233:0x6698e7dd1c9d19e2,https://www.google.com/maps/place/%D9%85%D8%B7%D8%B9%D9%85+%D9%85%D9%83%D9%8A+%28%D8%A7%D9%84%D9%81%D8%B1%D8%B9+%D8%A7%D9%84%D8%B1%D8%A6%D9%8A%D8%B3%D9%8A%29%E2%80%AD/data=!4m7!3m6!1s0x14f7bf950529a233:0x6698e7dd1c9d19e2!8m2!3d30.7982951!4d31.2375461!16s%2Fg%2F11c6cpm2vx!19sChIJM6IpBZW_9xQR4hmdHN3nmGY?authuser=0&hl=ar&g_ep=EgoyMDI2MDkzMC4wIJJjKgBIAVAD&rclk=1,Faraskur,en
Mela Rossa,,"4,2",303,,31.4151138,31.8093911,0x14f9e5b07221b549:0xd7c8bd0d4c1a3b24,https://www.google.com/maps/place/Mela+Rossa/data=!4m7!3m6!1s0x14f9e5b07221b549:0xd7c8bd0d4c1a3b24!8m2!3d31.4151138!4d31.8093911!16s%2Fg%2F11h282mjbz!19sChIJSbUhcrDl-RQRJDsaTA29yNc?authuser=0&hl=ar&g_ep=EgoyMDI2MDkzMC4wIJJjKgBIAVAD&rclk=1,Faraskur,en
Village cafe,,"4,4",18,,31.1188496,31.6451253,0x14f9d76c1573144f:0xdbba3dcd711ab6dd,https://www.google.com/maps/place/Village+cafe/data=!4m7!3m6!1s0x14f9d76c1573144f:0xdbba3dcd711ab6dd!8m2!3d31.1188496!4d31.6451253!16s%2Fg%2F11lp4y1qsz!19sChIJTxRzFWzX-RQR3bYacc09uts?authuser=0&hl=ar&g_ep=EgoyMDI2MDkzMC4wIJJjKgBIAVAD&rclk=1,Faraskur,en
كافيه ومطعم فيروز,,"4,6",19,,31.1824961,31.8695459,0x14f9c5dfbb921d1f:0xe6e0a77923f99b17,https://www.google.com/maps/place/%D9%83%D8%A7%D9%81%D9%8A%D9%87+%D9%88%D9%85%D8%B7%D8%B9%D9%85+%D9%81%D9%8A%D8%B1%D9%88%D8%B2%E2%80%AD/data=!4m7!3m6!1s0x14f9c5dfbb921d1f:0xe6e0a77923f99b17!8m2!3d31.1824961!4d31.8695459!16s%2Fg%2F11l7r8z_18!19sChIJHx2Su9_F-RQRF5v5I3mn4OY?authuser=0&hl=ar&g_ep=EgoyMDI2MDkzMC4wIJJjKgBIAVAD&rclk=1,Gamasa_suburb_south,en
كريم محمد ابوالفتوح كفر قنصوه مركز السنبلاوين,,,,,30.83148,31.4900203,0x14f78f001e1c1357:0xeb69b5a29f4b6e32,https://www.google.com/maps/place/%D9%83%D8%B1%D9%8A%D9%85+%D9%85%D8%AD%D9%85%D8%AF+%D8%A7%D8%A8%D9%88%D8%A7%D9%84%D9%81%D8%AA%D9%88%D8%AD+%D9%83%D9%81%D8%B1+%D9%82%D9%86%D8%B5%D9%88%D9%87+%D9%85%D8%B1%D9%83%D8%B2+%D8%A7%D9%84%D8%B3%D9%86%D8%A8%D9%84%D8%A7%D9%88%D9%8A%D9%86%E2%80%AD/data=!4m7!3m6!1s0x14f78f001e1c1357:0xeb69b5a29f4b6e32!8m2!3d30.83148!4d31.4900203!16s%2Fg%2F11wpt9mh6y!19sChIJVxMcHg,Gamasa_suburb_south,en
نورهان كافيه,,"4,1",118,,31.1122508,31.412901,0x14f777538b96a075:0x23fa4f85c2802c19,https://www.google.com/maps/place/%D9%86%D9%88%D8%B1%D9%87%D8%A7%D9%86+%D9%83%D8%A7%D9%81%D9%8A%D9%87%E2%80%AD/data=!4m7!3m6!1s0x14f777538b96a075:0x23fa4f85c2802c19!8m2!3d31.1122508!4d31.412901!16s%2Fg%2F11gydgbl8q!19sChIJdaCWi1N39xQRGSyAwoVP-iM?authuser=0&hl=ar&g_ep=EgoyMDI2MDkzMC4wIJJjKgBIAVAD&rclk=1,Bagour,en
Café Suprēme - Damietta,,"4,4",644,,31.4407169,31.7626176,0x14f9e5208450f21b:0x7c07acbccb2ed477,https://www.google.com/maps/place/Caf%C3%A9+Supr%C4%93me+-+Damietta/data=!4m7!3m6!1s0x14f9e5208450f21b:0x7c07acbccb2ed477!8m2!3d31.4407169!4d31.7626176!16s%2Fg%2F11gm9gnw8c!19sChIJG_JQhCDl-RQRd9Quy7ysB3w?authuser=0&hl=ar&g_ep=EgoyMDI2MDkzMC4wIJJjKgBIAVAD&rclk=1,Faraskur,en
Espresso cafe,,"4,6",5,,31.1671832,31.8030773,0x14f9db6dc592a8a7:0x27ce018b9ab941d0,https://www.google.com/maps/place/Espresso+cafe/data=!4m7!3m6!1s0x14f9db6dc592a8a7:0x27ce018b9ab941d0!8m2!3d31.1671832!4d31.8030773!16s%2Fg%2F11s3yd8_n0!19sChIJp6iSxW3b-RQR0EG5mosBzic?authuser=0&hl=ar&g_ep=EgoyMDI2MDkzMC4wIJJjKgBIAVAD&rclk=1,Mit Salsil,en
قهوة الفيروز,,"4,7",23,,31.1200183,31.2938737,0x14f775217490e38b:0xeb8eb2383b83a280,https://www.google.com/maps/place/%D9%82%D9%87%D9%88%D8%A9+%D8%A7%D9%84%D9%81%D9%8A%D8%B1%D9%88%D8%B2%E2%80%AD/data=!4m7!3m6!1s0x14f775217490e38b:0xeb8eb2383b83a280!8m2!3d31.1200183!4d31.2938737!16s%2Fg%2F11q33jzkqs!19sChIJi-OQdCF19xQRgKKDOziyjus?authuser=0&hl=ar&g_ep=EgoyMDI2MDkzMC4wIJJjKgBIAVAD&rclk=1,Faraskur,en
Freska cofe فريسكا كافيه,,"4,5",28,,31.1713492,31.3302294,0x14f7732b370fec01:0x82995d9ef8a1dee0,https://www.google.com/maps/place/Freska+cofe+%D9%81%D8%B1%D9%8A%D8%B3%D9%83%D8%A7+%D9%83%D8%A7%D9%81%D9%8A%D9%87%E2%80%AD/data=!4m7!3m6!1s0x14f7732b370fec01:0x82995d9ef8a1dee0!8m2!3d31.1713492!4d31.3302294!16s%2Fg%2F11j48frzjk!19sChIJAewPNytz9xQR4N6h-J5dmYI?authuser=0&hl=ar&g_ep=EgoyMDI2MDkzMC4wIJJjKgBIAVAD&rclk=1,Faraskur,en
الزاغ للأكلات الشعبية,,"4,2",11,,30.8823258,31.4592661,0x14f78fbb33c3e58f:0x62adb54b4664e16e,https://www.google.com/maps/place/%D8%A7%D9%84%D8%B2%D8%A7%D8%BA+%D9%84%D9%84%D8%A3%D9%83%D9%84%D8%A7%D8%AA+%D8%A7%D9%84%D8%B4%D8%B9%D8%A8%D9%8A%D8%A9%E2%80%AD/data=!4m7!3m6!1s0x14f78fbb33c3e58f:0x62adb54b4664e16e!8m2!3d30.8823258!4d31.4592661!16s%2Fg%2F11t3hx5hp9!19sChIJj-XDM7uP9xQRbuFkRku1rWI?authuser=0&hl=ar&g_ep=EgoyMDI2MDkzMC4wIJJjKgBIAVAD&rclk=1,Gamasa_suburb_south,en
مطعم أبناء المحلة الكبرى,,"4,1",71,,30.8053254,31.2764537,0x14f79570d30f9605:0xab8bb005bc9dbb43,https://www.google.com/maps/place/%D9%85%D8%B7%D8%B9%D9%85+%D8%A3%D8%A8%D9%86%D8%A7%D8%A1+%D8%A7%D9%84%D9%85%D8%AD%D9%84%D8%A9+%D8%A7%D9%84%D9%83%D8%A8%D8%B1%D9%89%E2%80%AD/data=!4m7!3m6!1s0x14f79570d30f9605:0xab8bb005bc9dbb43!8m2!3d30.8053254!4d31.2764537!16s%2Fg%2F11fy_62n18!19sChIJBZYP03CV9xQRQ7udvAWwi6s?authuser=0&hl=ar&g_ep=EgoyMDI2MDkzMC4wIJJjKgBIAVAD&rclk=1,Gamasa_suburb_south,en
Farfasha Cafe - فرفشة كافيه,,"4,5",35,,31.1517458,31.4338126,0x14f77155d3a73753:0xd03648be0e39a00d,https://www.google.com/maps/place/Farfasha+Cafe+-+%D9%81%D8%B1%D9%81%D8%B4%D8%A9+%D9%83%D8%A7%D9%81%D9%8A%D9%87%E2%80%AD/data=!4m7!3m6!1s0x14f77155d3a73753:0xd03648be0e39a00d!8m2!3d31.1517458!4d31.4338126!16s%2Fg%2F11h8b44jvt!19sChIJUzen01Vx9xQRDaA5Dr5INtA?authuser=0&hl=ar&g_ep=EgoyMDI2MDkzMC4wIJJjKgBIAVAD&rclk=1,Faraskur,en
مطعم و كافيه الحسن,,"5,0",9,,31.3307432,31.719232,0x14f9e11aee726657:0x14f69ff65984e476,https://www.google.com/maps/place/%D9%85%D8%B7%D8%B9%D9%85+%D9%88+%D9%83%D8%A7%D9%81%D9%8A%D9%87+%D8%A7%D9%84%D8%AD%D8%B3%D9%86%E2%80%AD/data=!4m7!3m6!1s0x14f9e11aee726657:0x14f69ff65984e476!8m2!3d31.3307432!4d31.719232!16s%2Fg%2F11k498lrzm!19sChIJV2Zy7hrh-RQRduSEWfaf9hQ?authuser=0&hl=ar&g_ep=EgoyMDI2MDkzMC4wIJJjKgBIAVAD&rclk=1,Faraskur,ar
Hepta Cafe,,"3,8",130,,31.3318181,31.7127312,0x14f9e0c9ec028963:0x3d2738da79d96435,https://www.google.com/maps/place/Hepta+Cafe/data=!4m7!3m6!1s0x14f9e0c9ec028963:0x3d2738da79d96435!8m2!3d31.3318181!4d31.7127312!16s%2Fg%2F11cs5wyxx2!19sChIJY4kC7Mng-RQRNWTZedo4Jz0?authuser=0&hl=ar&g_ep=EgoyMDI2MDkzMC4wIJJjKgBIAVAD&rclk=1,Faraskur,ar
چيتارا كافية,,"4,0",304,,31.3413552,31.7152462,0x14f9e0d20cbbb9b1:0x21e12c3b1e23db44,https://www.google.com/maps/place/%DA%86%D9%8A%D8%AA%D8%A7%D8%B1%D8%A7+%D9%83%D8%A7%D9%81%D9%8A%D8%A9%E2%80%AD/data=!4m7!3m6!1s0x14f9e0d20cbbb9b1:0x21e12c3b1e23db44!8m2!3d31.3413552!4d31.7152462!16s%2Fg%2F11byckq9rc!19sChIJsbm7DNLg-RQRRNsjHjss4SE?authuser=0&hl=ar&g_ep=EgoyMDI2MDkzMC4wIJJjKgBIAVAD&rclk=1,Faraskur,ar
Blue House Cafe,,"4,1",267,,31.4875575,31.8239996,0x14f9f14118e8c749:0xccec60a8deb34bbe,https://www.google.com/maps/place/Blue+House+Cafe/data=!4m7!3m6!1s0x14f9f14118e8c749:0xccec60a8deb34bbe!8m2!3d31.4875575!4d31.8239996!16s%2Fg%2F11v03mr35w!19sChIJScfoGEHx-RQRvkuz3qhg7Mw?authuser=0&hl=ar&g_ep=EgoyMDI2MDkzMC4wIJJjKgBIAVAD&rclk=1,Faraskur,ar
Friends Caffe,,"4,1",52,,31.3336481,31.7179507,0x14f9e0cb151d22df:0x862d386423a91491,https://www.google.com/maps/place/Friends+Caffe/data=!4m7!3m6!1s0x14f9e0cb151d22df:0x862d386423a91491!8m2!3d31.3336481!4d31.7179507!16s%2Fg%2F11cn9lyrrq!19sChIJ3yIdFcvg-RQRkRSpI2Q4LYY?authuser=0&hl=ar&g_ep=EgoyMDI2MDkzMC4wIJJjKgBIAVAD&rclk=1,Faraskur,ar
SEDAR cafe,,"4,1",184,,31.4262454,31.6650593,0x14f9e358d937b523:0x5a91ec0df419d787,https://www.google.com/maps/place/SEDAR+cafe/data=!4m7!3m6!1s0x14f9e358d937b523:0x5a91ec0df419d787!8m2!3d31.4262454!4d31.6650593!16s%2Fg%2F11ll8hxwc6!19sChIJI7U32Vjj-RQRh9cZ9A3skVo?authuser=0&hl=ar&g_ep=EgoyMDI2MDkzMC4wIJJjKgBIAVAD&rclk=1,Faraskur,ar
مطعم كارم ابو حطب,,"4,0",199,,31.3344143,31.7176256,0x14f9e0cb6f029719:0xb9094fc057b6bf85,https://www.google.com/maps/place/%D9%85%D8%B7%D8%B9%D9%85+%D9%83%D8%A7%D8%B1%D9%85+%D8%A7%D8%A8%D9%88+%D8%AD%D8%B7%D8%A8%E2%80%AD/data=!4m7!3m6!1s0x14f9e0cb6f029719:0xb9094fc057b6bf85!8m2!3d31.3344143!4d31.7176256!16s%2Fg%2F11bxd6rbcx!19sChIJGZcCb8vg-RQRhb-2V8BPCbk?authuser=0&hl=ar&g_ep=EgoyMDI2MDkzMC4wIJJjKgBIAVAD&rclk=1,Faraskur,ar
Every Day Cafe,,"4,1",274,,31.405351,31.8117036,0x14f9efeae3c0a2e9:0x1dfd3737820fc263,https://www.google.com/maps/place/Every+Day+Cafe/data=!4m7!3m6!1s0x14f9efeae3c0a2e9:0x1dfd3737820fc263!8m2!3d31.405351!4d31.8117036!16s%2Fg%2F11f8jsp5_x!19sChIJ6aLA4-rv-RQRY8IPgjc3_R0?authuser=0&hl=ar&g_ep=EgoyMDI2MDkzMC4wIJJjKgBIAVAD&rclk=1,Faraskur,ar
بلوبيتش كافيه,,"4,4",72,,31.4057799,31.7829336,0x14f9e5c93dd2589b:0x305a531f84880326,https://www.google.com/maps/place/%D8%A8%D9%84%D9%88%D8%A8%D9%8A%D8%AA%D8%B4+%D9%83%D8%A7%D9%81%D9%8A%D9%87%E2%80%AD/data=!4m7!3m6!1s0x14f9e5c93dd2589b:0x305a531f84880326!8m2!3d31.4057799!4d31.7829336!16s%2Fg%2F11qg6s3d7_!19sChIJm1jSPcnl-RQRJgOIhB9TWjA?authuser=0&hl=ar&g_ep=EgoyMDI2MDkzMC4wIJJjKgBIAVAD&rclk=1,Faraskur,ar
النجار كافيه,,"4,6",40,,30.7486897,31.4545731,0x14f78da24de0625d:0x832e1cf50607631a,https://www.google.com/maps/place/%D8%A7%D9%84%D9%86%D8%AC%D8%A7%D8%B1+%D9%83%D8%A7%D9%81%D9%8A%D9%87%E2%80%AD/data=!4m7!3m6!1s0x14f78da24de0625d:0x832e1cf50607631a!8m2!3d30.7486897!4d31.4545731!16s%2Fg%2F11rpdc304b!19sChIJXWLgTaKN9xQRGmMHBvUcLoM?authuser=0&hl=ar&g_ep=EgoyMDI2MDkzMC4wIJJjKgBIAVAD&rclk=1,Faraskur,ar
سمكنا,,"4,7",20,,31.3333675,31.7165474,0x14f9e107f570b40d:0x4a39bee14065ce91,https://www.google.com/maps/place/%D8%B3%D9%85%D9%83%D9%86%D8%A7%E2%80%AD/data=!4m7!3m6!1s0x14f9e107f570b40d:0x4a39bee14065ce91!8m2!3d31.3333675!4d31.7165474!16s%2Fg%2F11j_vhqnyq!19sChIJDbRw9Qfh-RQRkc5lQOG-OUo?authuser=0&hl=ar&g_ep=EgoyMDI2MDkzMC4wIJJjKgBIAVAD&rclk=1,Faraskur,ar
إسلام ويتش,,"4,3",6,,31.3356632,31.7138254,0x14f9e17a10bc992b:0x620d3e3c98269296,https://www.google.com/maps/place/%D8%A5%D8%B3%D9%84%D8%A7%D9%85+%D9%88%D9%8A%D8%AA%D8%B4%E2%80%AD/data=!4m7!3m6!1s0x14f9e17a10bc992b:0x620d3e3c98269296!8m2!3d31.3356632!4d31.7138254!16s%2Fg%2F11k021b96s!19sChIJK5m8EHrh-RQRlpImmDw-DWI?authuser=0&hl=ar&g_ep=EgoyMDI2MDkzMC4wIJJjKgBIAVAD&rclk=1,Faraskur,ar
قرية الناقر للمأكولات البدوية,,"4,0",2100,,31.4409177,31.6782477,0x14f75c1155d7fdb5:0x32c4286c8ab2bc79,https://www.google.com/maps/place/%D9%82%D8%B1%D9%8A%D8%A9+%D8%A7%D9%84%D9%86%D8%A7%D9%82%D8%B1+%D9%84%D9%84%D9%85%D8%A3%D9%83%D9%88%D9%84%D8%A7%D8%AA+%D8%A7%D9%84%D8%A8%D8%AF%D9%88%D9%8A%D8%A9%E2%80%AD/data=!4m7!3m6!1s0x14f75c1155d7fdb5:0x32c4286c8ab2bc79!8m2!3d31.4409177!4d31.6782477!16s%2Fg%2F11f03sgm6l!19sChIJtf3XVRFc9xQRebyyimwoxDI?authuser=0&hl=ar&g_ep=EgoyMDI2MDkzMC4wIJJjKgBIAVAD&rclk=1,Faraskur,ar
جنة المشويات,,"3,9",12,,31.3280033,31.7556686,0x14f9e754482a4655:0x85d027e128ace75,https://www.google.com/maps/place/%D8%AC%D9%86%D8%A9+%D8%A7%D9%84%D9%85%D8%B4%D9%88%D9%8A%D8%A7%D8%AA%E2%80%AD/data=!4m7!3m6!1s0x14f9e754482a4655:0x85d027e128ace75!8m2!3d31.3280033!4d31.7556686!16s%2Fg%2F11nytyn7vk!19sChIJVUYqSFTn-RQRdc6KEn4CXQg?authuser=0&hl=ar&g_ep=EgoyMDI2MDkzMC4wIJJjKgBIAVAD&rclk=1,Faraskur,ar
الخان كافيه,,"4,0",153,,31.4382324,31.6757526,0x14f9e33eb98d50bb:0x55a7b453ea9f39e,https://www.google.com/maps/place/%D8%A7%D9%84%D8%AE%D8%A7%D9%86+%D9%83%D8%A7%D9%81%D9%8A%D9%87%E2%80%AD/data=!4m7!3m6!1s0x14f9e33eb98d50bb:0x55a7b453ea9f39e!8m2!3d31.4382324!4d31.6757526!16s%2Fg%2F11f88p_k5f!19sChIJu1CNuT7j-RQRnvOpPkV7WgU?authuser=0&hl=ar&g_ep=EgoyMDI2MDkzMC4wIJJjKgBIAVAD&rclk=1,Faraskur,ar
Ellen’s cafe,,"5,0",13,,31.4261502,31.6649889,0x14f9e30058f9ebf3:0x4701353a6adf98a3,https://www.google.com/maps/place/Ellen%E2%80%99s+cafe/data=!4m7!3m6!1s0x14f9e30058f9ebf3:0x4701353a6adf98a3!8m2!3d31.4261502!4d31.6649889!16s%2Fg%2F11ybnwnwvk!19sChIJ8-v5WADj-RQRo5jfajo1AUc?authuser=0&hl=ar&g_ep=EgoyMDI2MDkzMC4wIJJjKgBIAVAD&rclk=1,Faraskur,ar
كافيه بريكا,,"4,7",23,,31.4308803,31.6666939,0x14f9e320a076e50d:0x8641d36a7cf4d163,https://www.google.com/maps/place/%D9%83%D8%A7%D9%81%D9%8A%D9%87+%D8%A8%D8%B1%D9%8A%D9%83%D8%A7%E2%80%AD/data=!4m7!3m6!1s0x14f9e320a076e50d:0x8641d36a7cf4d163!8m2!3d31.4308803!4d31.6666939!16s%2Fg%2F11lrppxx89!19sChIJDeV2oCDj-RQRY9H0fGrTQYY?authuser=0&hl=ar&g_ep=EgoyMDI2MDkzMC4wIJJjKgBIAVAD&rclk=1,Faraskur,ar
كافيه حسن ابو زيد الفار,,"4,2",34,,31.3827888,31.7905116,0x14f9e545a320b373:0xd778711675882392,https://www.google.com/maps/place/%D9%83%D8%A7%D9%81%D9%8A%D9%87+%D8%AD%D8%B3%D9%86+%D8%A7%D8%A8%D9%88+%D8%B2%D9%8A%D8%AF+%D8%A7%D9%84%D9%81%D8%A7%D8%B1%E2%80%AD/data=!4m7!3m6!1s0x14f9e545a320b373:0xd778711675882392!8m2!3d31.3827888!4d31.7905116!16s%2Fg%2F11hyygxzz0!19sChIJc7Mgo0Xl-RQRkiOIdRZxeNc?authuser=0&hl=ar&g_ep=EgoyMDI2MDkzMC4wIJJjKgBIAVAD&rclk=1,Faraskur,ar
كورفا كافية,,"4,4",50,,30.7479395,31.4497232,0x14f78dad5d968eaf:0xa43c8869a77b1d96,https://www.google.com/maps/place/%D9%83%D9%88%D8%B1%D9%81%D8%A7+%D9%83%D8%A7%D9%81%D9%8A%D8%A9%E2%80%AD/data=!4m7!3m6!1s0x14f78dad5d968eaf:0xa43c8869a77b1d96!8m2!3d30.7479395!4d31.4497232!16s%2Fg%2F11q8x75799!19sChIJr46WXa2N9xQRlh17p2mIPKQ?authuser=0&hl=ar&g_ep=EgoyMDI2MDkzMC4wIJJjKgBIAVAD&rclk=1,Faraskur,ar
كافيه ومطعم العيلة,,"4,2",54,,31.42977,31.6707633,0x14f9e3d5d82d4125:0x2ae3a0bc16b6061b,https://www.google.com/maps/place/%D9%83%D8%A7%D9%81%D9%8A%D9%87+%D9%88%D9%85%D8%B7%D8%B9%D9%85+%D8%A7%D9%84%D8%B9%D9%8A%D9%84%D8%A9%E2%80%AD/data=!4m7!3m6!1s0x14f9e3d5d82d4125:0x2ae3a0bc16b6061b!8m2!3d31.42977!4d31.6707633!16s%2Fg%2F11n8y59j0y!19sChIJJUEt2NXj-RQRGwa2Fryg4yo?authuser=0&hl=ar&g_ep=EgoyMDI2MDkzMC4wIJJjKgBIAVAD&rclk=1,Faraskur,ar
كافيه كوكب الشرق ..,,"4,0",406,,31.42838,31.687746,0x14f9e3baf9760587:0x1d6142b6e0f67c09,https://www.google.com/maps/place/%D9%83%D8%A7%D9%81%D9%8A%D9%87+%D9%83%D9%88%D9%83%D8%A8+%D8%A7%D9%84%D8%B4%D8%B1%D9%82+..%E2%80%AD/data=!4m7!3m6!1s0x14f9e3baf9760587:0x1d6142b6e0f67c09!8m2!3d31.42838!4d31.687746!16s%2Fg%2F11g6bd3cmg!19sChIJhwV2-brj-RQRCXz24LZCYR0?authuser=0&hl=ar&g_ep=EgoyMDI2MDkzMC4wIJJjKgBIAVAD&rclk=1,Faraskur,ar
كافيه شوب الملوك(Cafe Kings),,"3,4",58,,31.4259132,31.6686259,0x14f9e38af48336d1:0xb7a92a24c0dcfe76,https://www.google.com/maps/place/%D9%83%D8%A7%D9%81%D9%8A%D9%87+%D8%B4%D9%88%D8%A8+%D8%A7%D9%84%D9%85%D9%84%D9%88%D9%83%28Cafe+Kings%29%E2%80%AD/data=!4m7!3m6!1s0x14f9e38af48336d1:0xb7a92a24c0dcfe76!8m2!3d31.4259132!4d31.6686259!16s%2Fg%2F11fdy3l6jg!19sChIJ0TaD9Irj-RQRdv7cwCQqqbc?authuser=0&hl=ar&g_ep=EgoyMDI2MDkzMC4wIJJjKgBIAVAD&rclk=1,Faraskur,ar
Zuma Cafe & Ps,,"4,6",40,,31.356472,31.6844412,0x14f9e129708b496d:0xf61ee3979fb38c42,https://www.google.com/maps/place/Zuma+Cafe+%26+Ps/data=!4m7!3m6!1s0x14f9e129708b496d:0xf61ee3979fb38c42!8m2!3d31.356472!4d31.6844412!16s%2Fg%2F11fj_mmhwf!19sChIJbUmLcCnh-RQRQoyzn5fjHvY?authuser=0&hl=ar&g_ep=EgoyMDI2MDkzMC4wIJJjKgBIAVAD&rclk=1,Faraskur,ar
كافيه الشروق,,"4,4",18,,30.7384074,31.4187289,0x14f793c091410cd1:0x722497cbe966adde,https://www.google.com/maps/place/%D9%83%D8%A7%D9%81%D9%8A%D9%87+%D8%A7%D9%84%D8%B4%D8%B1%D9%88%D9%82%E2%80%AD/data=!4m7!3m6!1s0x14f793c091410cd1:0x722497cbe966adde!8m2!3d30.7384074!4d31.4187289!16s%2Fg%2F11jv73wywb!19sChIJ0QxBkcCT9xQR3q1m6cuXJHI?authuser=0&hl=ar&g_ep=EgoyMDI2MDkzMC4wIJJjKgBIAVAD&rclk=1,Faraskur,ar
موكا كافيه,,"4,0",153,,31.432984,31.681823,0x14f9e3ae30128339:0xa4f8d36ef47470c5,https://www.google.com/maps/place/%D9%85%D9%88%D9%83%D8%A7+%D9%83%D8%A7%D9%81%D9%8A%D9%87%E2%80%AD/data=!4m7!3m6!1s0x14f9e3ae30128339:0xa4f8d36ef47470c5!8m2!3d31.432984!4d31.681823!16s%2Fg%2F12h_3_kzx!19sChIJOYMSMK7j-RQRxXB09G7T-KQ?authuser=0&hl=ar&g_ep=EgoyMDI2MDkzMC4wIJJjKgBIAVAD&rclk=1,Faraskur,ar
BEEF POINT and BIGA CAFE,,"4,6",18,,31.4286735,31.6692495,0x14f9e3a0a61efa11:0x21cb32b6cf337304,https://www.google.com/maps/place/BEEF+POINT+and+BIGA+CAFE/data=!4m7!3m6!1s0x14f9e3a0a61efa11:0x21cb32b6cf337304!8m2!3d31.4286735!4d31.6692495!16s%2Fg%2F11k4ng_ynz!19sChIJEfoepqDj-RQRBHMzz7YyyyE?authuser=0&hl=ar&g_ep=EgoyMDI2MDkzMC4wIJJjKgBIAVAD&rclk=1,Faraskur,ar
Milano cafe,,"4,1",32,,31.4234256,31.6658371,0x14f9e236fbbf90af:0x8f3e210f38b6f962,https://www.google.com/maps/place/Milano+cafe/data=!4m7!3m6!1s0x14f9e236fbbf90af:0x8f3e210f38b6f962!8m2!3d31.4234256!4d31.6658371!16s%2Fg%2F11hb2nhv9z!19sChIJr5C_-zbi-RQRYvm2OA8hPo8?authuser=0&hl=ar&g_ep=EgoyMDI2MDkzMC4wIJJjKgBIAVAD&rclk=1,Faraskur,ar
X waffle,,"4,7",226,,31.0461705,31.3700682,0x14f79d0bd3a221ad:0xc44a0a8d3f57041d,https://www.google.com/maps/place/X+waffle/data=!4m7!3m6!1s0x14f79d0bd3a221ad:0xc44a0a8d3f57041d!8m2!3d31.0461705!4d31.3700682!16s%2Fg%2F11fn04y3t_!19sChIJrSGi0wud9xQRHQRXP40KSsQ?authuser=0&hl=ar&g_ep=EgoyMDI2MDkzMC4wIJJjKgBIAVAD&rclk=1,Bagour,en
بن الغالي فرع المحافظة شارع الجيش,,"4,0",205,,31.050718,31.3945642,0x14f79d9de40ffcbb:0x6613e71522e51c32,https://www.google.com/maps/place/%D8%A8%D9%86+%D8%A7%D9%84%D8%BA%D8%A7%D9%84%D9%8A+%D9%81%D8%B1%D8%B9+%D8%A7%D9%84%D9%85%D8%AD%D8%A7%D9%81%D8%B8%D8%A9+%D8%B4%D8%A7%D8%B1%D8%B9+%D8%A7%D9%84%D8%AC%D9%8A%D8%B4%E2%80%AD/data=!4m7!3m6!1s0x14f79d9de40ffcbb:0x6613e71522e51c32!8m2!3d31.050718!4d31.3945642!16s%2Fg%2F11hychtnc4!19sChIJu_wP5J2d9xQRMhzlIhXnE2Y?authuser=0&hl=ar&g_ep=EgoyMDI2MDkzMC4wIJJjKgBIAV,Bagour,en
الصياد,,"4,2",600,,31.0460497,31.3658112,0x14f79dc54bad02a3:0xa3e72512b4ca630,https://www.google.com/maps/place/%D8%A7%D9%84%D8%B5%D9%8A%D8%A7%D8%AF%E2%80%AD/data=!4m7!3m6!1s0x14f79dc54bad02a3:0xa3e72512b4ca630!8m2!3d31.0460497!4d31.3658112!16s%2Fg%2F12qg5sy95!19sChIJowKtS8Wd9xQRMKZMK1FyPgo?authuser=0&hl=ar&g_ep=EgoyMDI2MDkzMC4wIJJjKgBIAVAD&rclk=1,Bagour,en
العميد كافيه,,"4,6",50,,31.049081,31.3903494,0x14f79de40c831649:0xdfbfaa6de2d03689,https://www.google.com/maps/place/%D8%A7%D9%84%D8%B9%D9%85%D9%8A%D8%AF+%D9%83%D8%A7%D9%81%D9%8A%D9%87%E2%80%AD/data=!4m7!3m6!1s0x14f79de40c831649:0xdfbfaa6de2d03689!8m2!3d31.049081!4d31.3903494!16s%2Fg%2F11rcy51d7r!19sChIJSRaDDOSd9xQRiTbQ4m2qv98?authuser=0&hl=ar&g_ep=EgoyMDI2MDkzMC4wIJJjKgBIAVAD&rclk=1,Bani Ubaid,en
مطعم وكافيه الوادي,,"4,5",19,,31.1201875,31.4491094,0x14f779d40b05f8e5:0x26df5b9288f68714,https://www.google.com/maps/place/%D9%85%D8%B7%D8%B9%D9%85+%D9%88%D9%83%D8%A7%D9%81%D9%8A%D9%87+%D8%A7%D9%84%D9%88%D8%A7%D8%AF%D9%8A%E2%80%AD/data=!4m7!3m6!1s0x14f779d40b05f8e5:0x26df5b9288f68714!8m2!3d31.1201875!4d31.4491094!16s%2Fg%2F11tfytzsx3!19sChIJ5fgFC9R59xQRFIf2iJJb3yY?authuser=0&hl=ar&g_ep=EgoyMDI2MDkzMC4wIJJjKgBIAVAD&rclk=1,Bagour,ar
Younes Cafe (بن يونس),,"4,9",14,,31.031846,31.3564313,0x14f79d006edffc1d:0xff59f57ee84be0fd,https://www.google.com/maps/place/Younes+Cafe+%28%D8%A8%D9%86+%D9%8A%D9%88%D9%86%D8%B3%29%E2%80%AD/data=!4m7!3m6!1s0x14f79d006edffc1d:0xff59f57ee84be0fd!8m2!3d31.031846!4d31.3564313!16s%2Fg%2F11x6jmzgkx!19sChIJHfzfbgCd9xQR_eBL6H71Wf8?authuser=0&hl=ar&g_ep=EgoyMDI2MDkzMC4wIJJjKgBIAVAD&rclk=1,Bani Ubaid,en
كافيه الخديوي,,"4,5",2,,30.9587396,31.4212251,0x14f79d0aa090c90b:0x8bfea9f365c4dbca,https://www.google.com/maps/place/%D9%83%D8%A7%D9%81%D9%8A%D9%87+%D8%A7%D9%84%D8%AE%D8%AF%D9%8A%D9%88%D9%8A%E2%80%AD/data=!4m7!3m6!1s0x14f79d0aa090c90b:0x8bfea9f365c4dbca!8m2!3d30.9587396!4d31.4212251!16s%2Fg%2F11s0knglnc!19sChIJC8mQoAqd9xQRytvEZfOp_os?authuser=0&hl=ar&g_ep=EgoyMDI2MDkzMC4wIJJjKgBIAVAD&rclk=1,Bagour,en
لوكيشن,,"3,9",434,,30.8810547,31.4557256,0x14f78ffa18c928cb:0x5bdc78e2c45ef959,https://www.google.com/maps/place/%D9%84%D9%88%D9%83%D9%8A%D8%B4%D9%86%E2%80%AD/data=!4m7!3m6!1s0x14f78ffa18c928cb:0x5bdc78e2c45ef959!8m2!3d30.8810547!4d31.4557256!16s%2Fg%2F11csbw0l4c!19sChIJyyjJGPqP9xQRWflexOJ43Fs?authuser=0&hl=ar&g_ep=EgoyMDI2MDkzMC4wIJJjKgBIAVAD&rclk=1,Gamasa_suburb_south,en
لبنان كافيه,,"4,2",39,,31.0159906,31.3884461,0x14f79d5d01d58ed5:0xaf35bac7d8996db6,https://www.google.com/maps/place/%D9%84%D8%A8%D9%86%D8%A7%D9%86+%D9%83%D8%A7%D9%81%D9%8A%D9%87%E2%80%AD/data=!4m7!3m6!1s0x14f79d5d01d58ed5:0xaf35bac7d8996db6!8m2!3d31.0159906!4d31.3884461!16s%2Fg%2F11f661r53w!19sChIJ1Y7VAV2d9xQRtm2Z2Me6Na8?authuser=0&hl=ar&g_ep=EgoyMDI2MDkzMC4wIJJjKgBIAVAD&rclk=1,Bani Ubaid,en
Village Cafe,,,,,31.0409483,31.3784704,0x14f79d002ac8292f:0x29af83cc9f8152d0,https://www.google.com/maps/place/Village+Cafe/data=!4m7!3m6!1s0x14f79d002ac8292f:0x29af83cc9f8152d0!8m2!3d31.0409483!4d31.3784704!16s%2Fg%2F11wbms0h2y!19sChIJLynIKgCd9xQR0FKBn8yDryk?authuser=0&hl=ar&g_ep=EgoyMDI2MDkzMC4wIJJjKgBIAVAD&rclk=1,Bani Ubaid,en
فنجان قهوة,,"4,3",61,,31.0451119,31.3688529,0x14f79dc50d201e35:0x8ae4cfdd2fbd3d,https://www.google.com/maps/place/%D9%81%D9%86%D8%AC%D8%A7%D9%86+%D9%82%D9%87%D9%88%D8%A9%E2%80%AD/data=!4m7!3m6!1s0x14f79dc50d201e35:0x8ae4cfdd2fbd3d!8m2!3d31.0451119!4d31.3688529!16s%2Fg%2F11h64w8rd1!19sChIJNR4gDcWd9xQRPb0v3c_kigA?authuser=0&hl=ar&g_ep=EgoyMDI2MDkzMC4wIJJjKgBIAVAD&rclk=1,Bani Ubaid,en
تاكل ايه ؟,,"4,8",4,,31.045066,31.3671273,0x14f79d1bd04b828d:0xd1861ed5c168f54d,https://www.google.com/maps/place/%D8%AA%D8%A7%D9%83%D9%84+%D8%A7%D9%8A%D9%87+%D8%9F%E2%80%AD/data=!4m7!3m6!1s0x14f79d1bd04b828d:0xd1861ed5c168f54d!8m2!3d31.045066!4d31.3671273!16s%2Fg%2F11ll9vc1hp!19sChIJjYJL0Bud9xQRTfVowdUehtE?authuser=0&hl=ar&g_ep=EgoyMDI2MDkzMC4wIJJjKgBIAVAD&rclk=1,Bani Ubaid,en
مطعم الشرقاوي,,"4,5",31,,31.0242497,31.6467693,0x14f9d5565a0d229d:0xc8f581e7c9efbd5e,https://www.google.com/maps/place/%D9%85%D8%B7%D8%B9%D9%85+%D8%A7%D9%84%D8%B4%D8%B1%D9%82%D8%A7%D9%88%D9%8A%E2%80%AD/data=!4m7!3m6!1s0x14f9d5565a0d229d:0xc8f581e7c9efbd5e!8m2!3d31.0242497!4d31.6467693!16s%2Fg%2F11fhn6ssnx!19sChIJnSINWlbV-RQRXr3vyeeB9cg?authuser=0&hl=ar&g_ep=EgoyMDI2MDkzMC4wIJJjKgBIAVAD&rclk=1,Bani Ubaid,ar
Momento Restaurant & Café,,"4,3",144,,30.97754,31.1756614,0x14f7a35eb13175e5:0x949df44360640c72,https://www.google.com/maps/place/Momento+Restaurant+%26+Caf%C3%A9/data=!4m7!3m6!1s0x14f7a35eb13175e5:0x949df44360640c72!8m2!3d30.97754!4d31.1756614!16s%2Fg%2F11bzs2yr3f!19sChIJ5XUxsV6j9xQRcgxkYEP0nZQ?authuser=0&hl=ar&g_ep=EgoyMDI2MDkzMC4wIJJjKgBIAVAD&rclk=1,Mahalla Damana,ar
Griffin coffee,,"4,5",,,30.9754705,31.1695758,0x14f7a512ea1236e1:0x9cf70ce32ab5cc62,https://www.google.com/maps/place/Griffin+coffee/data=!4m7!3m6!1s0x14f7a512ea1236e1:0x9cf70ce32ab5cc62!8m2!3d30.9754705!4d31.1695758!16s%2Fg%2F11tkb0h9rf!19sChIJ4TYS6hKl9xQRYsy1KuMM95w?authuser=0&hl=ar&g_ep=EgoyMDI2MDkzMC4wIJJjKgBIAVAD&rclk=1,Mahalla Damana,en
Spazio Restaurant & Cafe,,"3,9",,,30.9804606,31.1726393,0x14f7a33aebad7db7:0x1367034bcf2de423,https://www.google.com/maps/place/Spazio+Restaurant+%26+Cafe/data=!4m7!3m6!1s0x14f7a33aebad7db7:0x1367034bcf2de423!8m2!3d30.9804606!4d31.1726393!16s%2Fg%2F11g1lpxhj8!19sChIJt32t6zqj9xQRI-Qtz0sDZxM?authuser=0&hl=ar&g_ep=EgoyMDI2MDkzMC4wIJJjKgBIAVAD&rclk=1,Mahalla Damana,en
مطعم الامانه للمشويات اولاد ابو حامد منيه محله الدمنه,,"4,0",,,31.0772772,31.5022166,0x14f779a348b1b7f7:0xf0f68ea809fbc607,https://www.google.com/maps/place/%D9%85%D8%B7%D8%B9%D9%85+%D8%A7%D9%84%D8%A7%D9%85%D8%A7%D9%86%D9%87+%D9%84%D9%84%D9%85%D8%B4%D9%88%D9%8A%D8%A7%D8%AA+%D8%A7%D9%88%D9%84%D8%A7%D8%AF+%D8%A7%D8%A8%D9%88+%D8%AD%D8%A7%D9%85%D8%AF+%D9%85%D9%86%D9%8A%D9%87+%D9%85%D8%AD%D9%84%D9%87+%D8%A7%D9%84%D8%AF%D9%85%D9%86%D9%87%E2%80%AD/data=!4m7!3m6!1s0x14f779a348b1b7f7:0xf0f68ea809fbc607!8m2!3d31.0772772!4d31.50,Mahalla Damana,en
"بلبن ""فرع المحلة الكبرى""",,"3,5",,,30.9752718,31.1740195,0x14f7a3869f343147:0xf8fbfc624367ea1a,https://www.google.com/maps/place/%D8%A8%D9%84%D8%A8%D9%86+%22%D9%81%D8%B1%D8%B9+%D8%A7%D9%84%D9%85%D8%AD%D9%84%D8%A9+%D8%A7%D9%84%D9%83%D8%A8%D8%B1%D9%89%22%E2%80%AD/data=!4m7!3m6!1s0x14f7a3869f343147:0xf8fbfc624367ea1a!8m2!3d30.9752718!4d31.1740195!16s%2Fg%2F11stqr772l!19sChIJRzE0n4aj9xQRGupnQ2L8-_g?authuser=0&hl=ar&g_ep=EgoyMDI2MDkzMC4wIJJjKgBIAVAD&rclk=1,Mahalla Damana,en
Panda Restaurant & Cafe,,"3,2",,,30.9696706,31.168083,0x14f7a5a4f202e46d:0x68ec053636f633e5,https://www.google.com/maps/place/Panda+Restaurant+%26+Cafe/data=!4m7!3m6!1s0x14f7a5a4f202e46d:0x68ec053636f633e5!8m2!3d30.9696706!4d31.168083!16s%2Fg%2F11vf01phhv!19sChIJbeQC8qSl9xQR5TP2NjYF7Gg?authuser=0&hl=ar&g_ep=EgoyMDI2MDkzMC4wIJJjKgBIAVAD&rclk=1,Mahalla Damana,en
خالتى فرنسا كافيه,,"4,0",544,,30.9729848,31.169589,0x14f7a4a81295ff4f:0xe0e50daf9c81d8e9,https://www.google.com/maps/place/%D8%AE%D8%A7%D9%84%D8%AA%D9%89+%D9%81%D8%B1%D9%86%D8%B3%D8%A7+%D9%83%D8%A7%D9%81%D9%8A%D9%87%E2%80%AD/data=!4m7!3m6!1s0x14f7a4a81295ff4f:0xe0e50daf9c81d8e9!8m2!3d30.9729848!4d31.169589!16s%2Fg%2F11cmz62n3x!19sChIJT_-VEqik9xQR6diBnK8N5eA?authuser=0&hl=ar&g_ep=EgoyMDI2MDkzMC4wIJJjKgBIAVAD&rclk=1,Mahalla Damana,en
Casa Rosa Resturant,,"4,1",332,,30.9748428,31.1735287,0x14f7a35901fa9d87:0xe2f1d43074f3179f,https://www.google.com/maps/place/Casa+Rosa+Resturant/data=!4m7!3m6!1s0x14f7a35901fa9d87:0xe2f1d43074f3179f!8m2!3d30.9748428!4d31.1735287!16s%2Fg%2F11hcw730y_!19sChIJh536AVmj9xQRnxfzdDDU8eI?authuser=0&hl=ar&g_ep=EgoyMDI2MDkzMC4wIJJjKgBIAVAD&rclk=1,Mahalla Damana,en
حلمى عسليه,,"4,1",19,,31.389203,31.4956248,0x14f75d3a92a3db25:0x3fdeaa063ac2f37b,https://www.google.com/maps/place/%D8%AD%D9%84%D9%85%D9%89+%D8%B9%D8%B3%D9%84%D9%8A%D9%87%E2%80%AD/data=!4m7!3m6!1s0x14f75d3a92a3db25:0x3fdeaa063ac2f37b!8m2!3d31.389203!4d31.4956248!16s%2Fg%2F11pwx8gh9f!19sChIJJdujkjpd9xQRe_PCOgaq3j8?authuser=0&hl=ar&g_ep=EgoyMDI2MDkzMC4wIJJjKgBIAVAD&rclk=1,Mit Salsil,en
مطعم ابوالخير فرع إدارة شركة مصر,,"5,0",15,,30.9667615,31.1705728,0x14f7a5ba51fb15db:0xde2516d23017f099,https://www.google.com/maps/place/%D9%85%D8%B7%D8%B9%D9%85+%D8%A7%D8%A8%D9%88%D8%A7%D9%84%D8%AE%D9%8A%D8%B1+%D9%81%D8%B1%D8%B9+%D8%A5%D8%AF%D8%A7%D8%B1%D8%A9+%D8%B4%D8%B1%D9%83%D8%A9+%D9%85%D8%B5%D8%B1%E2%80%AD/data=!4m7!3m6!1s0x14f7a5ba51fb15db:0xde2516d23017f099!8m2!3d30.9667615!4d31.1705728!16s%2Fg%2F11y0rgrwk4!19sChIJ2xX7Ubql9xQRmfAXMNIWJd4?authuser=0&hl=ar&g_ep=EgoyMDI2MDkzMC4wIJJjKgBIAVAD&rc,Mahalla Damana,en
المحمدى بيت الكباب,,"4,2",3579,,31.0502369,31.3988946,0x14f79d9e17af971f:0x9124c5d523813aae,https://www.google.com/maps/place/%D8%A7%D9%84%D9%85%D8%AD%D9%85%D8%AF%D9%89+%D8%A8%D9%8A%D8%AA+%D8%A7%D9%84%D9%83%D8%A8%D8%A7%D8%A8%E2%80%AD/data=!4m7!3m6!1s0x14f79d9e17af971f:0x9124c5d523813aae!8m2!3d31.0502369!4d31.3988946!16s%2Fg%2F11c575f4_v!19sChIJH5evF56d9xQRrjqBI9XFJJE?authuser=0&hl=ar&g_ep=EgoyMDI2MDkzMC4wIJJjKgBIAVAD&rclk=1,Mahalla Damana,ar
حلوانى الرضا - فايف استارز,,"4,4",490,,31.0329173,31.3568999,0x14f79dd1a46afc07:0x67eb55c06a4d9555,https://www.google.com/maps/place/%D8%AD%D9%84%D9%88%D8%A7%D9%86%D9%89+%D8%A7%D9%84%D8%B1%D8%B6%D8%A7+-+%D9%81%D8%A7%D9%8A%D9%81+%D8%A7%D8%B3%D8%AA%D8%A7%D8%B1%D8%B2%E2%80%AD/data=!4m7!3m6!1s0x14f79dd1a46afc07:0x67eb55c06a4d9555!8m2!3d31.0329173!4d31.3568999!16s%2Fg%2F11h38wtns0!19sChIJB_xqpNGd9xQRVZVNasBV62c?authuser=0&hl=ar&g_ep=EgoyMDI2MDkzMC4wIJJjKgBIAVAD&rclk=1,Mahalla Damana,ar
مقهى ومطعم أولا,,"3,8",83,,30.9678573,31.1688965,0x14f7a4aa369d2513:0x4fa4c6def2edd2c9,https://www.google.com/maps/place/%D9%85%D9%82%D9%87%D9%89+%D9%88%D9%85%D8%B7%D8%B9%D9%85+%D8%A3%D9%88%D9%84%D8%A7%E2%80%AD/data=!4m7!3m6!1s0x14f7a4aa369d2513:0x4fa4c6def2edd2c9!8m2!3d30.9678573!4d31.1688965!16s%2Fg%2F11gb3mjj3j!19sChIJEyWdNqqk9xQRydLt8t7GpE8?authuser=0&hl=ar&g_ep=EgoyMDI2MDkzMC4wIJJjKgBIAVAD&rclk=1,Mahalla Damana,en
فسخانستا,,"4,3",117,,30.9755828,31.1674983,0x14f7a5ff857611d5:0xe57eb174490ab1ce,https://www.google.com/maps/place/%D9%81%D8%B3%D8%AE%D8%A7%D9%86%D8%B3%D8%AA%D8%A7%E2%80%AD/data=!4m7!3m6!1s0x14f7a5ff857611d5:0xe57eb174490ab1ce!8m2!3d30.9755828!4d31.1674983!16s%2Fg%2F11nlfvtc7d!19sChIJ1RF2hf-l9xQRzrEKSXSxfuU?authuser=0&hl=ar&g_ep=EgoyMDI2MDkzMC4wIJJjKgBIAVAD&rclk=1,Mahalla Damana,en
جرين كورنر - المحله الكبرى Green Corner,,"4,1",31,,30.967955,31.1664178,0x14f7a5d72679d411:0x807d9d1d0f686f86,https://www.google.com/maps/place/%D8%AC%D8%B1%D9%8A%D9%86+%D9%83%D9%88%D8%B1%D9%86%D8%B1+-+%D8%A7%D9%84%D9%85%D8%AD%D9%84%D9%87+%D8%A7%D9%84%D9%83%D8%A8%D8%B1%D9%89+Green+Corner%E2%80%AD/data=!4m7!3m6!1s0x14f7a5d72679d411:0x807d9d1d0f686f86!8m2!3d30.967955!4d31.1664178!16s%2Fg%2F11t4k7sf2_!19sChIJEdR5Jtel9xQRhm9oDx2dfYA?authuser=0&hl=ar&g_ep=EgoyMDI2MDkzMC4wIJJjKgBIAVAD&rclk=1,Mahalla Damana,en
مطاعم البغل الكبرى فرع الحنفي,,"3,8",3512,,30.9719829,31.1669264,0x14f7a4a8e05574ff:0x8e21c4923aedd60d,https://www.google.com/maps/place/%D9%85%D8%B7%D8%A7%D8%B9%D9%85+%D8%A7%D9%84%D8%A8%D8%BA%D9%84+%D8%A7%D9%84%D9%83%D8%A8%D8%B1%D9%89+%D9%81%D8%B1%D8%B9+%D8%A7%D9%84%D8%AD%D9%86%D9%81%D9%8A%E2%80%AD/data=!4m7!3m6!1s0x14f7a4a8e05574ff:0x8e21c4923aedd60d!8m2!3d30.9719829!4d31.1669264!16s%2Fg%2F1hdz8g7g3!19sChIJ_3RV4Kik9xQRDdbtOpLEIY4?authuser=0&hl=ar&g_ep=EgoyMDI2MDkzMC4wIJJjKgBIAVAD&rclk=1,Mahalla Damana,en
Elbhnsy Cafe,,"4,3",21,,30.9724606,31.1730546,0x14f7a321fa37d731:0xe719ef8fcff4cb25,https://www.google.com/maps/place/Elbhnsy+Cafe/data=!4m7!3m6!1s0x14f7a321fa37d731:0xe719ef8fcff4cb25!8m2!3d30.9724606!4d31.1730546!16s%2Fg%2F11gt_vvwdx!19sChIJMdc3-iGj9xQRJcv0z4_vGec?authuser=0&hl=ar&g_ep=EgoyMDI2MDkzMC4wIJJjKgBIAVAD&rclk=1,Mahalla Damana,en
مطعم ميدان المحطة,,"4,0",4,,30.9419028,31.2926825,0x14f79942f03aea6d:0xc175ae7eb9517343,https://www.google.com/maps/place/%D9%85%D8%B7%D8%B9%D9%85+%D9%85%D9%8A%D8%AF%D8%A7%D9%86+%D8%A7%D9%84%D9%85%D8%AD%D8%B7%D8%A9%E2%80%AD/data=!4m7!3m6!1s0x14f79942f03aea6d:0xc175ae7eb9517343!8m2!3d30.9419028!4d31.2926825!16s%2Fg%2F11qh8dv750!19sChIJbeo68EKZ9xQRQ3NRuX6udcE?authuser=0&hl=ar&g_ep=EgoyMDI2MDkzMC4wIJJjKgBIAVAD&rclk=1,Mahalla Damana,en
سمسمه ساندوتش,,"4,4",24,,30.9690233,31.1672012,0x14f7a554b5cfa8f9:0x4454a515e27a467b,https://www.google.com/maps/place/%D8%B3%D9%85%D8%B3%D9%85%D9%87+%D8%B3%D8%A7%D9%86%D8%AF%D9%88%D8%AA%D8%B4%E2%80%AD/data=!4m7!3m6!1s0x14f7a554b5cfa8f9:0x4454a515e27a467b!8m2!3d30.9690233!4d31.1672012!16s%2Fg%2F11qp3hljnl!19sChIJ-ajPtVSl9xQRe0Z64hWlVEQ?authuser=0&hl=ar&g_ep=EgoyMDI2MDkzMC4wIJJjKgBIAVAD&rclk=1,Mahalla Damana,en
بلبن,,"3,0",2,,30.9696706,31.168083,0x14f7a5005934f87b:0xb11336e234d53824,https://www.google.com/maps/place/%D8%A8%D9%84%D8%A8%D9%86%E2%80%AD/data=!4m7!3m6!1s0x14f7a5005934f87b:0xb11336e234d53824!8m2!3d30.9696706!4d31.168083!16s%2Fg%2F11ywgtyxtd!19sChIJe_g0WQCl9xQRJDjVNOI2E7E?authuser=0&hl=ar&g_ep=EgoyMDI2MDkzMC4wIJJjKgBIAVAD&rclk=1,Mahalla Damana,en
Happy hour playstation & cafe,,"3,8",4,,31.0755519,31.4824495,0x14f779793e632019:0x5209555669ddc384,https://www.google.com/maps/place/Happy+hour+playstation+%26+cafe/data=!4m7!3m6!1s0x14f779793e632019:0x5209555669ddc384!8m2!3d31.0755519!4d31.4824495!16s%2Fg%2F11jyls029w!19sChIJGSBjPnl59xQRhMPdaVZVCVI?authuser=0&hl=ar&g_ep=EgoyMDI2MDkzMC4wIJJjKgBIAVAD&rclk=1,Mahalla Damana,ar
مضيفة ياسر الفرحاتى,,"4,0",140,,31.0786036,31.4924236,0x14f778ff46aec557:0x5f9fbd7ffd694e8d,https://www.google.com/maps/place/%D9%85%D8%B6%D9%8A%D9%81%D8%A9+%D9%8A%D8%A7%D8%B3%D8%B1+%D8%A7%D9%84%D9%81%D8%B1%D8%AD%D8%A7%D8%AA%D9%89%E2%80%AD/data=!4m7!3m6!1s0x14f778ff46aec557:0x5f9fbd7ffd694e8d!8m2!3d31.0786036!4d31.4924236!16s%2Fg%2F12qfljc2c!19sChIJV8WuRv949xQRjU5p_X-9n18?authuser=0&hl=ar&g_ep=EgoyMDI2MDkzMC4wIJJjKgBIAVAD&rclk=1,Mahalla Damana,ar
مطعم النخيل,,"4,3",422,,31.0425292,31.3394807,0x14f79fd60fd24441:0x165af153b0ecddd9,https://www.google.com/maps/place/%D9%85%D8%B7%D8%B9%D9%85+%D8%A7%D9%84%D9%86%D8%AE%D9%8A%D9%84%E2%80%AD/data=!4m7!3m6!1s0x14f79fd60fd24441:0x165af153b0ecddd9!8m2!3d31.0425292!4d31.3394807!16s%2Fg%2F11j1jm7y12!19sChIJQUTSD9af9xQR2d3ssFPxWhY?authuser=0&hl=ar&g_ep=EgoyMDI2MDkzMC4wIJJjKgBIAVAD&rclk=1,Bagour,ar
سلسلة مطاعم أبناء المحله الكبرى,,"4,3",29,,30.8740303,31.2572344,0x14f7bd3d9c21de25:0x1b482d1369c7b93f,https://www.google.com/maps/place/%D8%B3%D9%84%D8%B3%D9%84%D8%A9+%D9%85%D8%B7%D8%A7%D8%B9%D9%85+%D8%A3%D8%A8%D9%86%D8%A7%D8%A1+%D8%A7%D9%84%D9%85%D8%AD%D9%84%D9%87+%D8%A7%D9%84%D9%83%D8%A8%D8%B1%D9%89%E2%80%AD/data=!4m7!3m6!1s0x14f7bd3d9c21de25:0x1b482d1369c7b93f!8m2!3d30.8740303!4d31.2572344!16s%2Fg%2F11llw6hj8y!19sChIJJd4hnD299xQRP7nHaRMtSBs?authuser=0&hl=ar&g_ep=EgoyMDI2MDkzMC4wIJJjKgBIAVAD&rcl,Mahalla Damana,ar
بنت السلطان كافيه,,"4,6",8,,30.960146,31.248027,0x14f7a3fcd8cbf65b:0xfcccb4f853398d25,https://www.google.com/maps/place/%D8%A8%D9%86%D8%AA+%D8%A7%D9%84%D8%B3%D9%84%D8%B7%D8%A7%D9%86+%D9%83%D8%A7%D9%81%D9%8A%D9%87%E2%80%AD/data=!4m7!3m6!1s0x14f7a3fcd8cbf65b:0xfcccb4f853398d25!8m2!3d30.960146!4d31.248027!16s%2Fg%2F11jdfc29lw!19sChIJW_bL2Pyj9xQRJY05U_i0zPw?authuser=0&hl=ar&g_ep=EgoyMDI2MDkzMC4wIJJjKgBIAVAD&rclk=1,Mahalla Damana,ar
المشايه الجديده,,"4,7",6,,31.050801,31.3948004,0x14f79d0021d5eac7:0x423cec7c877d7919,https://www.google.com/maps/place/%D8%A7%D9%84%D9%85%D8%B4%D8%A7%D9%8A%D9%87+%D8%A7%D9%84%D8%AC%D8%AF%D9%8A%D8%AF%D9%87%E2%80%AD/data=!4m7!3m6!1s0x14f79d0021d5eac7:0x423cec7c877d7919!8m2!3d31.050801!4d31.3948004!16s%2Fg%2F11mygdx56h!19sChIJx-rVIQCd9xQRGXl9h3zsPEI?authuser=0&hl=ar&g_ep=EgoyMDI2MDkzMC4wIJJjKgBIAVAD&rclk=1,Mahalla Damana,ar
شرقي حي الجامعة,,"3,7",160,,31.0367763,31.3604307,0x14f79d691095539b:0x11ce26573026f936,https://www.google.com/maps/place/%D8%B4%D8%B1%D9%82%D9%8A+%D8%AD%D9%8A+%D8%A7%D9%84%D8%AC%D8%A7%D9%85%D8%B9%D8%A9%E2%80%AD/data=!4m7!3m6!1s0x14f79d691095539b:0x11ce26573026f936!8m2!3d31.0367763!4d31.3604307!16s%2Fg%2F11s_szs345!19sChIJm1OVEGmd9xQRNvkmMFcmzhE?authuser=0&hl=ar&g_ep=EgoyMDI2MDkzMC4wIJJjKgBIAVAD&rclk=1,Mahalla Damana,ar
727 Cafe,,"4,8",12,,31.1673125,31.8082921,0x14f9db002b2e020d:0x5dd79a70a661309a,https://www.google.com/maps/place/727+Cafe/data=!4m7!3m6!1s0x14f9db002b2e020d:0x5dd79a70a661309a!8m2!3d31.1673125!4d31.8082921!16s%2Fg%2F11xw75y_6_!19sChIJDQIuKwDb-RQRmjBhpnCa110?authuser=0&hl=ar&g_ep=EgoyMDI2MDkzMC4wIJJjKgBIAVAD&rclk=1,Mit Salsil,en
مطعم برستو,,"4,0",4,,31.1670837,31.799795,0x14f9db7c8c6b3d7f:0x308ac67da8adb4ea,https://www.google.com/maps/place/%D9%85%D8%B7%D8%B9%D9%85+%D8%A8%D8%B1%D8%B3%D8%AA%D9%88%E2%80%AD/data=!4m7!3m6!1s0x14f9db7c8c6b3d7f:0x308ac67da8adb4ea!8m2!3d31.1670837!4d31.799795!16s%2Fg%2F11z3p0bdnd!19sChIJfz1rjHzb-RQR6rStqH3GijA?authuser=0&hl=ar&g_ep=EgoyMDI2MDkzMC4wIJJjKgBIAVAD&rclk=1,Mit Salsil,en
مطعم جميرا jumeirah restaurant,,"4,1",55,,31.1759465,31.8576818,0x14f9c50050b899cb:0xda30f3fab93570c0,https://www.google.com/maps/place/%D9%85%D8%B7%D8%B9%D9%85+%D8%AC%D9%85%D9%8A%D8%B1%D8%A7+jumeirah+restaurant%E2%80%AD/data=!4m7!3m6!1s0x14f9c50050b899cb:0xda30f3fab93570c0!8m2!3d31.1759465!4d31.8576818!16s%2Fg%2F11m5r6rqv5!19sChIJy5m4UADF-RQRwHA1ufrzMNo?authuser=0&hl=ar&g_ep=EgoyMDI2MDkzMC4wIJJjKgBIAVAD&rclk=1,Mit Salsil,en
مطعم وكافيه مكاني,,"4,4",87,,31.1667626,31.7723969,0x14f9db50f5ec8087:0x3449828eb9c4603c,https://www.google.com/maps/place/%D9%85%D8%B7%D8%B9%D9%85+%D9%88%D9%83%D8%A7%D9%81%D9%8A%D9%87+%D9%85%D9%83%D8%A7%D9%86%D9%8A%E2%80%AD/data=!4m7!3m6!1s0x14f9db50f5ec8087:0x3449828eb9c4603c!8m2!3d31.1667626!4d31.7723969!16s%2Fg%2F11s2cdq5yy!19sChIJh4Ds9VDb-RQRPGDEuY6CSTQ?authuser=0&hl=ar&g_ep=EgoyMDI2MDkzMC4wIJJjKgBIAVAD&rclk=1,Mit Salsil,en
اتش كافيه,,"4,4",82,,30.9793462,31.3011975,0x14f798fb3616f58f:0x794b235374dd24a,https://www.google.com/maps/place/%D8%A7%D8%AA%D8%B4+%D9%83%D8%A7%D9%81%D9%8A%D9%87%E2%80%AD/data=!4m7!3m6!1s0x14f798fb3616f58f:0x794b235374dd24a!8m2!3d30.9793462!4d31.3011975!16s%2Fg%2F11fy_4b7sn!19sChIJj_UWNvuY9xQRStJNNzWylAc?authuser=0&hl=ar&g_ep=EgoyMDI2MDkzMC4wIJJjKgBIAVAD&rclk=1,Bagour,en
Mocca café,,"4,4",34,,31.1784002,31.8566326,0x14f9c527e3aadf11:0x53b8b8c98bf9cf88,https://www.google.com/maps/place/Mocca+caf%C3%A9/data=!4m7!3m6!1s0x14f9c527e3aadf11:0x53b8b8c98bf9cf88!8m2!3d31.1784002!4d31.8566326!16s%2Fg%2F11nntpqgpr!19sChIJEd-q4yfF-RQRiM_5i8m4uFM?authuser=0&hl=ar&g_ep=EgoyMDI2MDkzMC4wIJJjKgBIAVAD&rclk=1,Mit Salsil,en
Roast N' Toast Specialty Coffee,,"4,8",573,,30.6203286,32.2854052,0x14f859003529d307:0x2684d0a785090221,https://www.google.com/maps/place/Roast+N%27+Toast+Specialty+Coffee/data=!4m7!3m6!1s0x14f859003529d307:0x2684d0a785090221!8m2!3d30.6203286!4d32.2854052!16s%2Fg%2F11wwzmmjk_!19sChIJB9MpNQBZ-BQRIQIJhafQhCY?authuser=0&hl=ar&g_ep=EgoyMDI2MDkzMC4wIJJjKgBIAVAD&rclk=1,Mit Salsil,en
مجضصج,,"5,0",1,,30.8785101,31.4656981,0x14f78fcde9d0a2b7:0x737766315929c7cb,https://www.google.com/maps/place/%D9%85%D8%AC%D8%B6%D8%B5%D8%AC%E2%80%AD/data=!4m7!3m6!1s0x14f78fcde9d0a2b7:0x737766315929c7cb!8m2!3d30.8785101!4d31.4656981!16s%2Fg%2F11krc2vnpy!19sChIJt6LQ6c2P9xQRy8cpWTFmd3M?authuser=0&hl=ar&g_ep=EgoyMDI2MDkzMC4wIJJjKgBIAVAD&rclk=1,Mit Salsil,en
اوريجانو,,"4,2",855,,31.0612107,31.4023148,0x14f79d7f295f08cb:0xe64526b4fa59504c,https://www.google.com/maps/place/%D8%A7%D9%88%D8%B1%D9%8A%D8%AC%D8%A7%D9%86%D9%88%E2%80%AD/data=!4m7!3m6!1s0x14f79d7f295f08cb:0xe64526b4fa59504c!8m2!3d31.0612107!4d31.4023148!16s%2Fg%2F11cmt27r0n!19sChIJywhfKX-d9xQRTFBZ-rQmReY?authuser=0&hl=ar&g_ep=EgoyMDI2MDkzMC4wIJJjKgBIAVAD&rclk=1,Mit Salsil,en
الخيمة ريزورت _ Alkhima Resort,,"4,0",835,,30.8820987,31.2727318,0x14f7979e08b61bef:0x4bece1e552d9c523,https://www.google.com/maps/place/%D8%A7%D9%84%D8%AE%D9%8A%D9%85%D8%A9+%D8%B1%D9%8A%D8%B2%D9%88%D8%B1%D8%AA+_+Alkhima+Resort%E2%80%AD/data=!4m7!3m6!1s0x14f7979e08b61bef:0x4bece1e552d9c523!8m2!3d30.8820987!4d31.2727318!16s%2Fg%2F11gtcwhyrj!19sChIJ7xu2CJ6X9xQRI8XZUuXh7Es?authuser=0&hl=ar&g_ep=EgoyMDI2MDkzMC4wIJJjKgBIAVAD&rclk=1,Mit Salsil,ar
الباتيو مول & ملاهي أطفال & عيادات طبية & كافيهات و مطاعم,,"4,6",11,,30.7675382,31.3409341,0x14f7950005ea6183:0x6bd44ae2e19f9228,https://www.google.com/maps/place/%D8%A7%D9%84%D8%A8%D8%A7%D8%AA%D9%8A%D9%88+%D9%85%D9%88%D9%84+%26+%D9%85%D9%84%D8%A7%D9%87%D9%8A+%D8%A3%D8%B7%D9%81%D8%A7%D9%84+%26+%D8%B9%D9%8A%D8%A7%D8%AF%D8%A7%D8%AA+%D8%B7%D8%A8%D9%8A%D8%A9+%26+%D9%83%D8%A7%D9%81%D9%8A%D9%87%D8%A7%D8%AA+%D9%88+%D9%85%D8%B7%D8%A7%D8%B9%D9%85%E2%80%AD/data=!4m7!3m6!1s0x14f7950005ea6183:0x6bd44ae2e19f9228!8m2!3d30.7675382!4d31.34,Mit Salsil,ar
Tanda Cafe Karim,,"4,4",103,,30.8543527,31.6511258,0x14f8279d746580af:0x4146ee3ec874f24,https://www.google.com/maps/place/Tanda+Cafe+Karim/data=!4m7!3m6!1s0x14f8279d746580af:0x4146ee3ec874f24!8m2!3d30.8543527!4d31.6511258!16s%2Fg%2F11mvzw584c!19sChIJr4BldJ0n-BQRJE-H7ONuFAQ?authuser=0&hl=ar&g_ep=EgoyMDI2MDkzMC4wIJJjKgBIAVAD&rclk=1,Mit Salsil,ar
كافية الشاذلي,,"3,7",3,,30.8844105,31.4607128,0x14f78f2de7247a65:0x9dc52c9fcc88a678,https://www.google.com/maps/place/%D9%83%D8%A7%D9%81%D9%8A%D8%A9+%D8%A7%D9%84%D8%B4%D8%A7%D8%B0%D9%84%D9%8A%E2%80%AD/data=!4m7!3m6!1s0x14f78f2de7247a65:0x9dc52c9fcc88a678!8m2!3d30.8844105!4d31.4607128!16s%2Fg%2F11rnb644z9!19sChIJZXok5y2P9xQReKaIzJ8sxZ0?authuser=0&hl=ar&g_ep=EgoyMDI2MDkzMC4wIJJjKgBIAVAD&rclk=1,Mit Salsil,ar
Cafe,,"5,0",,,31.1798548,31.4534135,0x14f77b005aca2f19:0x7030ffae4b9c0737,https://www.google.com/maps/place/Cafe/data=!4m7!3m6!1s0x14f77b005aca2f19:0x7030ffae4b9c0737!8m2!3d31.1798548!4d31.4534135!16s%2Fg%2F11ww6p233r!19sChIJGS_KWgB79xQRNwecS67_MHA?authuser=0&hl=ar&g_ep=EgoyMDI2MDkzMC4wIJJjKgBIAVAD&rclk=1,Gamasa_suburb_south,en
Level Rest & Cafè,,"4,7",9,,30.9529581,31.2625932,0x14f7a3ca3fb82bcb:0x5b338d76d269cb47,https://www.google.com/maps/place/Level+Rest+%26+Caf%C3%A8/data=!4m7!3m6!1s0x14f7a3ca3fb82bcb:0x5b338d76d269cb47!8m2!3d30.9529581!4d31.2625932!16s%2Fg%2F11rhz1hjwl!19sChIJyyu4P8qj9xQRR8tp0naNM1s?authuser=0&hl=ar&g_ep=EgoyMDI2MDkzMC4wIJJjKgBIAVAD&rclk=1,Bagour,en
Toca Boca Restaurant,,"3,9",13,,31.0311161,31.3918103,0x14f79d55e6230ca9:0x9cb928980ed76c1d,https://www.google.com/maps/place/Toca+Boca+Restaurant/data=!4m7!3m6!1s0x14f79d55e6230ca9:0x9cb928980ed76c1d!8m2!3d31.0311161!4d31.3918103!16s%2Fg%2F11yntp6kcq!19sChIJqQwj5lWd9xQRHWzXDpgouZw?authuser=0&hl=ar&g_ep=EgoyMDI2MDkzMC4wIJJjKgBIAVAD&rclk=1,Bagour,en
دعبس,,,,,30.8086015,31.4613725,0x14f78fa9cb0b5999:0xc2a8d7b70c3b982e,https://www.google.com/maps/place/%D8%AF%D8%B9%D8%A8%D8%B3%E2%80%AD/data=!4m7!3m6!1s0x14f78fa9cb0b5999:0xc2a8d7b70c3b982e!8m2!3d30.8086015!4d31.4613725!16s%2Fg%2F11yrwnnn_w!19sChIJmVkLy6mP9xQRLpg7DLfXqMI?authuser=0&hl=ar&g_ep=EgoyMDI2MDkzMC4wIJJjKgBIAVAD&rclk=1,Gamasa_suburb_south,en
la vie cafee,,"4,4",40,,31.03181,31.3997361,0x14f79d54ddb4b63b:0xae786785e5523abe,https://www.google.com/maps/place/la+vie+cafee/data=!4m7!3m6!1s0x14f79d54ddb4b63b:0xae786785e5523abe!8m2!3d31.03181!4d31.3997361!16s%2Fg%2F11gxvs3lb5!19sChIJO7a03VSd9xQRvjpS5YVneK4?authuser=0&hl=ar&g_ep=EgoyMDI2MDkzMC4wIJJjKgBIAVAD&rclk=1,Bagour,ar
stasia restaurant and café,,"4,0",158,,31.0462028,31.3536343,0x14f79ff58659a7ff:0x817d5d43e68ef956,https://www.google.com/maps/place/stasia+restaurant+and+caf%C3%A9/data=!4m7!3m6!1s0x14f79ff58659a7ff:0x817d5d43e68ef956!8m2!3d31.0462028!4d31.3536343!16s%2Fg%2F11qh0__l26!19sChIJ_6dZhvWf9xQRVvmO5kNdfYE?authuser=0&hl=ar&g_ep=EgoyMDI2MDkzMC4wIJJjKgBIAVAD&rclk=1,Bagour,ar
La Familia Cafe,,"4,2",90,,31.05667,31.403881,0x14f79dade1e0f2e7:0xccd535dd2b3a9c42,https://www.google.com/maps/place/La+Familia+Cafe/data=!4m7!3m6!1s0x14f79dade1e0f2e7:0xccd535dd2b3a9c42!8m2!3d31.05667!4d31.403881!16s%2Fg%2F11h15xz_kq!19sChIJ5_Lg4a2d9xQRQpw6K9011cw?authuser=0&hl=ar&g_ep=EgoyMDI2MDkzMC4wIJJjKgBIAVAD&rclk=1,Bagour,ar
Vero Cafe,,"3,7",21,,31.0594282,31.4136383,0x14f79d630c21c25d:0x539abd452f8a274f,https://www.google.com/maps/place/Vero+Cafe/data=!4m7!3m6!1s0x14f79d630c21c25d:0x539abd452f8a274f!8m2!3d31.0594282!4d31.4136383!16s%2Fg%2F11g9s_6jv4!19sChIJXcIhDGOd9xQRTyeKL0W9mlM?authuser=0&hl=ar&g_ep=EgoyMDI2MDkzMC4wIJJjKgBIAVAD&rclk=1,Bagour,ar
غرناطة كافيه,,"4,0",90,,31.033378,31.368705,0x14f79c3329195a5d:0x1519305dd86c65cd,https://www.google.com/maps/place/%D8%BA%D8%B1%D9%86%D8%A7%D8%B7%D8%A9+%D9%83%D8%A7%D9%81%D9%8A%D9%87%E2%80%AD/data=!4m7!3m6!1s0x14f79c3329195a5d:0x1519305dd86c65cd!8m2!3d31.033378!4d31.368705!16s%2Fg%2F11ck0z78b7!19sChIJXVoZKTOc9xQRzWVs2F0wGRU?authuser=0&hl=ar&g_ep=EgoyMDI2MDkzMC4wIJJjKgBIAVAD&rclk=1,Bagour,ar
El-mndra,,"3,7",171,,31.0309987,31.3739507,0x14f79c3504916471:0x6fb46e4a54177f53,https://www.google.com/maps/place/El-mndra/data=!4m7!3m6!1s0x14f79c3504916471:0x6fb46e4a54177f53!8m2!3d31.0309987!4d31.3739507!16s%2Fg%2F11dymkzpvc!19sChIJcWSRBDWc9xQRU38XVEputG8?authuser=0&hl=ar&g_ep=EgoyMDI2MDkzMC4wIJJjKgBIAVAD&rclk=1,Bagour,ar
كافيه ملوك الجدعنه,,"4,3",16,,31.024507,31.6505424,0x14f9d51fe45980f7:0xc896b493d3031d4c,https://www.google.com/maps/place/%D9%83%D8%A7%D9%81%D9%8A%D9%87+%D9%85%D9%84%D9%88%D9%83+%D8%A7%D9%84%D8%AC%D8%AF%D8%B9%D9%86%D9%87%E2%80%AD/data=!4m7!3m6!1s0x14f9d51fe45980f7:0xc896b493d3031d4c!8m2!3d31.024507!4d31.6505424!16s%2Fg%2F11r_gdl2tv!19sChIJ94BZ5B_V-RQRTB0D05O0lsg?authuser=0&hl=ar&g_ep=EgoyMDI2MDkzMC4wIJJjKgBIAVAD&rclk=1,Bagour,ar
كافيه ديسباسيتو,,"4,7",29,,30.9527841,31.2587161,0x14f7a3424b50400d:0x1d8a67bd07597854,https://www.google.com/maps/place/%D9%83%D8%A7%D9%81%D9%8A%D9%87+%D8%AF%D9%8A%D8%B3%D8%A8%D8%A7%D8%B3%D9%8A%D8%AA%D9%88%E2%80%AD/data=!4m7!3m6!1s0x14f7a3424b50400d:0x1d8a67bd07597854!8m2!3d30.9527841!4d31.2587161!16s%2Fg%2F11slmzz8hy!19sChIJDUBQS0Kj9xQRVHhZB71nih0?authuser=0&hl=ar&g_ep=EgoyMDI2MDkzMC4wIJJjKgBIAVAD&rclk=1,Bagour,ar
كوفي شوب ومطعم hekaya,,"4,6",22,,31.1412515,31.6370382,0x14f9d75ca29177ff:0x2d4ec48713ae12e3,https://www.google.com/maps/place/%D9%83%D9%88%D9%81%D9%8A+%D8%B4%D9%88%D8%A8+%D9%88%D9%85%D8%B7%D8%B9%D9%85+hekaya%E2%80%AD/data=!4m7!3m6!1s0x14f9d75ca29177ff:0x2d4ec48713ae12e3!8m2!3d31.1412515!4d31.6370382!16s%2Fg%2F11j37bzw6m!19sChIJ_3eRolzX-RQR4xKuE4fETi0?authuser=0&hl=ar&g_ep=EgoyMDI2MDkzMC4wIJJjKgBIAVAD&rclk=1,Bagour,ar
Roof Story Restaurant & cafe,,"4,5",,,31.0245541,31.3940986,0x14f79d07964e1583:0x86fda29c279069b4,https://www.google.com/maps/place/Roof+Story+Restaurant+%26+cafe/data=!4m7!3m6!1s0x14f79d07964e1583:0x86fda29c279069b4!8m2!3d31.0245541!4d31.3940986!16s%2Fg%2F11mwyw652v!19sChIJgxVOlged9xQRtGmQJ5yi_YY?authuser=0&hl=ar&g_ep=EgoyMDI2MDkzMC4wIJJjKgBIAVAD&rclk=1,Gamasa_suburb_south,en
Sava Restaurant & Café,,"3,3",,,31.047604,31.3717802,0x14f79dc34b366915:0xcbe7350fd1859715,https://www.google.com/maps/place/Sava+Restaurant+%26+Caf%C3%A9/data=!4m7!3m6!1s0x14f79dc34b366915:0xcbe7350fd1859715!8m2!3d31.047604!4d31.3717802!16s%2Fg%2F11t_gqypqf!19sChIJFWk2S8Od9xQRFZeF0Q8158s?authuser=0&hl=ar&g_ep=EgoyMDI2MDkzMC4wIJJjKgBIAVAD&rclk=1,Gamasa_suburb_south,en
Cafe and restaurant DAHAB,,,,,30.8810435,31.4549514,0x14f78f0008b75275:0xd020451e080949e4,https://www.google.com/maps/place/Cafe+and+restaurant+DAHAB/data=!4m7!3m6!1s0x14f78f0008b75275:0xd020451e080949e4!8m2!3d30.8810435!4d31.4549514!16s%2Fg%2F11zgt3gxl9!19sChIJdVK3CACP9xQR5EkJCB5FINA?authuser=0&hl=ar&g_ep=EgoyMDI2MDkzMC4wIJJjKgBIAVAD&rclk=1,Gamasa_suburb_south,en
مطعم مشويات لقمة هنية.,,"4,7",25,,31.0754809,31.4834323,0x14f79d34405b869f:0xa64990d9ea2fe480,https://www.google.com/maps/place/%D9%85%D8%B7%D8%B9%D9%85+%D9%85%D8%B4%D9%88%D9%8A%D8%A7%D8%AA+%D9%84%D9%82%D9%85%D8%A9+%D9%87%D9%86%D9%8A%D8%A9.%E2%80%AD/data=!4m7!3m6!1s0x14f79d34405b869f:0xa64990d9ea2fe480!8m2!3d31.0754809!4d31.4834323!16s%2Fg%2F11srv9gjmb!19sChIJn4ZbQDSd9xQRgOQv6tmQSaY?authuser=0&hl=ar&g_ep=EgoyMDI2MDkzMC4wIJJjKgBIAVAD&rclk=1,Gamasa_suburb_south,en
لقمة هنيه,,"5,0",1,,30.9440592,31.2967246,0x14f7994ce817b7d3:0x1d95dd4488b7c4cb,https://www.google.com/maps/place/%D9%84%D9%82%D9%85%D8%A9+%D9%87%D9%86%D9%8A%D9%87%E2%80%AD/data=!4m7!3m6!1s0x14f7994ce817b7d3:0x1d95dd4488b7c4cb!8m2!3d30.9440592!4d31.2967246!16s%2Fg%2F11p15t0j0l!19sChIJ07cX6EyZ9xQRy8S3iETdlR0?authuser=0&hl=ar&g_ep=EgoyMDI2MDkzMC4wIJJjKgBIAVAD&rclk=1,Gamasa_suburb_south,en
لقمة عرب,,"5,0",7,,31.0751178,31.4787553,0x14f7795ca5508b41:0x1a4cdeeed99d3e94,https://www.google.com/maps/place/%D9%84%D9%82%D9%85%D8%A9+%D8%B9%D8%B1%D8%A8%E2%80%AD/data=!4m7!3m6!1s0x14f7795ca5508b41:0x1a4cdeeed99d3e94!8m2!3d31.0751178!4d31.4787553!16s%2Fg%2F11msrzn542!19sChIJQYtQpVx59xQRlD6d2e7eTBo?authuser=0&hl=ar&g_ep=EgoyMDI2MDkzMC4wIJJjKgBIAVAD&rclk=1,Gamasa_suburb_south,en
مطعم إلمو,,"4,2",707,,31.0414801,31.3644399,0x14f79d2038274701:0xaf8e80fd10049c15,https://www.google.com/maps/place/%D9%85%D8%B7%D8%B9%D9%85+%D8%A5%D9%84%D9%85%D9%88%E2%80%AD/data=!4m7!3m6!1s0x14f79d2038274701:0xaf8e80fd10049c15!8m2!3d31.0414801!4d31.3644399!16s%2Fg%2F11gmyvkswr!19sChIJAUcnOCCd9xQRFZwEEP2Ajq8?authuser=0&hl=ar&g_ep=EgoyMDI2MDkzMC4wIJJjKgBIAVAD&rclk=1,Gamasa_suburb_south,en
Garden Cafee / Restaurant,,"4,3",8,,31.0536497,31.3593756,0x14f79d4c8444db95:0x500e05ca260f5c58,https://www.google.com/maps/place/Garden+Cafee+%2F+Restaurant/data=!4m7!3m6!1s0x14f79d4c8444db95:0x500e05ca260f5c58!8m2!3d31.0536497!4d31.3593756!16s%2Fg%2F11j492wncc!19sChIJldtEhEyd9xQRWFwPJsoFDlA?authuser=0&hl=ar&g_ep=EgoyMDI2MDkzMC4wIJJjKgBIAVAD&rclk=1,Gamasa_suburb_south,en
KING HOUSE &COFFEE& RESTAURANT,,"4,4",9,,31.1769989,31.8664345,0x14f9c5004fba2739:0xe33bcad7111f5ec2,https://www.google.com/maps/place/KING+HOUSE+%26COFFEE%26+RESTAURANT/data=!4m7!3m6!1s0x14f9c5004fba2739:0xe33bcad7111f5ec2!8m2!3d31.1769989!4d31.8664345!16s%2Fg%2F11w4ybx5ts!19sChIJOSe6TwDF-RQRwl4fEdfKO-M?authuser=0&hl=ar&g_ep=EgoyMDI2MDkzMC4wIJJjKgBIAVAD&rclk=1,Gamasa_suburb_south,en
تشيكن هيل السنبلاوين,,"3,9",12,,30.8794581,31.4583301,0x14f78f7190b48235:0x8223a4a4d505e322,https://www.google.com/maps/place/%D8%AA%D8%B4%D9%8A%D9%83%D9%86+%D9%87%D9%8A%D9%84+%D8%A7%D9%84%D8%B3%D9%86%D8%A8%D9%84%D8%A7%D9%88%D9%8A%D9%86%E2%80%AD/data=!4m7!3m6!1s0x14f78f7190b48235:0x8223a4a4d505e322!8m2!3d30.8794581!4d31.4583301!16s%2Fg%2F11sg8j607m!19sChIJNYK0kHGP9xQRIuMF1aSkI4I?authuser=0&hl=ar&g_ep=EgoyMDI2MDkzMC4wIJJjKgBIAVAD&rclk=1,Gamasa_suburb_south,en
تشيكن كيكرز,,"4,1",440,,31.0527813,31.4024258,0x14f79d54113f9bbf:0xfb38442111c1820a,https://www.google.com/maps/place/%D8%AA%D8%B4%D9%8A%D9%83%D9%86+%D9%83%D9%8A%D9%83%D8%B1%D8%B2%E2%80%AD/data=!4m7!3m6!1s0x14f79d54113f9bbf:0xfb38442111c1820a!8m2!3d31.0527813!4d31.4024258!16s%2Fg%2F11tjztfq4z!19sChIJv5s_EVSd9xQRCoLBESFEOPs?authuser=0&hl=ar&g_ep=EgoyMDI2MDkzMC4wIJJjKgBIAVAD&rclk=1,Gamasa_suburb_south,en
قهوة ب لبن (كافيه -ماركت -مطعم ),,"4,8",18,,31.4324446,31.5171274,0x14f75d42d5856155:0xc742925fd5798d14,https://www.google.com/maps/place/%D9%82%D9%87%D9%88%D8%A9+%D8%A8+%D9%84%D8%A8%D9%86+%28%D9%83%D8%A7%D9%81%D9%8A%D9%87+-%D9%85%D8%A7%D8%B1%D9%83%D8%AA+-%D9%85%D8%B7%D8%B9%D9%85+%29%E2%80%AD/data=!4m7!3m6!1s0x14f75d42d5856155:0xc742925fd5798d14!8m2!3d31.4324446!4d31.5171274!16s%2Fg%2F11kj270ynp!19sChIJVWGF1UJd9xQRFI151V-SQsc?authuser=0&hl=ar&g_ep=EgoyMDI2MDkzMC4wIJJjKgBIAVAD&rclk=1,Gamasa_suburb_south,ar
مطعم وكافتيريا الصعيدي,,"3,6",89,,31.441265,31.5375705,0x14f759555110bd1d:0xe51c289f7b082f61,https://www.google.com/maps/place/%D9%85%D8%B7%D8%B9%D9%85+%D9%88%D9%83%D8%A7%D9%81%D8%AA%D9%8A%D8%B1%D9%8A%D8%A7+%D8%A7%D9%84%D8%B5%D8%B9%D9%8A%D8%AF%D9%8A%E2%80%AD/data=!4m7!3m6!1s0x14f759555110bd1d:0xe51c289f7b082f61!8m2!3d31.441265!4d31.5375705!16s%2Fg%2F11f102_fdl!19sChIJHb0QUVVZ9xQRYS8Ie58oHOU?authuser=0&hl=ar&g_ep=EgoyMDI2MDkzMC4wIJJjKgBIAVAD&rclk=1,Gamasa_suburb_south,ar
شادر ومطعم اسماك آل ناصر,,"4,0",90,,31.4397682,31.548128,0x14f759f145264cf5:0x48a58911a7f9efb8,https://www.google.com/maps/place/%D8%B4%D8%A7%D8%AF%D8%B1+%D9%88%D9%85%D8%B7%D8%B9%D9%85+%D8%A7%D8%B3%D9%85%D8%A7%D9%83+%D8%A7%D9%93%D9%84+%D9%86%D8%A7%D8%B5%D8%B1%E2%80%AD/data=!4m7!3m6!1s0x14f759f145264cf5:0x48a58911a7f9efb8!8m2!3d31.4397682!4d31.548128!16s%2Fg%2F11hkdn4flf!19sChIJ9UwmRfFZ9xQRuO_5pxGJpUg?authuser=0&hl=ar&g_ep=EgoyMDI2MDkzMC4wIJJjKgBIAVAD&rclk=1,Gamasa_suburb_south,ar
R2 playstation &cafe,,"4,5",4,,31.4408005,31.5346674,0x14f75d841fda3d35:0xc5925ffa8df5ed06,https://www.google.com/maps/place/R2+playstation+%26cafe/data=!4m7!3m6!1s0x14f75d841fda3d35:0xc5925ffa8df5ed06!8m2!3d31.4408005!4d31.5346674!16s%2Fg%2F11j8sp5dzk!19sChIJNT3aH4Rd9xQRBu31jfpfksU?authuser=0&hl=ar&g_ep=EgoyMDI2MDkzMC4wIJJjKgBIAVAD&rclk=1,Gamasa_suburb_south,ar
منتجع النخيل بجمصه,,"3,9",408,,31.4458365,31.5412398,0x14f759b4c5892007:0xbc6c7b87272eca7c,https://www.google.com/maps/place/%D9%85%D9%86%D8%AA%D8%AC%D8%B9+%D8%A7%D9%84%D9%86%D8%AE%D9%8A%D9%84+%D8%A8%D8%AC%D9%85%D8%B5%D9%87%E2%80%AD/data=!4m7!3m6!1s0x14f759b4c5892007:0xbc6c7b87272eca7c!8m2!3d31.4458365!4d31.5412398!16s%2Fg%2F11ssp538gy!19sChIJByCJxbRZ9xQRfMouJ4d7bLw?authuser=0&hl=ar&g_ep=EgoyMDI2MDkzMC4wIJJjKgBIAVAD&rclk=1,Gamasa_suburb_south,ar
مطعم وكافيه الأمل,,,,,31.4375772,31.540306,0x14f75f0047807195:0x90930a47adbb69f,https://www.google.com/maps/place/%D9%85%D8%B7%D8%B9%D9%85+%D9%88%D9%83%D8%A7%D9%81%D9%8A%D9%87+%D8%A7%D9%84%D8%A3%D9%85%D9%84%E2%80%AD/data=!4m7!3m6!1s0x14f75f0047807195:0x90930a47adbb69f!8m2!3d31.4375772!4d31.540306!16s%2Fg%2F11nqr88dsh!19sChIJlXGARwBf9xQRn7bbeqQwCQk?authuser=0&hl=ar&g_ep=EgoyMDI2MDkzMC4wIJJjKgBIAVAD&rclk=1,Gamasa_suburb_south,ar
كنتاكي,,"3,5",936,,31.4416642,31.5344986,0x14f75c007d47ea73:0xab691d2a3fba4d12,https://www.google.com/maps/place/%D9%83%D9%86%D8%AA%D8%A7%D9%83%D9%8A%E2%80%AD/data=!4m7!3m6!1s0x14f75c007d47ea73:0xab691d2a3fba4d12!8m2!3d31.4416642!4d31.5344986!16s%2Fg%2F11g8gl1n55!19sChIJc-pHfQBc9xQREk26Pyodaas?authuser=0&hl=ar&g_ep=EgoyMDI2MDkzMC4wIJJjKgBIAVAD&rclk=1,Gamasa_suburb_south,ar